"Date","Value"
"12/31/1996",0.6
"01/02/1997",0.6
"01/03/1997",0.61
"01/06/1997",0.61
"01/07/1997",0.61
"01/08/1997",0.6
"01/09/1997",0.62
"01/10/1997",0.73
"01/13/1997",0.61
"01/14/1997",0.61
"01/15/1997",0.61
"01/16/1997",0.6
"01/17/1997",0.6
"01/20/1997",0.6
"01/21/1997",0.61
"01/22/1997",0.6
"01/23/1997",0.6
"01/24/1997",0.6
"01/27/1997",0.6
"01/28/1997",0.6
"01/29/1997",0.6
"01/30/1997",0.6
"01/31/1997",0.61
"02/03/1997",0.61
"02/04/1997",0.61
"02/05/1997",0.6
"02/06/1997",0.6
"02/07/1997",0.61
"02/10/1997",0.6
"02/11/1997",0.6
"02/12/1997",0.6
"02/13/1997",0.6
"02/14/1997",0.59
"02/18/1997",0.59
"02/19/1997",0.6
"02/20/1997",0.59
"02/21/1997",0.59
"02/24/1997",0.59
"02/25/1997",0.59
"02/26/1997",0.59
"02/27/1997",0.59
"02/28/1997",0.59
"03/03/1997",0.57
"03/04/1997",0.56
"03/05/1997",0.56
"03/06/1997",0.56
"03/07/1997",0.57
"03/10/1997",0.56
"03/11/1997",0.56
"03/12/1997",0.57
"03/13/1997",0.57
"03/14/1997",0.57
"03/17/1997",0.57
"03/18/1997",0.57
"03/19/1997",0.56
"03/20/1997",0.57
"03/21/1997",0.57
"03/24/1997",0.56
"03/25/1997",0.57
"03/26/1997",0.56
"03/27/1997",0.56
"03/31/1997",0.57
"04/01/1997",0.58
"04/02/1997",0.58
"04/03/1997",0.58
"04/04/1997",0.58
"04/07/1997",0.59
"04/08/1997",0.59
"04/09/1997",0.58
"04/10/1997",0.58
"04/11/1997",0.58
"04/14/1997",0.58
"04/15/1997",0.58
"04/16/1997",0.58
"04/17/1997",0.58
"04/18/1997",0.58
"04/21/1997",0.58
"04/22/1997",0.6
"04/23/1997",0.6
"04/24/1997",0.59
"04/25/1997",0.59
"04/28/1997",0.6
"04/29/1997",0.61
"04/30/1997",0.59
"05/01/1997",0.59
"05/02/1997",0.59
"05/05/1997",0.59
"05/06/1997",0.59
"05/07/1997",0.59
"05/08/1997",0.59
"05/09/1997",0.59
"05/12/1997",0.59
"05/13/1997",0.59
"05/14/1997",0.57
"05/15/1997",0.59
"05/16/1997",0.58
"05/19/1997",0.59
"05/20/1997",0.59
"05/21/1997",0.59
"05/22/1997",0.58
"05/23/1997",0.59
"05/27/1997",0.59
"05/28/1997",0.59
"05/29/1997",0.59
"05/30/1997",0.6
"05/31/1997",0.61
"06/02/1997",0.6
"06/03/1997",0.59
"06/04/1997",0.59
"06/05/1997",0.59
"06/06/1997",0.59
"06/09/1997",0.58
"06/10/1997",0.58
"06/11/1997",0.58
"06/12/1997",0.58
"06/13/1997",0.57
"06/16/1997",0.57
"06/17/1997",0.57
"06/18/1997",0.57
"06/19/1997",0.57
"06/20/1997",0.57
"06/23/1997",0.57
"06/24/1997",0.57
"06/25/1997",0.57
"06/26/1997",0.57
"06/27/1997",0.57
"06/30/1997",0.58
"07/01/1997",0.58
"07/02/1997",0.57
"07/03/1997",0.58
"07/07/1997",0.57
"07/08/1997",0.57
"07/09/1997",0.57
"07/10/1997",0.57
"07/11/1997",0.57
"07/14/1997",0.56
"07/15/1997",0.57
"07/16/1997",0.57
"07/17/1997",0.57
"07/18/1997",0.56
"07/21/1997",0.56
"07/22/1997",0.57
"07/23/1997",0.55
"07/24/1997",0.56
"07/25/1997",0.56
"07/28/1997",0.56
"07/29/1997",0.55
"07/30/1997",0.55
"07/31/1997",0.56
"08/01/1997",0.56
"08/04/1997",0.56
"08/05/1997",0.56
"08/06/1997",0.57
"08/07/1997",0.55
"08/08/1997",0.55
"08/11/1997",0.56
"08/12/1997",0.56
"08/13/1997",0.57
"08/14/1997",0.57
"08/15/1997",0.57
"08/18/1997",0.57
"08/19/1997",0.57
"08/20/1997",0.57
"08/21/1997",0.57
"08/22/1997",0.56
"08/25/1997",0.57
"08/26/1997",0.57
"08/27/1997",0.57
"08/28/1997",0.58
"08/29/1997",0.57
"08/31/1997",0.57
"09/02/1997",0.58
"09/03/1997",0.58
"09/04/1997",0.57
"09/05/1997",0.58
"09/08/1997",0.58
"09/09/1997",0.58
"09/10/1997",0.58
"09/11/1997",0.58
"09/12/1997",0.59
"09/15/1997",0.58
"09/16/1997",0.58
"09/17/1997",0.58
"09/18/1997",0.57
"09/19/1997",0.57
"09/22/1997",0.57
"09/23/1997",0.57
"09/24/1997",0.57
"09/25/1997",0.57
"09/26/1997",0.57
"09/29/1997",0.57
"09/30/1997",0.54
"10/01/1997",0.55
"10/02/1997",0.54
"10/03/1997",0.53
"10/06/1997",0.55
"10/07/1997",0.54
"10/08/1997",0.54
"10/09/1997",0.54
"10/10/1997",0.64
"10/13/1997",0.64
"10/14/1997",0.54
"10/15/1997",0.54
"10/16/1997",0.54
"10/17/1997",0.55
"10/20/1997",0.55
"10/21/1997",0.55
"10/22/1997",0.55
"10/23/1997",0.57
"10/24/1997",0.57
"10/27/1997",0.6
"10/28/1997",0.59
"10/29/1997",0.59
"10/30/1997",0.59
"10/31/1997",0.67
"11/03/1997",0.68
"11/04/1997",0.68
"11/05/1997",0.69
"11/06/1997",0.7
"11/07/1997",0.69
"11/10/1997",0.69
"11/11/1997",0.69
"11/12/1997",0.69
"11/13/1997",0.7
"11/14/1997",0.7
"11/17/1997",0.7
"11/18/1997",0.71
"11/19/1997",0.7
"11/20/1997",0.71
"11/21/1997",0.7
"11/24/1997",0.71
"11/25/1997",0.71
"11/26/1997",0.71
"11/27/1997",0.71
"11/28/1997",0.72
"11/30/1997",0.72
"12/01/1997",0.72
"12/02/1997",0.72
"12/03/1997",0.72
"12/04/1997",0.72
"12/05/1997",0.72
"12/08/1997",0.73
"12/09/1997",0.73
"12/10/1997",0.73
"12/11/1997",0.72
"12/12/1997",0.73
"12/15/1997",0.75
"12/16/1997",0.75
"12/17/1997",0.75
"12/18/1997",0.75
"12/19/1997",0.73
"12/22/1997",0.76
"12/23/1997",0.77
"12/24/1997",0.77
"12/26/1997",0.76
"12/29/1997",0.76
"12/30/1997",0.77
"12/31/1997",0.7
"01/02/1998",0.71
"01/05/1998",0.71
"01/06/1998",0.72
"01/07/1998",0.71
"01/08/1998",0.71
"01/09/1998",0.72
"01/12/1998",0.72
"01/13/1998",0.73
"01/14/1998",0.73
"01/15/1998",0.72
"01/16/1998",0.73
"01/19/1998",0.73
"01/20/1998",0.73
"01/21/1998",0.74
"01/22/1998",0.73
"01/23/1998",0.73
"01/26/1998",0.74
"01/27/1998",0.73
"01/28/1998",0.75
"01/29/1998",0.75
"01/30/1998",0.77
"01/31/1998",0.78
"02/02/1998",0.78
"02/03/1998",0.77
"02/04/1998",0.78
"02/05/1998",0.77
"02/06/1998",0.78
"02/09/1998",0.78
"02/10/1998",0.78
"02/11/1998",0.78
"02/12/1998",0.77
"02/13/1998",0.77
"02/16/1998",0.76
"02/17/1998",0.72
"02/18/1998",0.76
"02/19/1998",0.76
"02/20/1998",0.76
"02/23/1998",0.76
"02/24/1998",0.76
"02/25/1998",0.76
"02/26/1998",0.76
"02/27/1998",0.75
"02/28/1998",0.76
"03/02/1998",0.74
"03/03/1998",0.74
"03/04/1998",0.74
"03/05/1998",0.74
"03/06/1998",0.74
"03/09/1998",0.73
"03/10/1998",0.74
"03/11/1998",0.74
"03/12/1998",0.74
"03/13/1998",0.73
"03/16/1998",0.73
"03/17/1998",0.73
"03/18/1998",0.73
"03/19/1998",0.73
"03/20/1998",0.73
"03/23/1998",0.73
"03/24/1998",0.72
"03/25/1998",0.73
"03/26/1998",0.73
"03/27/1998",0.73
"03/30/1998",0.72
"03/31/1998",0.72
"04/01/1998",0.72
"04/02/1998",0.72
"04/03/1998",0.74
"04/06/1998",0.73
"04/07/1998",0.74
"04/08/1998",0.72
"04/09/1998",0.73
"04/13/1998",0.72
"04/14/1998",0.72
"04/15/1998",0.72
"04/16/1998",0.72
"04/17/1998",0.72
"04/20/1998",0.73
"04/21/1998",0.74
"04/22/1998",0.74
"04/23/1998",0.72
"04/24/1998",0.72
"04/27/1998",0.72
"04/28/1998",0.72
"04/29/1998",0.72
"04/30/1998",0.72
"05/01/1998",0.71
"05/04/1998",0.71
"05/05/1998",0.72
"05/06/1998",0.72
"05/07/1998",0.72
"05/08/1998",0.72
"05/11/1998",0.71
"05/12/1998",0.72
"05/13/1998",0.72
"05/14/1998",0.71
"05/15/1998",0.7
"05/18/1998",0.71
"05/19/1998",0.7
"05/20/1998",0.71
"05/21/1998",0.71
"05/22/1998",0.71
"05/25/1998",0.71
"05/26/1998",0.7
"05/27/1998",0.7
"05/28/1998",0.7
"05/29/1998",0.7
"05/31/1998",0.71
"06/01/1998",0.72
"06/02/1998",0.72
"06/03/1998",0.72
"06/04/1998",0.72
"06/05/1998",0.72
"06/08/1998",0.72
"06/09/1998",0.72
"06/10/1998",0.72
"06/11/1998",0.73
"06/12/1998",0.73
"06/15/1998",0.73
"06/16/1998",0.73
"06/17/1998",0.73
"06/18/1998",0.72
"06/19/1998",0.73
"06/22/1998",0.72
"06/23/1998",0.73
"06/24/1998",0.73
"06/25/1998",0.73
"06/26/1998",0.73
"06/29/1998",0.73
"06/30/1998",0.75
"07/01/1998",0.77
"07/02/1998",0.77
"07/03/1998",0.77
"07/06/1998",0.76
"07/07/1998",0.76
"07/08/1998",0.76
"07/09/1998",0.76
"07/10/1998",0.79
"07/13/1998",0.79
"07/14/1998",0.8
"07/15/1998",0.79
"07/16/1998",0.79
"07/17/1998",0.8
"07/20/1998",0.81
"07/21/1998",0.82
"07/22/1998",0.83
"07/23/1998",0.84
"07/24/1998",0.86
"07/27/1998",0.76
"07/28/1998",0.74
"07/29/1998",0.77
"07/30/1998",0.79
"07/31/1998",0.82
"08/03/1998",0.81
"08/04/1998",0.81
"08/05/1998",0.81
"08/06/1998",0.82
"08/07/1998",0.81
"08/10/1998",0.82
"08/11/1998",0.82
"08/12/1998",0.83
"08/13/1998",0.82
"08/14/1998",0.83
"08/17/1998",0.83
"08/18/1998",0.84
"08/19/1998",0.84
"08/20/1998",0.85
"08/21/1998",0.86
"08/24/1998",0.87
"08/25/1998",0.87
"08/26/1998",0.88
"08/27/1998",0.89
"08/28/1998",1
"08/31/1998",1.27
"09/01/1998",1.25
"09/02/1998",1.26
"09/03/1998",1.26
"09/04/1998",1.26
"09/07/1998",1.25
"09/08/1998",1.23
"09/09/1998",1.25
"09/10/1998",1.26
"09/11/1998",1.26
"09/14/1998",1.25
"09/15/1998",1.24
"09/16/1998",1.26
"09/17/1998",1.25
"09/18/1998",1.25
"09/21/1998",1.24
"09/22/1998",1.25
"09/23/1998",1.26
"09/24/1998",1.27
"09/25/1998",1.27
"09/28/1998",1.27
"09/29/1998",1.3
"09/30/1998",1.32
"10/01/1998",1.32
"10/02/1998",1.35
"10/05/1998",1.36
"10/06/1998",1.35
"10/07/1998",1.35
"10/08/1998",1.34
"10/09/1998",1.36
"10/12/1998",1.37
"10/13/1998",1.38
"10/14/1998",1.39
"10/15/1998",1.41
"10/16/1998",1.4
"10/19/1998",1.41
"10/20/1998",1.41
"10/21/1998",1.41
"10/22/1998",1.4
"10/23/1998",1.37
"10/26/1998",1.4
"10/27/1998",1.39
"10/28/1998",1.4
"10/29/1998",1.43
"10/30/1998",1.46
"10/31/1998",1.48
"11/02/1998",1.46
"11/03/1998",1.47
"11/04/1998",1.47
"11/05/1998",1.44
"11/06/1998",1.43
"11/09/1998",1.42
"11/10/1998",1.41
"11/11/1998",1.41
"11/12/1998",1.41
"11/13/1998",1.42
"11/16/1998",1.41
"11/17/1998",1.39
"11/18/1998",1.4
"11/19/1998",1.4
"11/20/1998",1.39
"11/23/1998",1.38
"11/24/1998",1.36
"11/25/1998",1.33
"11/26/1998",1.33
"11/27/1998",1.32
"11/30/1998",1.23
"12/01/1998",1.23
"12/02/1998",1.23
"12/03/1998",1.22
"12/04/1998",1.23
"12/07/1998",1.21
"12/08/1998",1.21
"12/09/1998",1.2
"12/10/1998",1.21
"12/11/1998",1.22
"12/14/1998",1.25
"12/15/1998",1.25
"12/16/1998",1.25
"12/17/1998",1.24
"12/18/1998",1.23
"12/21/1998",1.23
"12/22/1998",1.24
"12/23/1998",1.24
"12/24/1998",1.25
"12/28/1998",1.29
"12/29/1998",1.33
"12/30/1998",1.47
"12/31/1998",1.19
"01/04/1999",1.2
"01/05/1999",1.21
"01/06/1999",1.21
"01/07/1999",1.2
"01/08/1999",1.16
"01/11/1999",1.14
"01/12/1999",1.16
"01/13/1999",1.17
"01/14/1999",1.16
"01/15/1999",1.17
"01/18/1999",1.18
"01/19/1999",1.16
"01/20/1999",1.17
"01/21/1999",1.19
"01/22/1999",1.18
"01/25/1999",1.17
"01/26/1999",1.18
"01/27/1999",1.19
"01/28/1999",1.18
"01/29/1999",1.15
"01/31/1999",1.16
"02/01/1999",1.16
"02/02/1999",1.15
"02/03/1999",1.16
"02/04/1999",1.17
"02/05/1999",1.14
"02/08/1999",1.14
"02/09/1999",1.17
"02/10/1999",1.12
"02/11/1999",1.12
"02/12/1999",1.14
"02/15/1999",1.13
"02/16/1999",1.13
"02/17/1999",1.12
"02/18/1999",1.09
"02/19/1999",1.1
"02/22/1999",1.12
"02/23/1999",1.1
"02/24/1999",1.11
"02/25/1999",1.08
"02/26/1999",1.08
"02/28/1999",1.09
"03/01/1999",1.08
"03/02/1999",1.09
"03/03/1999",1.06
"03/04/1999",1.07
"03/05/1999",1.07
"03/08/1999",1.06
"03/09/1999",1.06
"03/10/1999",1.06
"03/11/1999",1.05
"03/12/1999",1.06
"03/15/1999",1.04
"03/16/1999",1.04
"03/17/1999",1.03
"03/18/1999",1.03
"03/19/1999",1.02
"03/22/1999",1.02
"03/23/1999",1.04
"03/24/1999",1.03
"03/25/1999",1.02
"03/26/1999",1.02
"03/29/1999",1.02
"03/30/1999",1.02
"03/31/1999",1.07
"04/01/1999",1.03
"04/02/1999",1.03
"04/05/1999",1.04
"04/06/1999",1.04
"04/07/1999",1.04
"04/08/1999",1.04
"04/09/1999",1.05
"04/12/1999",1.04
"04/13/1999",1.05
"04/14/1999",1.04
"04/15/1999",1.04
"04/16/1999",1.03
"04/19/1999",1.02
"04/20/1999",1.03
"04/21/1999",1.03
"04/22/1999",1.03
"04/23/1999",1.03
"04/26/1999",1.04
"04/27/1999",1.04
"04/28/1999",1.04
"04/29/1999",1.05
"04/30/1999",1.07
"05/03/1999",1.04
"05/04/1999",1.04
"05/05/1999",1.04
"05/06/1999",1.03
"05/07/1999",1.03
"05/10/1999",1.02
"05/11/1999",1.02
"05/12/1999",1.02
"05/13/1999",1.02
"05/14/1999",1.02
"05/17/1999",1.01
"05/18/1999",0.96
"05/19/1999",1.02
"05/20/1999",1.05
"05/21/1999",1.04
"05/24/1999",1.03
"05/25/1999",1.06
"05/26/1999",1.05
"05/27/1999",1.05
"05/28/1999",1.08
"05/31/1999",1.09
"06/01/1999",1.09
"06/02/1999",1.08
"06/03/1999",1.09
"06/04/1999",1.09
"06/07/1999",1.1
"06/08/1999",1.1
"06/09/1999",1.09
"06/10/1999",1.09
"06/11/1999",1.09
"06/14/1999",1.1
"06/15/1999",1.1
"06/16/1999",1.1
"06/17/1999",1.1
"06/18/1999",1.1
"06/21/1999",1.1
"06/22/1999",1.1
"06/23/1999",1.1
"06/24/1999",1.1
"06/25/1999",1.09
"06/28/1999",1.09
"06/29/1999",1.09
"06/30/1999",1.15
"07/01/1999",1.14
"07/02/1999",1.13
"07/05/1999",1.13
"07/06/1999",1.13
"07/07/1999",1.14
"07/08/1999",1.14
"07/09/1999",1.14
"07/12/1999",1.14
"07/13/1999",1.13
"07/14/1999",1.13
"07/15/1999",1.13
"07/16/1999",1.13
"07/19/1999",1.13
"07/20/1999",1.13
"07/21/1999",1.13
"07/22/1999",1.13
"07/23/1999",1.13
"07/26/1999",1.16
"07/27/1999",1.17
"07/28/1999",1.16
"07/29/1999",1.16
"07/30/1999",1.21
"07/31/1999",1.21
"08/02/1999",1.21
"08/03/1999",1.2
"08/04/1999",1.21
"08/05/1999",1.22
"08/06/1999",1.21
"08/09/1999",1.23
"08/10/1999",1.24
"08/11/1999",1.23
"08/12/1999",1.23
"08/13/1999",1.24
"08/16/1999",1.23
"08/17/1999",1.23
"08/18/1999",1.24
"08/19/1999",1.24
"08/20/1999",1.24
"08/23/1999",1.23
"08/24/1999",1.23
"08/25/1999",1.24
"08/26/1999",1.25
"08/27/1999",1.24
"08/30/1999",1.24
"08/31/1999",1.28
"09/01/1999",1.28
"09/02/1999",1.29
"09/03/1999",1.28
"09/06/1999",1.27
"09/07/1999",1.28
"09/08/1999",1.28
"09/09/1999",1.27
"09/10/1999",1.27
"09/13/1999",1.26
"09/14/1999",1.26
"09/15/1999",1.25
"09/16/1999",1.25
"09/17/1999",1.25
"09/20/1999",1.25
"09/21/1999",1.25
"09/22/1999",1.25
"09/23/1999",1.24
"09/24/1999",1.26
"09/27/1999",1.26
"09/28/1999",1.25
"09/29/1999",1.25
"09/30/1999",1.21
"10/01/1999",1.21
"10/04/1999",1.19
"10/05/1999",1.29
"10/06/1999",1.23
"10/07/1999",1.21
"10/08/1999",1.22
"10/11/1999",1.2
"10/12/1999",1.19
"10/13/1999",1.23
"10/14/1999",1.19
"10/15/1999",1.14
"10/18/1999",1.2
"10/19/1999",1.24
"10/20/1999",1.17
"10/21/1999",1.22
"10/22/1999",1.19
"10/25/1999",1.14
"10/26/1999",1.19
"10/27/1999",1.16
"10/28/1999",1.19
"10/29/1999",1.17
"10/31/1999",1.17
"11/01/1999",1.21
"11/02/1999",1.21
"11/03/1999",1.21
"11/04/1999",1.21
"11/05/1999",1.22
"11/08/1999",1.2
"11/09/1999",1.2
"11/10/1999",1.2
"11/11/1999",1.22
"11/12/1999",1.2
"11/15/1999",1.21
"11/16/1999",1.19
"11/17/1999",1.21
"11/18/1999",1.21
"11/19/1999",1.21
"11/22/1999",1.2
"11/23/1999",1.2
"11/24/1999",1.2
"11/25/1999",1.2
"11/26/1999",1.19
"11/29/1999",1.17
"11/30/1999",1.17
"12/01/1999",1.17
"12/02/1999",1.17
"12/03/1999",1.17
"12/06/1999",1.16
"12/07/1999",1.17
"12/08/1999",1.16
"12/09/1999",1.17
"12/10/1999",1.17
"12/13/1999",1.18
"12/14/1999",1.17
"12/15/1999",1.17
"12/16/1999",1.16
"12/17/1999",1.16
"12/20/1999",1.15
"12/21/1999",1.15
"12/22/1999",1.15
"12/23/1999",1.15
"12/24/1999",1.15
"12/27/1999",1.15
"12/28/1999",1.14
"12/29/1999",1.12
"12/30/1999",1.12
"12/31/1999",1.16
"01/03/2000",1.16
"01/04/2000",1.16
"01/05/2000",1.18
"01/06/2000",1.18
"01/07/2000",1.2
"01/10/2000",1.18
"01/11/2000",1.17
"01/12/2000",1.16
"01/13/2000",1.18
"01/14/2000",1.19
"01/17/2000",1.2
"01/18/2000",1.19
"01/19/2000",1.19
"01/20/2000",1.18
"01/21/2000",1.19
"01/24/2000",1.19
"01/25/2000",1.18
"01/26/2000",1.18
"01/27/2000",1.18
"01/28/2000",1.17
"01/31/2000",1.22
"02/01/2000",1.21
"02/02/2000",1.19
"02/03/2000",1.2
"02/04/2000",1.17
"02/07/2000",1.18
"02/08/2000",1.19
"02/09/2000",1.2
"02/10/2000",1.21
"02/11/2000",1.21
"02/14/2000",1.21
"02/15/2000",1.21
"02/16/2000",1.21
"02/17/2000",1.2
"02/18/2000",1.21
"02/21/2000",1.21
"02/22/2000",1.22
"02/23/2000",1.21
"02/24/2000",1.22
"02/25/2000",1.22
"02/28/2000",1.26
"02/29/2000",1.29
"03/01/2000",1.3
"03/02/2000",1.31
"03/03/2000",1.32
"03/06/2000",1.32
"03/07/2000",1.32
"03/08/2000",1.32
"03/09/2000",1.32
"03/10/2000",1.31
"03/13/2000",1.33
"03/14/2000",1.34
"03/15/2000",1.34
"03/16/2000",1.34
"03/17/2000",1.34
"03/20/2000",1.34
"03/21/2000",1.35
"03/22/2000",1.35
"03/23/2000",1.34
"03/24/2000",1.34
"03/27/2000",1.35
"03/28/2000",1.37
"03/29/2000",1.37
"03/30/2000",1.45
"03/31/2000",1.48
"04/03/2000",1.48
"04/04/2000",1.49
"04/05/2000",1.49
"04/06/2000",1.49
"04/07/2000",1.51
"04/10/2000",1.53
"04/11/2000",1.55
"04/12/2000",1.54
"04/13/2000",1.55
"04/14/2000",1.57
"04/17/2000",1.55
"04/18/2000",1.55
"04/19/2000",1.55
"04/20/2000",1.56
"04/24/2000",1.54
"04/25/2000",1.55
"04/26/2000",1.57
"04/27/2000",1.59
"04/28/2000",1.63
"04/30/2000",1.61
"05/01/2000",1.62
"05/02/2000",1.62
"05/03/2000",1.62
"05/04/2000",1.61
"05/05/2000",1.61
"05/08/2000",1.62
"05/09/2000",1.63
"05/10/2000",1.64
"05/11/2000",1.64
"05/12/2000",1.65
"05/15/2000",1.66
"05/16/2000",1.68
"05/17/2000",1.69
"05/18/2000",1.68
"05/19/2000",1.68
"05/22/2000",1.68
"05/23/2000",1.69
"05/24/2000",1.69
"05/25/2000",1.74
"05/26/2000",1.73
"05/29/2000",1.74
"05/30/2000",1.74
"05/31/2000",1.77
"06/01/2000",1.77
"06/02/2000",1.78
"06/05/2000",1.75
"06/06/2000",1.75
"06/07/2000",1.72
"06/08/2000",1.73
"06/09/2000",1.72
"06/12/2000",1.72
"06/13/2000",1.71
"06/14/2000",1.71
"06/15/2000",1.7
"06/16/2000",1.7
"06/19/2000",1.69
"06/20/2000",1.69
"06/21/2000",1.68
"06/22/2000",1.69
"06/23/2000",1.68
"06/26/2000",1.69
"06/27/2000",1.69
"06/28/2000",1.69
"06/29/2000",1.69
"06/30/2000",1.71
"07/03/2000",1.71
"07/04/2000",1.71
"07/05/2000",1.71
"07/06/2000",1.71
"07/07/2000",1.71
"07/10/2000",1.71
"07/11/2000",1.7
"07/12/2000",1.7
"07/13/2000",1.7
"07/14/2000",1.69
"07/17/2000",1.68
"07/18/2000",1.67
"07/19/2000",1.67
"07/20/2000",1.68
"07/21/2000",1.67
"07/24/2000",1.68
"07/25/2000",1.68
"07/26/2000",1.65
"07/27/2000",1.67
"07/28/2000",1.66
"07/31/2000",1.69
"08/01/2000",1.68
"08/02/2000",1.69
"08/03/2000",1.69
"08/04/2000",1.69
"08/07/2000",1.69
"08/08/2000",1.68
"08/09/2000",1.68
"08/10/2000",1.69
"08/11/2000",1.69
"08/14/2000",1.68
"08/15/2000",1.68
"08/16/2000",1.68
"08/17/2000",1.68
"08/18/2000",1.69
"08/21/2000",1.7
"08/22/2000",1.71
"08/23/2000",1.71
"08/24/2000",1.72
"08/25/2000",1.71
"08/28/2000",1.72
"08/29/2000",1.71
"08/30/2000",1.71
"08/31/2000",1.72
"09/01/2000",1.72
"09/04/2000",1.72
"09/05/2000",1.72
"09/06/2000",1.72
"09/07/2000",1.72
"09/08/2000",1.72
"09/11/2000",1.72
"09/12/2000",1.71
"09/13/2000",1.71
"09/14/2000",1.72
"09/15/2000",1.7
"09/18/2000",1.7
"09/19/2000",1.69
"09/20/2000",1.68
"09/21/2000",1.68
"09/22/2000",1.69
"09/25/2000",1.67
"09/26/2000",1.69
"09/27/2000",1.67
"09/28/2000",1.65
"09/29/2000",1.65
"09/30/2000",1.66
"10/02/2000",1.66
"10/03/2000",1.66
"10/04/2000",1.67
"10/05/2000",1.68
"10/06/2000",1.68
"10/09/2000",1.69
"10/10/2000",1.71
"10/11/2000",1.72
"10/12/2000",1.74
"10/13/2000",1.76
"10/16/2000",1.76
"10/17/2000",1.79
"10/18/2000",1.81
"10/19/2000",1.8
"10/20/2000",1.81
"10/23/2000",1.83
"10/24/2000",1.83
"10/25/2000",1.82
"10/26/2000",1.83
"10/27/2000",1.84
"10/30/2000",1.87
"10/31/2000",1.89
"11/01/2000",1.88
"11/02/2000",1.88
"11/03/2000",1.87
"11/06/2000",1.86
"11/07/2000",1.86
"11/08/2000",1.86
"11/09/2000",1.86
"11/10/2000",1.87
"11/13/2000",1.87
"11/14/2000",1.86
"11/15/2000",1.87
"11/16/2000",1.87
"11/17/2000",1.88
"11/20/2000",1.9
"11/21/2000",1.9
"11/22/2000",1.92
"11/23/2000",1.92
"11/24/2000",1.92
"11/27/2000",1.94
"11/28/2000",1.95
"11/29/2000",1.96
"11/30/2000",1.99
"12/01/2000",1.99
"12/04/2000",2.01
"12/05/2000",2.03
"12/06/2000",2.02
"12/07/2000",2.04
"12/08/2000",2.04
"12/11/2000",2.02
"12/12/2000",2.02
"12/13/2000",2.02
"12/14/2000",2
"12/15/2000",1.99
"12/18/2000",1.99
"12/19/2000",1.99
"12/20/2000",1.98
"12/21/2000",1.99
"12/22/2000",2
"12/26/2000",2.02
"12/27/2000",2.02
"12/28/2000",2.03
"12/29/2000",2.03
"12/31/2000",2.02
"01/02/2001",2.04
"01/03/2001",2.02
"01/04/2001",2
"01/05/2001",2.01
"01/08/2001",1.99
"01/09/2001",1.96
"01/10/2001",1.95
"01/11/2001",1.94
"01/12/2001",1.94
"01/15/2001",1.93
"01/16/2001",1.94
"01/17/2001",1.94
"01/18/2001",1.93
"01/19/2001",1.91
"01/22/2001",1.89
"01/23/2001",1.82
"01/24/2001",1.85
"01/25/2001",1.83
"01/26/2001",1.84
"01/29/2001",1.83
"01/30/2001",1.79
"01/31/2001",1.76
"02/01/2001",1.74
"02/02/2001",1.74
"02/05/2001",1.75
"02/06/2001",1.76
"02/07/2001",1.76
"02/08/2001",1.76
"02/09/2001",1.77
"02/12/2001",1.78
"02/13/2001",1.77
"02/14/2001",1.77
"02/15/2001",1.78
"02/16/2001",1.78
"02/19/2001",1.78
"02/20/2001",1.78
"02/21/2001",1.78
"02/22/2001",1.8
"02/23/2001",1.81
"02/26/2001",1.82
"02/27/2001",1.81
"02/28/2001",1.81
"03/01/2001",1.78
"03/02/2001",1.79
"03/05/2001",1.78
"03/06/2001",1.78
"03/07/2001",1.77
"03/08/2001",1.76
"03/09/2001",1.76
"03/12/2001",1.77
"03/13/2001",1.78
"03/14/2001",1.79
"03/15/2001",1.79
"03/16/2001",1.78
"03/19/2001",1.77
"03/20/2001",1.78
"03/21/2001",1.78
"03/22/2001",1.79
"03/23/2001",1.8
"03/26/2001",1.79
"03/27/2001",1.78
"03/28/2001",1.8
"03/29/2001",1.79
"03/30/2001",1.78
"03/31/2001",1.77
"04/02/2001",1.77
"04/03/2001",1.8
"04/04/2001",1.83
"04/05/2001",1.89
"04/06/2001",1.81
"04/09/2001",1.82
"04/10/2001",1.82
"04/11/2001",1.81
"04/12/2001",1.81
"04/16/2001",1.81
"04/17/2001",1.81
"04/18/2001",1.82
"04/19/2001",1.79
"04/20/2001",1.78
"04/23/2001",1.79
"04/24/2001",1.78
"04/25/2001",1.78
"04/26/2001",1.79
"04/27/2001",1.79
"04/30/2001",1.63
"05/01/2001",1.61
"05/02/2001",1.6
"05/03/2001",1.61
"05/04/2001",1.63
"05/07/2001",1.62
"05/08/2001",1.62
"05/09/2001",1.62
"05/10/2001",1.62
"05/11/2001",1.61
"05/14/2001",1.61
"05/15/2001",1.59
"05/16/2001",1.57
"05/17/2001",1.55
"05/18/2001",1.57
"05/21/2001",1.56
"05/22/2001",1.56
"05/23/2001",1.56
"05/24/2001",1.55
"05/25/2001",1.55
"05/28/2001",1.55
"05/29/2001",1.54
"05/30/2001",1.53
"05/31/2001",1.55
"06/01/2001",1.53
"06/04/2001",1.53
"06/05/2001",1.51
"06/06/2001",1.51
"06/07/2001",1.51
"06/08/2001",1.51
"06/11/2001",1.51
"06/12/2001",1.51
"06/13/2001",1.51
"06/14/2001",1.51
"06/15/2001",1.52
"06/18/2001",1.54
"06/19/2001",1.54
"06/20/2001",1.56
"06/21/2001",1.56
"06/22/2001",1.56
"06/25/2001",1.55
"06/26/2001",1.55
"06/27/2001",1.54
"06/28/2001",1.54
"06/29/2001",1.55
"06/30/2001",1.55
"07/02/2001",1.56
"07/03/2001",1.52
"07/04/2001",1.52
"07/05/2001",1.55
"07/06/2001",1.55
"07/09/2001",1.53
"07/10/2001",1.54
"07/11/2001",1.54
"07/12/2001",1.55
"07/13/2001",1.54
"07/16/2001",1.54
"07/17/2001",1.54
"07/18/2001",1.54
"07/19/2001",1.54
"07/20/2001",1.53
"07/23/2001",1.51
"07/24/2001",1.51
"07/25/2001",1.51
"07/26/2001",1.51
"07/27/2001",1.51
"07/30/2001",1.5
"07/31/2001",1.5
"08/01/2001",1.49
"08/02/2001",1.49
"08/03/2001",1.49
"08/06/2001",1.49
"08/07/2001",1.49
"08/08/2001",1.49
"08/09/2001",1.49
"08/10/2001",1.49
"08/13/2001",1.5
"08/14/2001",1.5
"08/15/2001",1.51
"08/16/2001",1.52
"08/17/2001",1.53
"08/20/2001",1.54
"08/21/2001",1.55
"08/22/2001",1.53
"08/23/2001",1.53
"08/24/2001",1.53
"08/27/2001",1.53
"08/28/2001",1.52
"08/29/2001",1.52
"08/30/2001",1.52
"08/31/2001",1.53
"09/03/2001",1.53
"09/04/2001",1.53
"09/05/2001",1.55
"09/06/2001",1.56
"09/07/2001",1.57
"09/10/2001",1.59
"09/14/2001",1.8
"09/17/2001",1.83
"09/18/2001",1.88
"09/19/2001",1.82
"09/20/2001",1.84
"09/21/2001",1.87
"09/24/2001",2.03
"09/25/2001",1.88
"09/26/2001",1.88
"09/27/2001",1.9
"09/28/2001",1.85
"09/30/2001",1.85
"10/01/2001",1.85
"10/02/2001",1.85
"10/03/2001",1.85
"10/04/2001",1.84
"10/05/2001",1.84
"10/08/2001",1.84
"10/09/2001",1.85
"10/10/2001",1.86
"10/11/2001",1.85
"10/12/2001",1.84
"10/15/2001",1.84
"10/16/2001",1.85
"10/17/2001",1.83
"10/18/2001",1.84
"10/19/2001",1.83
"10/22/2001",1.83
"10/23/2001",1.83
"10/24/2001",1.84
"10/25/2001",1.85
"10/26/2001",1.86
"10/29/2001",1.87
"10/30/2001",1.89
"10/31/2001",1.93
"11/01/2001",1.93
"11/02/2001",1.94
"11/05/2001",1.94
"11/06/2001",1.92
"11/07/2001",1.93
"11/08/2001",1.92
"11/09/2001",1.91
"11/12/2001",1.9
"11/13/2001",1.89
"11/14/2001",1.86
"11/15/2001",1.83
"11/16/2001",1.81
"11/19/2001",1.8
"11/20/2001",1.8
"11/21/2001",1.78
"11/22/2001",1.78
"11/23/2001",1.74
"11/26/2001",1.73
"11/27/2001",1.7
"11/28/2001",1.71
"11/29/2001",1.71
"11/30/2001",1.71
"12/03/2001",1.74
"12/04/2001",1.74
"12/05/2001",1.72
"12/06/2001",1.68
"12/07/2001",1.67
"12/10/2001",1.69
"12/11/2001",1.72
"12/12/2001",1.72
"12/13/2001",1.73
"12/14/2001",1.72
"12/17/2001",1.62
"12/18/2001",1.73
"12/19/2001",1.73
"12/20/2001",1.72
"12/21/2001",1.7
"12/24/2001",1.7
"12/26/2001",1.69
"12/27/2001",1.68
"12/28/2001",1.68
"12/31/2001",1.65
"01/02/2002",1.64
"01/03/2002",1.63
"01/04/2002",1.62
"01/07/2002",1.63
"01/08/2002",1.64
"01/09/2002",1.64
"01/10/2002",1.65
"01/11/2002",1.65
"01/14/2002",1.65
"01/15/2002",1.65
"01/16/2002",1.66
"01/17/2002",1.67
"01/18/2002",1.65
"01/21/2002",1.65
"01/22/2002",1.65
"01/23/2002",1.65
"01/24/2002",1.62
"01/25/2002",1.62
"01/28/2002",1.61
"01/29/2002",1.64
"01/30/2002",1.72
"01/31/2002",1.71
"02/01/2002",1.71
"02/04/2002",1.76
"02/05/2002",1.83
"02/06/2002",1.87
"02/07/2002",1.87
"02/08/2002",1.83
"02/11/2002",1.85
"02/12/2002",1.83
"02/13/2002",1.83
"02/14/2002",1.81
"02/15/2002",1.84
"02/18/2002",1.84
"02/19/2002",1.86
"02/20/2002",1.87
"02/21/2002",1.86
"02/22/2002",1.87
"02/25/2002",1.84
"02/26/2002",1.82
"02/27/2002",1.82
"02/28/2002",1.81
"03/01/2002",1.78
"03/04/2002",1.78
"03/05/2002",1.77
"03/06/2002",1.76
"03/07/2002",1.73
"03/08/2002",1.71
"03/11/2002",1.7
"03/12/2002",1.71
"03/13/2002",1.72
"03/14/2002",1.7
"03/15/2002",1.69
"03/18/2002",1.7
"03/19/2002",1.7
"03/20/2002",1.69
"03/21/2002",1.69
"03/22/2002",1.68
"03/25/2002",1.68
"03/26/2002",1.69
"03/27/2002",1.7
"03/28/2002",1.71
"03/31/2002",1.71
"04/01/2002",1.7
"04/02/2002",1.71
"04/03/2002",1.7
"04/04/2002",1.71
"04/05/2002",1.72
"04/08/2002",1.72
"04/09/2002",1.72
"04/10/2002",1.72
"04/11/2002",1.75
"04/12/2002",1.74
"04/15/2002",1.74
"04/16/2002",1.75
"04/17/2002",1.72
"04/18/2002",1.7
"04/19/2002",1.71
"04/22/2002",1.75
"04/23/2002",1.78
"04/24/2002",1.79
"04/25/2002",1.81
"04/26/2002",1.82
"04/29/2002",1.87
"04/30/2002",1.88
"05/01/2002",1.92
"05/02/2002",1.92
"05/03/2002",1.9
"05/06/2002",1.91
"05/07/2002",1.92
"05/08/2002",1.89
"05/09/2002",1.89
"05/10/2002",1.89
"05/13/2002",1.89
"05/14/2002",1.89
"05/15/2002",1.88
"05/16/2002",1.89
"05/17/2002",1.88
"05/20/2002",1.88
"05/21/2002",1.87
"05/22/2002",1.87
"05/23/2002",1.86
"05/24/2002",1.84
"05/27/2002",1.84
"05/28/2002",1.83
"05/29/2002",1.82
"05/30/2002",1.83
"05/31/2002",1.62
"06/03/2002",1.63
"06/04/2002",1.62
"06/05/2002",1.61
"06/06/2002",1.62
"06/07/2002",1.64
"06/10/2002",1.64
"06/11/2002",1.66
"06/12/2002",1.68
"06/13/2002",1.67
"06/14/2002",1.69
"06/17/2002",1.68
"06/18/2002",1.68
"06/19/2002",1.7
"06/20/2002",1.72
"06/21/2002",1.73
"06/24/2002",1.76
"06/25/2002",1.76
"06/26/2002",1.86
"06/27/2002",1.86
"06/28/2002",1.9
"06/30/2002",1.87
"07/01/2002",1.85
"07/02/2002",1.9
"07/03/2002",1.92
"07/04/2002",1.92
"07/05/2002",1.89
"07/08/2002",1.89
"07/09/2002",1.88
"07/10/2002",1.88
"07/11/2002",1.92
"07/12/2002",1.92
"07/15/2002",1.96
"07/16/2002",1.97
"07/17/2002",2
"07/18/2002",1.98
"07/19/2002",2.03
"07/22/2002",2.07
"07/23/2002",2.14
"07/24/2002",2.3
"07/25/2002",2.3
"07/26/2002",2.38
"07/29/2002",2.38
"07/30/2002",2.37
"07/31/2002",2.27
"08/01/2002",2.26
"08/02/2002",2.29
"08/05/2002",2.38
"08/06/2002",2.4
"08/07/2002",2.38
"08/08/2002",2.38
"08/09/2002",2.41
"08/12/2002",2.42
"08/13/2002",2.44
"08/14/2002",2.41
"08/15/2002",2.38
"08/16/2002",2.36
"08/19/2002",2.34
"08/20/2002",2.29
"08/21/2002",2.27
"08/22/2002",2.25
"08/23/2002",2.24
"08/26/2002",2.23
"08/27/2002",2.22
"08/28/2002",2.22
"08/29/2002",2.23
"08/30/2002",2.22
"08/31/2002",2.22
"09/02/2002",2.22
"09/03/2002",2.27
"09/04/2002",2.28
"09/05/2002",2.29
"09/06/2002",2.28
"09/09/2002",2.28
"09/10/2002",2.26
"09/11/2002",2.26
"09/12/2002",2.24
"09/13/2002",2.23
"09/16/2002",2.21
"09/17/2002",2.2
"09/18/2002",2.21
"09/19/2002",2.23
"09/20/2002",2.26
"09/23/2002",2.29
"09/24/2002",2.35
"09/25/2002",2.33
"09/26/2002",2.32
"09/27/2002",2.33
"09/30/2002",2.37
"10/01/2002",2.36
"10/02/2002",2.35
"10/03/2002",2.37
"10/04/2002",2.42
"10/07/2002",2.47
"10/08/2002",2.57
"10/09/2002",2.67
"10/10/2002",2.72
"10/11/2002",2.65
"10/14/2002",2.65
"10/15/2002",2.59
"10/16/2002",2.62
"10/17/2002",2.61
"10/18/2002",2.62
"10/21/2002",2.6
"10/22/2002",2.59
"10/23/2002",2.6
"10/24/2002",2.58
"10/25/2002",2.57
"10/28/2002",2.54
"10/29/2002",2.55
"10/30/2002",2.55
"10/31/2002",2.46
"11/01/2002",2.45
"11/04/2002",2.41
"11/05/2002",2.38
"11/06/2002",2.32
"11/07/2002",2.28
"11/08/2002",2.3
"11/11/2002",2.3
"11/12/2002",2.3
"11/13/2002",2.3
"11/14/2002",2.22
"11/15/2002",2.18
"11/18/2002",2.12
"11/19/2002",2.1
"11/20/2002",2.06
"11/21/2002",2.01
"11/22/2002",2
"11/25/2002",2
"11/26/2002",2.02
"11/27/2002",1.98
"11/28/2002",1.98
"11/29/2002",2
"11/30/2002",1.98
"12/02/2002",1.93
"12/03/2002",1.95
"12/04/2002",1.97
"12/05/2002",1.97
"12/06/2002",1.97
"12/09/2002",1.98
"12/10/2002",1.99
"12/11/2002",1.97
"12/12/2002",1.96
"12/13/2002",1.96
"12/16/2002",1.93
"12/17/2002",1.9
"12/18/2002",1.9
"12/19/2002",1.9
"12/20/2002",1.89
"12/23/2002",1.9
"12/24/2002",1.9
"12/26/2002",1.9
"12/27/2002",1.9
"12/30/2002",1.89
"12/31/2002",1.88
"01/02/2003",1.86
"01/03/2003",1.85
"01/06/2003",1.82
"01/07/2003",1.81
"01/08/2003",1.8
"01/09/2003",1.77
"01/10/2003",1.75
"01/13/2003",1.73
"01/14/2003",1.73
"01/15/2003",1.73
"01/16/2003",1.74
"01/17/2003",1.75
"01/20/2003",1.75
"01/21/2003",1.75
"01/22/2003",1.77
"01/23/2003",1.75
"01/24/2003",1.76
"01/27/2003",1.76
"01/28/2003",1.75
"01/29/2003",1.75
"01/30/2003",1.74
"01/31/2003",1.74
"02/03/2003",1.71
"02/04/2003",1.71
"02/05/2003",1.69
"02/06/2003",1.7
"02/07/2003",1.7
"02/10/2003",1.69
"02/11/2003",1.69
"02/12/2003",1.69
"02/13/2003",1.72
"02/14/2003",1.71
"02/17/2003",1.7
"02/18/2003",1.7
"02/19/2003",1.7
"02/20/2003",1.69
"02/21/2003",1.68
"02/24/2003",1.67
"02/25/2003",1.69
"02/26/2003",1.68
"02/27/2003",1.67
"02/28/2003",1.66
"03/03/2003",1.63
"03/04/2003",1.64
"03/05/2003",1.67
"03/06/2003",1.67
"03/07/2003",1.69
"03/10/2003",1.7
"03/11/2003",1.7
"03/12/2003",1.71
"03/13/2003",1.68
"03/14/2003",1.68
"03/17/2003",1.67
"03/18/2003",1.66
"03/19/2003",1.65
"03/20/2003",1.65
"03/21/2003",1.62
"03/24/2003",1.62
"03/25/2003",1.62
"03/26/2003",1.6
"03/27/2003",1.59
"03/28/2003",1.58
"03/31/2003",1.58
"04/01/2003",1.57
"04/02/2003",1.56
"04/03/2003",1.54
"04/04/2003",1.55
"04/07/2003",1.53
"04/08/2003",1.54
"04/09/2003",1.54
"04/10/2003",1.54
"04/11/2003",1.53
"04/14/2003",1.53
"04/15/2003",1.5
"04/16/2003",1.47
"04/17/2003",1.45
"04/21/2003",1.43
"04/22/2003",1.41
"04/23/2003",1.39
"04/24/2003",1.38
"04/25/2003",1.37
"04/28/2003",1.36
"04/29/2003",1.35
"04/30/2003",1.34
"05/01/2003",1.33
"05/02/2003",1.3
"05/05/2003",1.29
"05/06/2003",1.28
"05/07/2003",1.28
"05/08/2003",1.28
"05/09/2003",1.29
"05/12/2003",1.29
"05/13/2003",1.31
"05/14/2003",1.32
"05/15/2003",1.33
"05/16/2003",1.33
"05/19/2003",1.33
"05/20/2003",1.35
"05/21/2003",1.36
"05/22/2003",1.36
"05/23/2003",1.34
"05/26/2003",1.34
"05/27/2003",1.33
"05/28/2003",1.33
"05/29/2003",1.32
"05/30/2003",1.32
"05/31/2003",1.32
"06/02/2003",1.31
"06/03/2003",1.32
"06/04/2003",1.32
"06/05/2003",1.31
"06/06/2003",1.3
"06/09/2003",1.29
"06/10/2003",1.29
"06/11/2003",1.28
"06/12/2003",1.28
"06/13/2003",1.27
"06/16/2003",1.25
"06/17/2003",1.23
"06/18/2003",1.23
"06/19/2003",1.23
"06/20/2003",1.23
"06/23/2003",1.24
"06/24/2003",1.24
"06/25/2003",1.23
"06/26/2003",1.23
"06/27/2003",1.22
"06/30/2003",1.23
"07/01/2003",1.24
"07/02/2003",1.24
"07/03/2003",1.23
"07/04/2003",1.23
"07/07/2003",1.22
"07/08/2003",1.21
"07/09/2003",1.21
"07/10/2003",1.21
"07/11/2003",1.22
"07/14/2003",1.2
"07/15/2003",1.19
"07/16/2003",1.19
"07/17/2003",1.18
"07/18/2003",1.18
"07/21/2003",1.17
"07/22/2003",1.16
"07/23/2003",1.17
"07/24/2003",1.15
"07/25/2003",1.15
"07/28/2003",1.16
"07/29/2003",1.15
"07/30/2003",1.17
"07/31/2003",1.19
"08/01/2003",1.2
"08/04/2003",1.2
"08/05/2003",1.21
"08/06/2003",1.23
"08/07/2003",1.23
"08/08/2003",1.22
"08/11/2003",1.22
"08/12/2003",1.23
"08/13/2003",1.24
"08/14/2003",1.24
"08/15/2003",1.23
"08/18/2003",1.23
"08/19/2003",1.22
"08/20/2003",1.21
"08/21/2003",1.19
"08/22/2003",1.19
"08/25/2003",1.18
"08/26/2003",1.18
"08/27/2003",1.18
"08/28/2003",1.18
"08/29/2003",1.17
"08/31/2003",1.18
"09/01/2003",1.18
"09/02/2003",1.15
"09/03/2003",1.15
"09/04/2003",1.17
"09/05/2003",1.17
"09/08/2003",1.17
"09/09/2003",1.17
"09/10/2003",1.17
"09/11/2003",1.16
"09/12/2003",1.16
"09/15/2003",1.15
"09/16/2003",1.15
"09/17/2003",1.15
"09/18/2003",1.13
"09/19/2003",1.12
"09/22/2003",1.12
"09/23/2003",1.13
"09/24/2003",1.13
"09/25/2003",1.12
"09/26/2003",1.12
"09/29/2003",1.13
"09/30/2003",1.13
"10/01/2003",1.13
"10/02/2003",1.12
"10/03/2003",1.11
"10/06/2003",1.12
"10/07/2003",1.11
"10/08/2003",1.11
"10/09/2003",1.1
"10/10/2003",1.09
"10/13/2003",1.09
"10/14/2003",1.09
"10/15/2003",1.07
"10/16/2003",1.06
"10/17/2003",1.05
"10/20/2003",1.03
"10/21/2003",1.05
"10/22/2003",1.06
"10/23/2003",1.07
"10/24/2003",1.07
"10/27/2003",1.06
"10/28/2003",1.06
"10/29/2003",1.06
"10/30/2003",1.05
"10/31/2003",1.05
"11/03/2003",1.06
"11/04/2003",1.06
"11/05/2003",1.07
"11/06/2003",1.07
"11/07/2003",1.06
"11/10/2003",1.06
"11/11/2003",1.05
"11/12/2003",1.03
"11/13/2003",1.03
"11/14/2003",1.03
"11/17/2003",1.02
"11/18/2003",1.02
"11/19/2003",1.03
"11/20/2003",1.03
"11/21/2003",1.03
"11/24/2003",1.02
"11/25/2003",1.02
"11/26/2003",1.01
"11/27/2003",1.01
"11/28/2003",1.01
"11/30/2003",1.01
"12/01/2003",1
"12/02/2003",0.99
"12/03/2003",0.99
"12/04/2003",0.98
"12/05/2003",0.99
"12/08/2003",0.98
"12/09/2003",0.97
"12/10/2003",0.97
"12/11/2003",0.99
"12/12/2003",0.99
"12/15/2003",0.97
"12/16/2003",0.98
"12/17/2003",0.98
"12/18/2003",0.97
"12/19/2003",0.96
"12/22/2003",0.96
"12/23/2003",0.96
"12/24/2003",0.97
"12/26/2003",0.96
"12/29/2003",0.95
"12/30/2003",0.96
"12/31/2003",0.95
"01/02/2004",0.94
"01/05/2004",0.93
"01/06/2004",0.93
"01/07/2004",0.93
"01/08/2004",0.93
"01/09/2004",0.93
"01/12/2004",0.94
"01/13/2004",0.93
"01/14/2004",0.94
"01/15/2004",0.93
"01/16/2004",0.93
"01/19/2004",0.92
"01/20/2004",0.92
"01/21/2004",0.92
"01/22/2004",0.92
"01/23/2004",0.91
"01/26/2004",0.91
"01/27/2004",0.92
"01/28/2004",0.91
"01/29/2004",0.92
"01/30/2004",0.92
"01/31/2004",0.93
"02/02/2004",0.93
"02/03/2004",0.94
"02/04/2004",0.94
"02/05/2004",0.94
"02/06/2004",0.94
"02/09/2004",0.93
"02/10/2004",0.93
"02/11/2004",0.95
"02/12/2004",0.94
"02/13/2004",0.94
"02/16/2004",0.94
"02/17/2004",0.94
"02/18/2004",0.94
"02/19/2004",0.94
"02/20/2004",0.95
"02/23/2004",0.94
"02/24/2004",0.95
"02/25/2004",0.96
"02/26/2004",0.95
"02/27/2004",0.95
"02/29/2004",0.96
"03/01/2004",0.95
"03/02/2004",0.94
"03/03/2004",0.95
"03/04/2004",0.95
"03/05/2004",0.95
"03/08/2004",0.95
"03/09/2004",0.95
"03/10/2004",0.96
"03/11/2004",0.97
"03/12/2004",0.96
"03/15/2004",0.96
"03/16/2004",0.97
"03/17/2004",0.97
"03/18/2004",0.96
"03/19/2004",0.96
"03/22/2004",0.97
"03/23/2004",0.96
"03/24/2004",0.98
"03/25/2004",0.97
"03/26/2004",0.97
"03/29/2004",0.96
"03/30/2004",0.95
"03/31/2004",0.96
"04/01/2004",0.96
"04/02/2004",0.94
"04/05/2004",0.94
"04/06/2004",0.94
"04/07/2004",0.94
"04/08/2004",0.93
"04/12/2004",0.92
"04/13/2004",0.91
"04/14/2004",0.92
"04/15/2004",0.9
"04/16/2004",0.9
"04/19/2004",0.94
"04/20/2004",0.94
"04/21/2004",0.91
"04/22/2004",0.91
"04/23/2004",0.87
"04/26/2004",0.89
"04/27/2004",0.89
"04/28/2004",0.9
"04/29/2004",0.91
"04/30/2004",0.91
"05/03/2004",0.91
"05/04/2004",0.92
"05/05/2004",0.93
"05/06/2004",0.95
"05/07/2004",0.94
"05/10/2004",0.97
"05/11/2004",0.97
"05/12/2004",0.98
"05/13/2004",0.98
"05/14/2004",0.98
"05/17/2004",0.99
"05/18/2004",0.98
"05/19/2004",0.98
"05/20/2004",0.98
"05/21/2004",0.98
"05/24/2004",0.98
"05/25/2004",0.98
"05/26/2004",0.99
"05/27/2004",0.98
"05/28/2004",0.97
"05/31/2004",0.98
"06/01/2004",0.99
"06/02/2004",0.99
"06/03/2004",1
"06/04/2004",0.99
"06/07/2004",0.99
"06/08/2004",0.98
"06/09/2004",0.98
"06/10/2004",0.98
"06/11/2004",0.98
"06/14/2004",0.98
"06/15/2004",0.98
"06/16/2004",0.98
"06/17/2004",0.97
"06/18/2004",0.97
"06/21/2004",0.97
"06/22/2004",0.97
"06/23/2004",0.97
"06/24/2004",0.97
"06/25/2004",0.98
"06/28/2004",0.97
"06/29/2004",0.98
"06/30/2004",0.99
"07/01/2004",1
"07/02/2004",1
"07/05/2004",1
"07/06/2004",0.99
"07/07/2004",1
"07/08/2004",1
"07/09/2004",1
"07/12/2004",0.99
"07/13/2004",0.99
"07/14/2004",0.99
"07/15/2004",0.98
"07/16/2004",0.98
"07/19/2004",0.97
"07/20/2004",0.96
"07/21/2004",0.97
"07/22/2004",0.97
"07/23/2004",0.97
"07/26/2004",0.96
"07/27/2004",0.96
"07/28/2004",0.96
"07/29/2004",0.96
"07/30/2004",0.96
"07/31/2004",0.96
"08/02/2004",0.99
"08/03/2004",0.99
"08/04/2004",0.99
"08/05/2004",0.99
"08/06/2004",1
"08/09/2004",0.99
"08/10/2004",0.99
"08/11/2004",0.99
"08/12/2004",0.99
"08/13/2004",0.99
"08/16/2004",0.99
"08/17/2004",0.99
"08/18/2004",0.98
"08/19/2004",0.98
"08/20/2004",0.98
"08/23/2004",0.98
"08/24/2004",0.97
"08/25/2004",0.97
"08/26/2004",0.97
"08/27/2004",0.96
"08/30/2004",0.96
"08/31/2004",0.95
"09/01/2004",0.96
"09/02/2004",0.95
"09/03/2004",0.94
"09/06/2004",0.94
"09/07/2004",0.94
"09/08/2004",0.94
"09/09/2004",0.94
"09/10/2004",0.94
"09/13/2004",0.93
"09/14/2004",0.93
"09/15/2004",0.93
"09/16/2004",0.93
"09/17/2004",0.92
"09/20/2004",0.92
"09/21/2004",0.91
"09/22/2004",0.92
"09/23/2004",0.91
"09/24/2004",0.92
"09/27/2004",0.92
"09/28/2004",0.92
"09/29/2004",0.92
"09/30/2004",0.92
"10/01/2004",0.91
"10/04/2004",0.91
"10/05/2004",0.91
"10/06/2004",0.91
"10/07/2004",0.91
"10/08/2004",0.91
"10/11/2004",0.91
"10/12/2004",0.9
"10/13/2004",0.91
"10/14/2004",0.91
"10/15/2004",0.91
"10/18/2004",0.91
"10/19/2004",0.91
"10/20/2004",0.93
"10/21/2004",0.93
"10/22/2004",0.93
"10/25/2004",0.93
"10/26/2004",0.93
"10/27/2004",0.92
"10/28/2004",0.92
"10/29/2004",0.91
"10/31/2004",0.91
"11/01/2004",0.92
"11/02/2004",0.91
"11/03/2004",0.91
"11/04/2004",0.9
"11/05/2004",0.89
"11/08/2004",0.89
"11/09/2004",0.89
"11/10/2004",0.89
"11/11/2004",0.89
"11/12/2004",0.88
"11/15/2004",0.88
"11/16/2004",0.88
"11/17/2004",0.88
"11/18/2004",0.87
"11/19/2004",0.87
"11/22/2004",0.87
"11/23/2004",0.86
"11/24/2004",0.86
"11/25/2004",0.85
"11/26/2004",0.86
"11/29/2004",0.85
"11/30/2004",0.86
"12/01/2004",0.86
"12/02/2004",0.85
"12/03/2004",0.86
"12/06/2004",0.85
"12/07/2004",0.85
"12/08/2004",0.85
"12/09/2004",0.85
"12/10/2004",0.85
"12/13/2004",0.85
"12/14/2004",0.85
"12/15/2004",0.84
"12/16/2004",0.84
"12/17/2004",0.84
"12/20/2004",0.84
"12/21/2004",0.83
"12/22/2004",0.84
"12/23/2004",0.84
"12/27/2004",0.83
"12/28/2004",0.83
"12/29/2004",0.83
"12/30/2004",0.82
"12/31/2004",0.83
"01/03/2005",0.83
"01/04/2005",0.83
"01/05/2005",0.84
"01/06/2005",0.84
"01/07/2005",0.84
"01/10/2005",0.84
"01/11/2005",0.84
"01/12/2005",0.84
"01/13/2005",0.85
"01/14/2005",0.85
"01/17/2005",0.84
"01/18/2005",0.84
"01/19/2005",0.85
"01/20/2005",0.87
"01/21/2005",0.87
"01/24/2005",0.86
"01/25/2005",0.85
"01/26/2005",0.84
"01/27/2005",0.84
"01/28/2005",0.84
"01/31/2005",0.85
"02/01/2005",0.85
"02/02/2005",0.84
"02/03/2005",0.84
"02/04/2005",0.83
"02/07/2005",0.82
"02/08/2005",0.82
"02/09/2005",0.84
"02/10/2005",0.84
"02/11/2005",0.84
"02/14/2005",0.83
"02/15/2005",0.84
"02/16/2005",0.83
"02/17/2005",0.83
"02/18/2005",0.82
"02/21/2005",0.82
"02/22/2005",0.82
"02/23/2005",0.82
"02/24/2005",0.81
"02/25/2005",0.81
"02/28/2005",0.81
"03/01/2005",0.8
"03/02/2005",0.79
"03/03/2005",0.8
"03/04/2005",0.79
"03/07/2005",0.79
"03/08/2005",0.79
"03/09/2005",0.79
"03/10/2005",0.79
"03/11/2005",0.79
"03/14/2005",0.79
"03/15/2005",0.8
"03/16/2005",0.83
"03/17/2005",0.84
"03/18/2005",0.84
"03/21/2005",0.86
"03/22/2005",0.87
"03/23/2005",0.88
"03/24/2005",0.88
"03/28/2005",0.88
"03/29/2005",0.89
"03/30/2005",0.91
"03/31/2005",0.93
"04/01/2005",0.93
"04/04/2005",0.95
"04/05/2005",0.94
"04/06/2005",0.94
"04/07/2005",0.94
"04/08/2005",0.94
"04/11/2005",0.97
"04/12/2005",0.96
"04/13/2005",0.98
"04/14/2005",1
"04/15/2005",1.02
"04/18/2005",1.04
"04/19/2005",1.04
"04/20/2005",1.02
"04/21/2005",1
"04/22/2005",0.99
"04/25/2005",1
"04/26/2005",1
"04/27/2005",1
"04/28/2005",1.01
"04/29/2005",1.02
"04/30/2005",1.02
"05/02/2005",1.03
"05/03/2005",1.03
"05/04/2005",1.03
"05/05/2005",1.05
"05/06/2005",1.07
"05/09/2005",1.06
"05/10/2005",1.06
"05/11/2005",1.07
"05/12/2005",1.08
"05/13/2005",1.1
"05/16/2005",1.1
"05/17/2005",1.11
"05/18/2005",1.11
"05/19/2005",1.1
"05/20/2005",1.09
"05/23/2005",1.08
"05/24/2005",1.09
"05/25/2005",1.08
"05/26/2005",1.07
"05/27/2005",1.05
"05/30/2005",1.05
"05/31/2005",0.97
"06/01/2005",0.97
"06/02/2005",0.95
"06/03/2005",0.95
"06/06/2005",0.95
"06/07/2005",0.95
"06/08/2005",0.95
"06/09/2005",0.96
"06/10/2005",0.96
"06/13/2005",0.95
"06/14/2005",0.95
"06/15/2005",0.94
"06/16/2005",0.95
"06/17/2005",0.94
"06/20/2005",0.94
"06/21/2005",0.94
"06/22/2005",0.95
"06/23/2005",0.96
"06/24/2005",0.96
"06/27/2005",0.96
"06/28/2005",0.95
"06/29/2005",0.95
"06/30/2005",0.95
"07/01/2005",0.95
"07/04/2005",0.95
"07/05/2005",0.94
"07/06/2005",0.95
"07/07/2005",0.94
"07/08/2005",0.94
"07/11/2005",0.93
"07/12/2005",0.92
"07/13/2005",0.92
"07/14/2005",0.91
"07/15/2005",0.91
"07/18/2005",0.9
"07/19/2005",0.9
"07/20/2005",0.9
"07/21/2005",0.89
"07/22/2005",0.89
"07/25/2005",0.88
"07/26/2005",0.88
"07/27/2005",0.88
"07/28/2005",0.88
"07/29/2005",0.87
"07/31/2005",0.88
"08/01/2005",0.88
"08/02/2005",0.88
"08/03/2005",0.88
"08/04/2005",0.88
"08/05/2005",0.88
"08/08/2005",0.88
"08/09/2005",0.88
"08/10/2005",0.88
"08/11/2005",0.89
"08/12/2005",0.89
"08/15/2005",0.88
"08/16/2005",0.88
"08/17/2005",0.88
"08/18/2005",0.88
"08/19/2005",0.88
"08/22/2005",0.88
"08/23/2005",0.88
"08/24/2005",0.88
"08/25/2005",0.88
"08/26/2005",0.87
"08/29/2005",0.87
"08/30/2005",0.88
"08/31/2005",0.88
"09/01/2005",0.89
"09/02/2005",0.89
"09/05/2005",0.89
"09/06/2005",0.89
"09/07/2005",0.89
"09/08/2005",0.89
"09/09/2005",0.89
"09/12/2005",0.89
"09/13/2005",0.89
"09/14/2005",0.89
"09/15/2005",0.89
"09/16/2005",0.89
"09/19/2005",0.89
"09/20/2005",0.89
"09/21/2005",0.9
"09/22/2005",0.9
"09/23/2005",0.9
"09/26/2005",0.89
"09/27/2005",0.89
"09/28/2005",0.89
"09/29/2005",0.89
"09/30/2005",0.89
"10/03/2005",0.89
"10/04/2005",0.89
"10/05/2005",0.89
"10/06/2005",0.89
"10/07/2005",0.9
"10/10/2005",0.9
"10/11/2005",0.9
"10/12/2005",0.91
"10/13/2005",0.92
"10/14/2005",0.92
"10/17/2005",0.9
"10/18/2005",0.89
"10/19/2005",0.9
"10/20/2005",0.9
"10/21/2005",0.9
"10/24/2005",0.9
"10/25/2005",0.9
"10/26/2005",0.91
"10/27/2005",0.91
"10/28/2005",0.91
"10/31/2005",0.92
"11/01/2005",0.93
"11/02/2005",0.93
"11/03/2005",0.92
"11/04/2005",0.92
"11/07/2005",0.92
"11/08/2005",0.92
"11/09/2005",0.92
"11/10/2005",0.93
"11/11/2005",0.93
"11/14/2005",0.93
"11/15/2005",0.93
"11/16/2005",0.95
"11/17/2005",0.96
"11/18/2005",0.95
"11/21/2005",0.95
"11/22/2005",0.96
"11/23/2005",0.95
"11/24/2005",0.95
"11/25/2005",0.95
"11/28/2005",0.95
"11/29/2005",0.95
"11/30/2005",0.97
"12/01/2005",0.96
"12/02/2005",0.97
"12/05/2005",0.97
"12/06/2005",0.98
"12/07/2005",0.98
"12/08/2005",0.99
"12/09/2005",0.98
"12/12/2005",0.98
"12/13/2005",0.98
"12/14/2005",0.98
"12/15/2005",0.98
"12/16/2005",0.98
"12/19/2005",0.98
"12/20/2005",0.98
"12/21/2005",0.99
"12/22/2005",0.99
"12/23/2005",0.99
"12/27/2005",0.99
"12/28/2005",0.99
"12/29/2005",1
"12/30/2005",0.99
"12/31/2005",0.92
"01/03/2006",0.92
"01/04/2006",0.92
"01/05/2006",0.92
"01/06/2006",0.92
"01/09/2006",0.92
"01/10/2006",0.92
"01/11/2006",0.92
"01/12/2006",0.92
"01/13/2006",0.93
"01/16/2006",0.92
"01/17/2006",0.94
"01/18/2006",0.92
"01/19/2006",0.92
"01/20/2006",0.92
"01/23/2006",0.92
"01/24/2006",0.92
"01/25/2006",0.91
"01/26/2006",0.9
"01/27/2006",0.9
"01/30/2006",0.9
"01/31/2006",0.9
"02/01/2006",0.9
"02/02/2006",0.89
"02/03/2006",0.89
"02/06/2006",0.89
"02/07/2006",0.9
"02/08/2006",0.9
"02/09/2006",0.89
"02/10/2006",0.89
"02/13/2006",0.89
"02/14/2006",0.89
"02/15/2006",0.89
"02/16/2006",0.88
"02/17/2006",0.88
"02/20/2006",0.88
"02/21/2006",0.88
"02/22/2006",0.88
"02/23/2006",0.87
"02/24/2006",0.88
"02/27/2006",0.87
"02/28/2006",0.9
"03/01/2006",0.88
"03/02/2006",0.87
"03/03/2006",0.87
"03/06/2006",0.87
"03/07/2006",0.88
"03/08/2006",0.88
"03/09/2006",0.88
"03/10/2006",0.88
"03/13/2006",0.88
"03/14/2006",0.88
"03/15/2006",0.87
"03/16/2006",0.88
"03/17/2006",0.88
"03/20/2006",0.88
"03/21/2006",0.88
"03/22/2006",0.88
"03/23/2006",0.88
"03/24/2006",0.88
"03/27/2006",0.88
"03/28/2006",0.88
"03/29/2006",0.88
"03/30/2006",0.88
"03/31/2006",0.9
"04/03/2006",0.9
"04/04/2006",0.89
"04/05/2006",0.89
"04/06/2006",0.9
"04/07/2006",0.89
"04/10/2006",0.89
"04/11/2006",0.89
"04/12/2006",0.89
"04/13/2006",0.89
"04/17/2006",0.89
"04/18/2006",0.9
"04/19/2006",0.89
"04/20/2006",0.89
"04/21/2006",0.89
"04/24/2006",0.89
"04/25/2006",0.88
"04/26/2006",0.88
"04/27/2006",0.88
"04/28/2006",0.88
"04/30/2006",0.89
"05/01/2006",0.87
"05/02/2006",0.87
"05/03/2006",0.87
"05/04/2006",0.87
"05/05/2006",0.87
"05/08/2006",0.87
"05/09/2006",0.87
"05/10/2006",0.87
"05/11/2006",0.87
"05/12/2006",0.87
"05/15/2006",0.87
"05/16/2006",0.88
"05/17/2006",0.89
"05/18/2006",0.9
"05/19/2006",0.9
"05/22/2006",0.9
"05/23/2006",0.9
"05/24/2006",0.91
"05/25/2006",0.91
"05/26/2006",0.91
"05/29/2006",0.91
"05/30/2006",0.91
"05/31/2006",0.92
"06/01/2006",0.92
"06/02/2006",0.93
"06/05/2006",0.93
"06/06/2006",0.93
"06/07/2006",0.93
"06/08/2006",0.94
"06/09/2006",0.94
"06/12/2006",0.94
"06/13/2006",0.95
"06/14/2006",0.96
"06/15/2006",0.95
"06/16/2006",0.95
"06/19/2006",0.96
"06/20/2006",0.96
"06/21/2006",0.96
"06/22/2006",0.96
"06/23/2006",0.96
"06/26/2006",0.97
"06/27/2006",0.97
"06/28/2006",0.97
"06/29/2006",0.97
"06/30/2006",0.97
"07/03/2006",0.97
"07/04/2006",0.97
"07/05/2006",0.97
"07/06/2006",0.97
"07/07/2006",0.97
"07/10/2006",0.97
"07/11/2006",0.97
"07/12/2006",0.97
"07/13/2006",0.97
"07/14/2006",0.98
"07/17/2006",0.98
"07/18/2006",0.97
"07/19/2006",0.97
"07/20/2006",0.97
"07/21/2006",0.97
"07/24/2006",0.97
"07/25/2006",0.97
"07/26/2006",0.97
"07/27/2006",0.97
"07/28/2006",0.97
"07/31/2006",0.98
"08/01/2006",0.98
"08/02/2006",0.98
"08/03/2006",0.98
"08/04/2006",0.98
"08/07/2006",0.98
"08/08/2006",0.98
"08/09/2006",0.98
"08/10/2006",0.98
"08/11/2006",0.98
"08/14/2006",0.97
"08/15/2006",0.97
"08/16/2006",0.97
"08/17/2006",0.97
"08/18/2006",0.97
"08/21/2006",0.97
"08/22/2006",0.97
"08/23/2006",0.97
"08/24/2006",0.97
"08/25/2006",0.97
"08/28/2006",0.97
"08/29/2006",0.97
"08/30/2006",0.97
"08/31/2006",0.97
"09/01/2006",0.98
"09/04/2006",0.98
"09/05/2006",0.97
"09/06/2006",0.97
"09/07/2006",0.97
"09/08/2006",0.97
"09/11/2006",0.97
"09/12/2006",0.97
"09/13/2006",0.97
"09/14/2006",0.97
"09/15/2006",0.96
"09/18/2006",0.96
"09/19/2006",0.97
"09/20/2006",0.97
"09/21/2006",0.97
"09/22/2006",0.97
"09/25/2006",0.97
"09/26/2006",0.97
"09/27/2006",0.97
"09/28/2006",0.97
"09/29/2006",0.97
"09/30/2006",0.98
"10/02/2006",0.98
"10/03/2006",0.97
"10/04/2006",0.98
"10/05/2006",0.97
"10/06/2006",0.97
"10/09/2006",0.97
"10/10/2006",0.97
"10/11/2006",0.96
"10/12/2006",0.96
"10/13/2006",0.96
"10/16/2006",0.96
"10/17/2006",0.96
"10/18/2006",0.96
"10/19/2006",0.95
"10/20/2006",0.95
"10/23/2006",0.95
"10/24/2006",0.95
"10/25/2006",0.95
"10/26/2006",0.95
"10/27/2006",0.95
"10/30/2006",0.95
"10/31/2006",0.95
"11/01/2006",0.95
"11/02/2006",0.95
"11/03/2006",0.94
"11/06/2006",0.94
"11/07/2006",0.93
"11/08/2006",0.93
"11/09/2006",0.93
"11/10/2006",0.93
"11/13/2006",0.92
"11/14/2006",0.93
"11/15/2006",0.92
"11/16/2006",0.92
"11/17/2006",0.93
"11/20/2006",0.92
"11/21/2006",0.92
"11/22/2006",0.92
"11/23/2006",0.92
"11/24/2006",0.92
"11/27/2006",0.93
"11/28/2006",0.93
"11/29/2006",0.92
"11/30/2006",0.94
"12/01/2006",0.94
"12/04/2006",0.93
"12/05/2006",0.93
"12/06/2006",0.92
"12/07/2006",0.92
"12/08/2006",0.91
"12/11/2006",0.92
"12/12/2006",0.92
"12/13/2006",0.92
"12/14/2006",0.92
"12/15/2006",0.92
"12/18/2006",0.92
"12/19/2006",0.92
"12/20/2006",0.92
"12/21/2006",0.92
"12/22/2006",0.91
"12/26/2006",0.91
"12/27/2006",0.91
"12/28/2006",0.9
"12/29/2006",0.9
"12/31/2006",0.91
"01/02/2007",0.92
"01/03/2007",0.91
"01/04/2007",0.91
"01/05/2007",0.91
"01/08/2007",0.91
"01/09/2007",0.91
"01/10/2007",0.91
"01/11/2007",0.9
"01/12/2007",0.9
"01/15/2007",0.9
"01/16/2007",0.9
"01/17/2007",0.89
"01/18/2007",0.89
"01/19/2007",0.89
"01/22/2007",0.89
"01/23/2007",0.88
"01/24/2007",0.88
"01/25/2007",0.87
"01/26/2007",0.88
"01/29/2007",0.87
"01/30/2007",0.87
"01/31/2007",0.89
"02/01/2007",0.88
"02/02/2007",0.88
"02/05/2007",0.88
"02/06/2007",0.88
"02/07/2007",0.88
"02/08/2007",0.88
"02/09/2007",0.87
"02/12/2007",0.87
"02/13/2007",0.87
"02/14/2007",0.87
"02/15/2007",0.87
"02/16/2007",0.86
"02/19/2007",0.86
"02/20/2007",0.86
"02/21/2007",0.86
"02/22/2007",0.86
"02/23/2007",0.86
"02/26/2007",0.86
"02/27/2007",0.89
"02/28/2007",0.9
"03/01/2007",0.89
"03/02/2007",0.9
"03/05/2007",0.91
"03/06/2007",0.91
"03/07/2007",0.91
"03/08/2007",0.91
"03/09/2007",0.9
"03/12/2007",0.91
"03/13/2007",0.92
"03/14/2007",0.92
"03/15/2007",0.92
"03/16/2007",0.93
"03/19/2007",0.93
"03/20/2007",0.93
"03/21/2007",0.94
"03/22/2007",0.93
"03/23/2007",0.93
"03/26/2007",0.93
"03/27/2007",0.93
"03/28/2007",0.93
"03/29/2007",0.93
"03/30/2007",0.93
"03/31/2007",0.95
"04/02/2007",0.94
"04/03/2007",0.94
"04/04/2007",0.95
"04/05/2007",0.95
"04/09/2007",0.94
"04/10/2007",0.94
"04/11/2007",0.93
"04/12/2007",0.93
"04/13/2007",0.93
"04/16/2007",0.93
"04/17/2007",0.94
"04/18/2007",0.94
"04/19/2007",0.94
"04/20/2007",0.93
"04/23/2007",0.93
"04/24/2007",0.93
"04/25/2007",0.93
"04/26/2007",0.93
"04/27/2007",0.93
"04/30/2007",0.94
"05/01/2007",0.94
"05/02/2007",0.94
"05/03/2007",0.94
"05/04/2007",0.94
"05/07/2007",0.94
"05/08/2007",0.94
"05/09/2007",0.94
"05/10/2007",0.94
"05/11/2007",0.93
"05/14/2007",0.93
"05/15/2007",0.93
"05/16/2007",0.93
"05/17/2007",0.93
"05/18/2007",0.92
"05/21/2007",0.93
"05/22/2007",0.92
"05/23/2007",0.92
"05/24/2007",0.92
"05/25/2007",0.92
"05/29/2007",0.92
"05/30/2007",0.93
"05/31/2007",0.94
"06/01/2007",0.94
"06/04/2007",0.94
"06/05/2007",0.94
"06/06/2007",0.94
"06/07/2007",0.95
"06/08/2007",0.96
"06/11/2007",0.96
"06/12/2007",0.96
"06/13/2007",0.96
"06/14/2007",0.95
"06/15/2007",0.95
"06/18/2007",0.95
"06/19/2007",0.95
"06/20/2007",0.95
"06/21/2007",0.96
"06/22/2007",0.97
"06/25/2007",0.97
"06/26/2007",0.98
"06/27/2007",0.98
"06/28/2007",0.99
"06/29/2007",0.99
"06/30/2007",1
"07/02/2007",1.01
"07/03/2007",1
"07/04/2007",1
"07/05/2007",1
"07/06/2007",1
"07/09/2007",1
"07/10/2007",1.01
"07/11/2007",1.02
"07/12/2007",1.02
"07/13/2007",1.02
"07/16/2007",1.03
"07/17/2007",1.03
"07/18/2007",1.04
"07/19/2007",1.05
"07/20/2007",1.08
"07/23/2007",1.09
"07/24/2007",1.1
"07/25/2007",1.12
"07/26/2007",1.25
"07/27/2007",1.28
"07/30/2007",1.28
"07/31/2007",1.29
"08/01/2007",1.29
"08/02/2007",1.29
"08/03/2007",1.3
"08/06/2007",1.32
"08/07/2007",1.32
"08/08/2007",1.3
"08/09/2007",1.3
"08/10/2007",1.32
"08/13/2007",1.32
"08/14/2007",1.34
"08/15/2007",1.37
"08/16/2007",1.44
"08/17/2007",1.45
"08/20/2007",1.46
"08/21/2007",1.47
"08/22/2007",1.47
"08/23/2007",1.45
"08/24/2007",1.44
"08/27/2007",1.44
"08/28/2007",1.46
"08/29/2007",1.46
"08/30/2007",1.48
"08/31/2007",1.45
"09/03/2007",1.45
"09/04/2007",1.47
"09/05/2007",1.48
"09/06/2007",1.5
"09/07/2007",1.54
"09/10/2007",1.56
"09/11/2007",1.57
"09/12/2007",1.58
"09/13/2007",1.58
"09/14/2007",1.58
"09/17/2007",1.58
"09/18/2007",1.58
"09/19/2007",1.56
"09/20/2007",1.53
"09/21/2007",1.51
"09/24/2007",1.5
"09/25/2007",1.5
"09/26/2007",1.49
"09/27/2007",1.49
"09/28/2007",1.48
"09/30/2007",1.49
"10/01/2007",1.49
"10/02/2007",1.49
"10/03/2007",1.48
"10/04/2007",1.47
"10/05/2007",1.45
"10/08/2007",1.45
"10/09/2007",1.44
"10/10/2007",1.42
"10/11/2007",1.4
"10/12/2007",1.4
"10/15/2007",1.39
"10/16/2007",1.4
"10/17/2007",1.42
"10/18/2007",1.43
"10/19/2007",1.45
"10/22/2007",1.47
"10/23/2007",1.46
"10/24/2007",1.48
"10/25/2007",1.48
"10/26/2007",1.48
"10/29/2007",1.48
"10/30/2007",1.48
"10/31/2007",1.5
"11/01/2007",1.54
"11/02/2007",1.57
"11/05/2007",1.6
"11/06/2007",1.62
"11/07/2007",1.66
"11/08/2007",1.69
"11/09/2007",1.72
"11/12/2007",1.72
"11/13/2007",1.74
"11/14/2007",1.74
"11/15/2007",1.77
"11/16/2007",1.79
"11/19/2007",1.83
"11/20/2007",1.85
"11/21/2007",1.89
"11/22/2007",1.89
"11/23/2007",1.88
"11/26/2007",1.91
"11/27/2007",1.93
"11/28/2007",1.94
"11/29/2007",1.97
"11/30/2007",1.96
"12/03/2007",1.98
"12/04/2007",2
"12/05/2007",2.02
"12/06/2007",2.04
"12/07/2007",2.03
"12/10/2007",2.03
"12/11/2007",2.05
"12/12/2007",2.03
"12/13/2007",2.04
"12/14/2007",2.03
"12/17/2007",2.03
"12/18/2007",2.03
"12/19/2007",2.03
"12/20/2007",2.04
"12/21/2007",2.03
"12/24/2007",2.03
"12/26/2007",2.03
"12/27/2007",2.03
"12/28/2007",2.03
"12/31/2007",2.03
"01/02/2008",2.05
"01/03/2008",2.06
"01/04/2008",2.09
"01/07/2008",2.11
"01/08/2008",2.12
"01/09/2008",2.17
"01/10/2008",2.17
"01/11/2008",2.17
"01/14/2008",2.16
"01/15/2008",2.18
"01/16/2008",2.19
"01/17/2008",2.22
"01/18/2008",2.24
"01/21/2008",2.24
"01/22/2008",2.31
"01/23/2008",2.33
"01/24/2008",2.3
"01/25/2008",2.3
"01/28/2008",2.29
"01/29/2008",2.28
"01/30/2008",2.29
"01/31/2008",2.3
"02/01/2008",2.3
"02/04/2008",2.31
"02/05/2008",2.31
"02/06/2008",2.31
"02/07/2008",2.33
"02/08/2008",2.34
"02/11/2008",2.36
"02/12/2008",2.37
"02/13/2008",2.38
"02/14/2008",2.38
"02/15/2008",2.39
"02/18/2008",2.39
"02/19/2008",2.39
"02/20/2008",2.4
"02/21/2008",2.41
"02/22/2008",2.42
"02/25/2008",2.42
"02/26/2008",2.43
"02/27/2008",2.44
"02/28/2008",2.47
"02/29/2008",2.52
"03/03/2008",2.55
"03/04/2008",2.6
"03/05/2008",2.64
"03/06/2008",2.72
"03/07/2008",2.75
"03/10/2008",2.8
"03/11/2008",2.84
"03/12/2008",2.86
"03/13/2008",2.92
"03/14/2008",2.97
"03/17/2008",3.03
"03/18/2008",3.02
"03/19/2008",3.03
"03/20/2008",3.05
"03/24/2008",3.01
"03/25/2008",2.99
"03/26/2008",2.98
"03/27/2008",2.99
"03/28/2008",2.99
"03/31/2008",3
"04/01/2008",2.98
"04/02/2008",2.94
"04/03/2008",2.92
"04/04/2008",2.89
"04/07/2008",2.85
"04/08/2008",2.84
"04/09/2008",2.86
"04/10/2008",2.86
"04/11/2008",2.87
"04/14/2008",2.87
"04/15/2008",2.85
"04/16/2008",2.84
"04/17/2008",2.82
"04/18/2008",2.77
"04/21/2008",2.74
"04/22/2008",2.72
"04/23/2008",2.7
"04/24/2008",2.68
"04/25/2008",2.67
"04/28/2008",2.65
"04/29/2008",2.63
"04/30/2008",2.6
"05/01/2008",2.57
"05/02/2008",2.53
"05/05/2008",2.52
"05/06/2008",2.52
"05/07/2008",2.52
"05/08/2008",2.53
"05/09/2008",2.53
"05/12/2008",2.53
"05/13/2008",2.51
"05/14/2008",2.5
"05/15/2008",2.5
"05/16/2008",2.49
"05/19/2008",2.49
"05/20/2008",2.5
"05/21/2008",2.5
"05/22/2008",2.51
"05/23/2008",2.52
"05/26/2008",2.52
"05/27/2008",2.53
"05/28/2008",2.52
"05/29/2008",2.5
"05/30/2008",2.5
"05/31/2008",2.48
"06/02/2008",2.49
"06/03/2008",2.5
"06/04/2008",2.51
"06/05/2008",2.5
"06/06/2008",2.5
"06/09/2008",2.48
"06/10/2008",2.49
"06/11/2008",2.5
"06/12/2008",2.49
"06/13/2008",2.49
"06/16/2008",2.49
"06/17/2008",2.48
"06/18/2008",2.5
"06/19/2008",2.5
"06/20/2008",2.54
"06/23/2008",2.55
"06/24/2008",2.58
"06/25/2008",2.59
"06/26/2008",2.66
"06/27/2008",2.68
"06/30/2008",2.74
"07/01/2008",2.77
"07/02/2008",2.77
"07/03/2008",2.79
"07/04/2008",2.79
"07/07/2008",2.79
"07/08/2008",2.82
"07/09/2008",2.84
"07/10/2008",2.85
"07/11/2008",2.88
"07/14/2008",2.88
"07/15/2008",2.94
"07/16/2008",2.98
"07/17/2008",2.97
"07/18/2008",2.97
"07/21/2008",2.96
"07/22/2008",2.97
"07/23/2008",2.94
"07/24/2008",2.96
"07/25/2008",2.96
"07/28/2008",2.98
"07/29/2008",2.98
"07/30/2008",2.98
"07/31/2008",3
"08/01/2008",3
"08/04/2008",3
"08/05/2008",3
"08/06/2008",3
"08/07/2008",3.01
"08/08/2008",3.01
"08/11/2008",3.01
"08/12/2008",3.03
"08/13/2008",3.03
"08/14/2008",3.04
"08/15/2008",3.05
"08/18/2008",3.06
"08/19/2008",3.08
"08/20/2008",3.11
"08/21/2008",3.12
"08/22/2008",3.12
"08/25/2008",3.14
"08/26/2008",3.15
"08/27/2008",3.15
"08/28/2008",3.16
"08/29/2008",3.16
"08/31/2008",3.17
"09/01/2008",3.17
"09/02/2008",3.19
"09/03/2008",3.2
"09/04/2008",3.21
"09/05/2008",3.22
"09/08/2008",3.21
"09/09/2008",3.24
"09/10/2008",3.28
"09/11/2008",3.39
"09/12/2008",3.44
"09/15/2008",3.8
"09/16/2008",4.11
"09/17/2008",4.28
"09/18/2008",4.4
"09/19/2008",4.15
"09/22/2008",4.09
"09/23/2008",4.17
"09/24/2008",4.26
"09/25/2008",4.36
"09/26/2008",4.59
"09/29/2008",4.65
"09/30/2008",4.55
"10/01/2008",4.61
"10/02/2008",4.87
"10/03/2008",4.91
"10/06/2008",5.08
"10/07/2008",5.14
"10/08/2008",5.26
"10/09/2008",5.35
"10/10/2008",5.81
"10/13/2008",5.82
"10/14/2008",5.49
"10/15/2008",5.54
"10/16/2008",5.73
"10/17/2008",5.87
"10/20/2008",5.91
"10/21/2008",5.94
"10/22/2008",5.96
"10/23/2008",5.98
"10/24/2008",6.09
"10/27/2008",6.14
"10/28/2008",6.15
"10/29/2008",6.18
"10/30/2008",6.17
"10/31/2008",6.06
"11/03/2008",6.06
"11/04/2008",6.03
"11/05/2008",5.95
"11/06/2008",5.94
"11/07/2008",5.91
"11/10/2008",5.86
"11/11/2008",5.86
"11/12/2008",5.87
"11/13/2008",5.9
"11/14/2008",5.88
"11/17/2008",5.93
"11/18/2008",5.98
"11/19/2008",6.06
"11/20/2008",6.22
"11/21/2008",6.36
"11/24/2008",6.36
"11/25/2008",6.38
"11/26/2008",6.39
"11/27/2008",6.39
"11/28/2008",6.42
"11/30/2008",6.41
"12/01/2008",6.44
"12/02/2008",6.5
"12/03/2008",6.53
"12/04/2008",6.55
"12/05/2008",6.56
"12/08/2008",6.55
"12/09/2008",6.55
"12/10/2008",6.54
"12/11/2008",6.52
"12/12/2008",6.52
"12/15/2008",6.51
"12/16/2008",6.51
"12/17/2008",6.42
"12/18/2008",6.35
"12/19/2008",6.3
"12/22/2008",6.28
"12/23/2008",6.25
"12/24/2008",6.21
"12/26/2008",6.2
"12/29/2008",6.19
"12/30/2008",6.12
"12/31/2008",6.04
"01/02/2009",6.03
"01/05/2009",5.96
"01/06/2009",5.82
"01/07/2009",5.74
"01/08/2009",5.67
"01/09/2009",5.62
"01/12/2009",5.59
"01/13/2009",5.57
"01/14/2009",5.6
"01/15/2009",5.62
"01/16/2009",5.54
"01/19/2009",5.54
"01/20/2009",5.57
"01/21/2009",5.57
"01/22/2009",5.57
"01/23/2009",5.56
"01/26/2009",5.53
"01/27/2009",5.47
"01/28/2009",5.4
"01/29/2009",5.38
"01/30/2009",5.35
"01/31/2009",5.31
"02/02/2009",5.32
"02/03/2009",5.31
"02/04/2009",5.29
"02/05/2009",5.28
"02/06/2009",5.25
"02/09/2009",5.2
"02/10/2009",5.19
"02/11/2009",5.16
"02/12/2009",5.19
"02/13/2009",5.19
"02/16/2009",5.19
"02/17/2009",5.23
"02/18/2009",5.29
"02/19/2009",5.31
"02/20/2009",5.41
"02/23/2009",5.44
"02/24/2009",5.54
"02/25/2009",5.54
"02/26/2009",5.56
"02/27/2009",5.58
"02/28/2009",5.48
"03/02/2009",5.56
"03/03/2009",5.64
"03/04/2009",5.75
"03/05/2009",5.81
"03/06/2009",5.87
"03/09/2009",5.97
"03/10/2009",5.99
"03/11/2009",6
"03/12/2009",6
"03/13/2009",6
"03/16/2009",5.96
"03/17/2009",5.95
"03/18/2009",5.97
"03/19/2009",5.97
"03/20/2009",5.99
"03/23/2009",5.99
"03/24/2009",5.98
"03/25/2009",6
"03/26/2009",5.98
"03/27/2009",5.96
"03/30/2009",5.99
"03/31/2009",5.86
"04/01/2009",5.86
"04/02/2009",5.82
"04/03/2009",5.81
"04/06/2009",5.78
"04/07/2009",5.75
"04/08/2009",5.71
"04/09/2009",5.63
"04/13/2009",5.6
"04/14/2009",5.54
"04/15/2009",5.47
"04/16/2009",5.4
"04/17/2009",5.32
"04/20/2009",5.28
"04/21/2009",5.26
"04/22/2009",5.23
"04/23/2009",5.2
"04/24/2009",5.16
"04/27/2009",5.14
"04/28/2009",5.1
"04/29/2009",5.02
"04/30/2009",4.87
"05/01/2009",4.81
"05/04/2009",4.78
"05/05/2009",4.71
"05/06/2009",4.64
"05/07/2009",4.53
"05/08/2009",4.44
"05/11/2009",4.44
"05/12/2009",4.42
"05/13/2009",4.42
"05/14/2009",4.43
"05/15/2009",4.42
"05/18/2009",4.4
"05/19/2009",4.34
"05/20/2009",4.28
"05/21/2009",4.25
"05/22/2009",4.22
"05/25/2009",4.22
"05/26/2009",4.16
"05/27/2009",4.09
"05/28/2009",4.02
"05/29/2009",3.94
"05/31/2009",3.87
"06/01/2009",3.82
"06/02/2009",3.71
"06/03/2009",3.65
"06/04/2009",3.63
"06/05/2009",3.56
"06/08/2009",3.52
"06/09/2009",3.5
"06/10/2009",3.44
"06/11/2009",3.4
"06/12/2009",3.38
"06/15/2009",3.36
"06/16/2009",3.35
"06/17/2009",3.36
"06/18/2009",3.34
"06/19/2009",3.31
"06/22/2009",3.32
"06/23/2009",3.31
"06/24/2009",3.31
"06/25/2009",3.32
"06/26/2009",3.33
"06/29/2009",3.33
"06/30/2009",3.31
"07/01/2009",3.31
"07/02/2009",3.3
"07/03/2009",3.3
"07/06/2009",3.31
"07/07/2009",3.3
"07/08/2009",3.31
"07/09/2009",3.3
"07/10/2009",3.3
"07/13/2009",3.29
"07/14/2009",3.27
"07/15/2009",3.22
"07/16/2009",3.19
"07/17/2009",3.13
"07/20/2009",3.11
"07/21/2009",3.07
"07/22/2009",3.05
"07/23/2009",3.02
"07/24/2009",2.98
"07/27/2009",2.95
"07/28/2009",2.91
"07/29/2009",2.86
"07/30/2009",2.78
"07/31/2009",2.73
"08/03/2009",2.7
"08/04/2009",2.65
"08/05/2009",2.61
"08/06/2009",2.57
"08/07/2009",2.54
"08/10/2009",2.52
"08/11/2009",2.53
"08/12/2009",2.54
"08/13/2009",2.53
"08/14/2009",2.54
"08/17/2009",2.58
"08/18/2009",2.6
"08/19/2009",2.6
"08/20/2009",2.6
"08/21/2009",2.58
"08/24/2009",2.57
"08/25/2009",2.55
"08/26/2009",2.54
"08/27/2009",2.53
"08/28/2009",2.52
"08/31/2009",2.53
"09/01/2009",2.54
"09/02/2009",2.54
"09/03/2009",2.54
"09/04/2009",2.53
"09/07/2009",2.53
"09/08/2009",2.51
"09/09/2009",2.5
"09/10/2009",2.47
"09/11/2009",2.44
"09/14/2009",2.42
"09/15/2009",2.39
"09/16/2009",2.36
"09/17/2009",2.35
"09/18/2009",2.33
"09/21/2009",2.32
"09/22/2009",2.3
"09/23/2009",2.31
"09/24/2009",2.31
"09/25/2009",2.31
"09/28/2009",2.32
"09/29/2009",2.33
"09/30/2009",2.35
"10/01/2009",2.38
"10/02/2009",2.39
"10/05/2009",2.38
"10/06/2009",2.35
"10/07/2009",2.35
"10/08/2009",2.34
"10/09/2009",2.33
"10/12/2009",2.33
"10/13/2009",2.33
"10/14/2009",2.31
"10/15/2009",2.3
"10/16/2009",2.29
"10/19/2009",2.28
"10/20/2009",2.26
"10/21/2009",2.25
"10/22/2009",2.23
"10/23/2009",2.21
"10/26/2009",2.19
"10/27/2009",2.18
"10/28/2009",2.18
"10/29/2009",2.18
"10/30/2009",2.18
"10/31/2009",2.18
"11/02/2009",2.19
"11/03/2009",2.19
"11/04/2009",2.19
"11/05/2009",2.18
"11/06/2009",2.18
"11/09/2009",2.17
"11/10/2009",2.16
"11/11/2009",2.16
"11/12/2009",2.16
"11/13/2009",2.16
"11/16/2009",2.15
"11/17/2009",2.15
"11/18/2009",2.15
"11/19/2009",2.15
"11/20/2009",2.15
"11/23/2009",2.15
"11/24/2009",2.16
"11/25/2009",2.16
"11/26/2009",2.16
"11/27/2009",2.19
"11/30/2009",2.21
"12/01/2009",2.21
"12/02/2009",2.19
"12/03/2009",2.17
"12/04/2009",2.15
"12/07/2009",2.13
"12/08/2009",2.13
"12/09/2009",2.12
"12/10/2009",2.1
"12/11/2009",2.08
"12/14/2009",2.04
"12/15/2009",2.02
"12/16/2009",2.01
"12/17/2009",2.01
"12/18/2009",1.99
"12/21/2009",1.98
"12/22/2009",1.96
"12/23/2009",1.96
"12/24/2009",1.94
"12/28/2009",1.93
"12/29/2009",1.91
"12/30/2009",1.9
"12/31/2009",1.9
"01/04/2010",1.88
"01/05/2010",1.85
"01/06/2010",1.83
"01/07/2010",1.81
"01/08/2010",1.78
"01/11/2010",1.76
"01/12/2010",1.76
"01/13/2010",1.76
"01/14/2010",1.76
"01/15/2010",1.77
"01/18/2010",1.77
"01/19/2010",1.78
"01/20/2010",1.78
"01/21/2010",1.79
"01/22/2010",1.8
"01/25/2010",1.82
"01/26/2010",1.82
"01/27/2010",1.82
"01/28/2010",1.83
"01/29/2010",1.83
"01/31/2010",1.81
"02/01/2010",1.84
"02/02/2010",1.82
"02/03/2010",1.82
"02/04/2010",1.85
"02/05/2010",1.88
"02/08/2010",1.89
"02/09/2010",1.9
"02/10/2010",1.9
"02/11/2010",1.91
"02/12/2010",1.91
"02/15/2010",1.9
"02/16/2010",1.91
"02/17/2010",1.9
"02/18/2010",1.88
"02/19/2010",1.86
"02/22/2010",1.85
"02/23/2010",1.84
"02/24/2010",1.84
"02/25/2010",1.85
"02/26/2010",1.84
"02/28/2010",1.85
"03/01/2010",1.86
"03/02/2010",1.83
"03/03/2010",1.83
"03/04/2010",1.83
"03/05/2010",1.8
"03/08/2010",1.78
"03/09/2010",1.77
"03/10/2010",1.76
"03/11/2010",1.75
"03/12/2010",1.74
"03/15/2010",1.73
"03/16/2010",1.72
"03/17/2010",1.71
"03/18/2010",1.69
"03/19/2010",1.68
"03/22/2010",1.68
"03/23/2010",1.68
"03/24/2010",1.66
"03/25/2010",1.64
"03/26/2010",1.63
"03/29/2010",1.63
"03/30/2010",1.63
"03/31/2010",1.61
"04/01/2010",1.61
"04/05/2010",1.59
"04/06/2010",1.57
"04/07/2010",1.58
"04/08/2010",1.58
"04/09/2010",1.57
"04/12/2010",1.56
"04/13/2010",1.55
"04/14/2010",1.53
"04/15/2010",1.52
"04/16/2010",1.53
"04/19/2010",1.53
"04/20/2010",1.52
"04/21/2010",1.51
"04/22/2010",1.52
"04/23/2010",1.51
"04/26/2010",1.52
"04/27/2010",1.54
"04/28/2010",1.55
"04/29/2010",1.55
"04/30/2010",1.55
"05/03/2010",1.57
"05/04/2010",1.6
"05/05/2010",1.64
"05/06/2010",1.76
"05/07/2010",1.84
"05/10/2010",1.77
"05/11/2010",1.79
"05/12/2010",1.77
"05/13/2010",1.76
"05/14/2010",1.79
"05/17/2010",1.79
"05/18/2010",1.81
"05/19/2010",1.86
"05/20/2010",1.96
"05/21/2010",1.97
"05/24/2010",1.98
"05/25/2010",2.06
"05/26/2010",2.04
"05/27/2010",2.02
"05/28/2010",2.02
"05/31/2010",2.02
"06/01/2010",2.05
"06/02/2010",2.07
"06/03/2010",2.05
"06/04/2010",2.08
"06/07/2010",2.08
"06/08/2010",2.11
"06/09/2010",2.12
"06/10/2010",2.13
"06/11/2010",2.13
"06/14/2010",2.11
"06/15/2010",2.11
"06/16/2010",2.1
"06/17/2010",2.09
"06/18/2010",2.08
"06/21/2010",2.05
"06/22/2010",2.05
"06/23/2010",2.06
"06/24/2010",2.07
"06/25/2010",2.07
"06/28/2010",2.08
"06/29/2010",2.09
"06/30/2010",2.09
"07/01/2010",2.09
"07/02/2010",2.08
"07/05/2010",2.09
"07/06/2010",2.07
"07/07/2010",2.08
"07/08/2010",2.06
"07/09/2010",2.04
"07/12/2010",2.03
"07/13/2010",2
"07/14/2010",1.98
"07/15/2010",1.98
"07/16/2010",1.98
"07/19/2010",1.98
"07/20/2010",1.98
"07/21/2010",1.97
"07/22/2010",1.96
"07/23/2010",1.93
"07/26/2010",1.91
"07/27/2010",1.87
"07/28/2010",1.87
"07/29/2010",1.86
"07/30/2010",1.88
"07/31/2010",1.89
"08/02/2010",1.88
"08/03/2010",1.88
"08/04/2010",1.87
"08/05/2010",1.87
"08/06/2010",1.87
"08/09/2010",1.86
"08/10/2010",1.88
"08/11/2010",1.9
"08/12/2010",1.91
"08/13/2010",1.9
"08/16/2010",1.9
"08/17/2010",1.89
"08/18/2010",1.88
"08/19/2010",1.88
"08/20/2010",1.88
"08/23/2010",1.88
"08/24/2010",1.9
"08/25/2010",1.9
"08/26/2010",1.91
"08/27/2010",1.91
"08/30/2010",1.92
"08/31/2010",1.95
"09/01/2010",1.94
"09/02/2010",1.93
"09/03/2010",1.91
"09/06/2010",1.9
"09/07/2010",1.9
"09/08/2010",1.89
"09/09/2010",1.88
"09/10/2010",1.87
"09/13/2010",1.85
"09/14/2010",1.84
"09/15/2010",1.85
"09/16/2010",1.84
"09/17/2010",1.84
"09/20/2010",1.83
"09/21/2010",1.83
"09/22/2010",1.84
"09/23/2010",1.84
"09/24/2010",1.84
"09/27/2010",1.84
"09/28/2010",1.84
"09/29/2010",1.84
"09/30/2010",1.84
"10/01/2010",1.84
"10/04/2010",1.84
"10/05/2010",1.83
"10/06/2010",1.82
"10/07/2010",1.81
"10/08/2010",1.81
"10/11/2010",1.81
"10/12/2010",1.8
"10/13/2010",1.8
"10/14/2010",1.81
"10/15/2010",1.82
"10/18/2010",1.82
"10/19/2010",1.82
"10/20/2010",1.83
"10/21/2010",1.82
"10/22/2010",1.81
"10/25/2010",1.79
"10/26/2010",1.78
"10/27/2010",1.76
"10/28/2010",1.77
"10/29/2010",1.77
"10/31/2010",1.77
"11/01/2010",1.79
"11/02/2010",1.78
"11/03/2010",1.78
"11/04/2010",1.77
"11/05/2010",1.76
"11/08/2010",1.75
"11/09/2010",1.74
"11/10/2010",1.75
"11/11/2010",1.75
"11/12/2010",1.76
"11/15/2010",1.76
"11/16/2010",1.76
"11/17/2010",1.77
"11/18/2010",1.75
"11/19/2010",1.75
"11/22/2010",1.75
"11/23/2010",1.77
"11/24/2010",1.77
"11/25/2010",1.77
"11/26/2010",1.76
"11/29/2010",1.79
"11/30/2010",1.82
"12/01/2010",1.81
"12/02/2010",1.8
"12/03/2010",1.79
"12/06/2010",1.79
"12/07/2010",1.76
"12/08/2010",1.74
"12/09/2010",1.72
"12/10/2010",1.71
"12/13/2010",1.71
"12/14/2010",1.7
"12/15/2010",1.69
"12/16/2010",1.7
"12/17/2010",1.69
"12/20/2010",1.69
"12/21/2010",1.69
"12/22/2010",1.68
"12/23/2010",1.66
"12/24/2010",1.66
"12/27/2010",1.67
"12/28/2010",1.66
"12/29/2010",1.67
"12/30/2010",1.66
"12/31/2010",1.66
"01/03/2011",1.66
"01/04/2011",1.64
"01/05/2011",1.63
"01/06/2011",1.62
"01/07/2011",1.63
"01/10/2011",1.64
"01/11/2011",1.63
"01/12/2011",1.63
"01/13/2011",1.63
"01/14/2011",1.63
"01/17/2011",1.62
"01/18/2011",1.62
"01/19/2011",1.61
"01/20/2011",1.61
"01/21/2011",1.6
"01/24/2011",1.59
"01/25/2011",1.6
"01/26/2011",1.59
"01/27/2011",1.59
"01/28/2011",1.6
"01/31/2011",1.62
"02/01/2011",1.61
"02/02/2011",1.59
"02/03/2011",1.58
"02/04/2011",1.55
"02/07/2011",1.53
"02/08/2011",1.52
"02/09/2011",1.52
"02/10/2011",1.51
"02/11/2011",1.5
"02/14/2011",1.5
"02/15/2011",1.49
"02/16/2011",1.49
"02/17/2011",1.48
"02/18/2011",1.48
"02/21/2011",1.48
"02/22/2011",1.49
"02/23/2011",1.5
"02/24/2011",1.51
"02/25/2011",1.51
"02/28/2011",1.51
"03/01/2011",1.52
"03/02/2011",1.51
"03/03/2011",1.49
"03/04/2011",1.49
"03/07/2011",1.49
"03/08/2011",1.48
"03/09/2011",1.49
"03/10/2011",1.51
"03/11/2011",1.51
"03/14/2011",1.51
"03/15/2011",1.55
"03/16/2011",1.57
"03/17/2011",1.57
"03/18/2011",1.55
"03/21/2011",1.54
"03/22/2011",1.53
"03/23/2011",1.53
"03/24/2011",1.52
"03/25/2011",1.5
"03/28/2011",1.5
"03/29/2011",1.49
"03/30/2011",1.5
"03/31/2011",1.5
"04/01/2011",1.5
"04/04/2011",1.5
"04/05/2011",1.48
"04/06/2011",1.47
"04/07/2011",1.46
"04/08/2011",1.45
"04/11/2011",1.45
"04/12/2011",1.46
"04/13/2011",1.46
"04/14/2011",1.46
"04/15/2011",1.46
"04/18/2011",1.47
"04/19/2011",1.48
"04/20/2011",1.47
"04/21/2011",1.46
"04/25/2011",1.46
"04/26/2011",1.46
"04/27/2011",1.46
"04/28/2011",1.46
"04/29/2011",1.46
"04/30/2011",1.47
"05/02/2011",1.48
"05/03/2011",1.47
"05/04/2011",1.47
"05/05/2011",1.48
"05/06/2011",1.48
"05/09/2011",1.48
"05/10/2011",1.48
"05/11/2011",1.49
"05/12/2011",1.49
"05/13/2011",1.49
"05/16/2011",1.5
"05/17/2011",1.5
"05/18/2011",1.5
"05/19/2011",1.5
"05/20/2011",1.5
"05/23/2011",1.51
"05/24/2011",1.51
"05/25/2011",1.53
"05/26/2011",1.54
"05/27/2011",1.54
"05/30/2011",1.54
"05/31/2011",1.56
"06/01/2011",1.57
"06/02/2011",1.59
"06/03/2011",1.6
"06/06/2011",1.6
"06/07/2011",1.6
"06/08/2011",1.62
"06/09/2011",1.62
"06/10/2011",1.62
"06/13/2011",1.63
"06/14/2011",1.62
"06/15/2011",1.65
"06/16/2011",1.66
"06/17/2011",1.66
"06/20/2011",1.67
"06/21/2011",1.66
"06/22/2011",1.67
"06/23/2011",1.69
"06/24/2011",1.7
"06/27/2011",1.71
"06/28/2011",1.69
"06/29/2011",1.67
"06/30/2011",1.64
"07/01/2011",1.61
"07/04/2011",1.61
"07/05/2011",1.62
"07/06/2011",1.63
"07/07/2011",1.61
"07/08/2011",1.62
"07/11/2011",1.64
"07/12/2011",1.66
"07/13/2011",1.66
"07/14/2011",1.65
"07/15/2011",1.67
"07/18/2011",1.68
"07/19/2011",1.68
"07/20/2011",1.68
"07/21/2011",1.67
"07/22/2011",1.66
"07/25/2011",1.66
"07/26/2011",1.65
"07/27/2011",1.65
"07/28/2011",1.64
"07/29/2011",1.65
"07/31/2011",1.66
"08/01/2011",1.66
"08/02/2011",1.68
"08/03/2011",1.68
"08/04/2011",1.73
"08/05/2011",1.74
"08/08/2011",1.9
"08/09/2011",1.96
"08/10/2011",2.01
"08/11/2011",2.09
"08/12/2011",2.08
"08/15/2011",2.09
"08/16/2011",2.09
"08/17/2011",2.09
"08/18/2011",2.14
"08/19/2011",2.17
"08/22/2011",2.17
"08/23/2011",2.24
"08/24/2011",2.27
"08/25/2011",2.25
"08/26/2011",2.27
"08/29/2011",2.27
"08/30/2011",2.25
"08/31/2011",2.21
"09/01/2011",2.2
"09/02/2011",2.21
"09/05/2011",2.21
"09/06/2011",2.24
"09/07/2011",2.24
"09/08/2011",2.24
"09/09/2011",2.27
"09/12/2011",2.32
"09/13/2011",2.33
"09/14/2011",2.33
"09/15/2011",2.33
"09/16/2011",2.32
"09/19/2011",2.36
"09/20/2011",2.36
"09/21/2011",2.38
"09/22/2011",2.51
"09/23/2011",2.55
"09/26/2011",2.55
"09/27/2011",2.53
"09/28/2011",2.54
"09/29/2011",2.54
"09/30/2011",2.57
"10/03/2011",2.62
"10/04/2011",2.72
"10/05/2011",2.72
"10/06/2011",2.7
"10/07/2011",2.65
"10/10/2011",2.65
"10/11/2011",2.6
"10/12/2011",2.55
"10/13/2011",2.54
"10/14/2011",2.51
"10/17/2011",2.49
"10/18/2011",2.49
"10/19/2011",2.43
"10/20/2011",2.42
"10/21/2011",2.38
"10/24/2011",2.34
"10/25/2011",2.32
"10/26/2011",2.31
"10/27/2011",2.19
"10/28/2011",2.17
"10/31/2011",2.22
"11/01/2011",2.29
"11/02/2011",2.28
"11/03/2011",2.27
"11/04/2011",2.28
"11/07/2011",2.29
"11/08/2011",2.3
"11/09/2011",2.36
"11/10/2011",2.37
"11/11/2011",2.37
"11/14/2011",2.39
"11/15/2011",2.41
"11/16/2011",2.44
"11/17/2011",2.48
"11/18/2011",2.49
"11/21/2011",2.55
"11/22/2011",2.61
"11/23/2011",2.64
"11/24/2011",2.64
"11/25/2011",2.65
"11/28/2011",2.66
"11/29/2011",2.67
"11/30/2011",2.66
"12/01/2011",2.64
"12/02/2011",2.6
"12/05/2011",2.56
"12/06/2011",2.56
"12/07/2011",2.56
"12/08/2011",2.58
"12/09/2011",2.59
"12/12/2011",2.61
"12/13/2011",2.61
"12/14/2011",2.62
"12/15/2011",2.62
"12/16/2011",2.62
"12/19/2011",2.62
"12/20/2011",2.62
"12/21/2011",2.62
"12/22/2011",2.6
"12/23/2011",2.6
"12/27/2011",2.6
"12/28/2011",2.58
"12/29/2011",2.57
"12/30/2011",2.56
"12/31/2011",2.57
"01/03/2012",2.54
"01/04/2012",2.53
"01/05/2012",2.52
"01/06/2012",2.51
"01/09/2012",2.5
"01/10/2012",2.48
"01/11/2012",2.49
"01/12/2012",2.47
"01/13/2012",2.48
"01/16/2012",2.47
"01/17/2012",2.46
"01/18/2012",2.44
"01/19/2012",2.4
"01/20/2012",2.38
"01/23/2012",2.34
"01/24/2012",2.33
"01/25/2012",2.32
"01/26/2012",2.29
"01/27/2012",2.28
"01/30/2012",2.28
"01/31/2012",2.29
"02/01/2012",2.27
"02/02/2012",2.25
"02/03/2012",2.2
"02/06/2012",2.19
"02/07/2012",2.17
"02/08/2012",2.15
"02/09/2012",2.13
"02/10/2012",2.15
"02/13/2012",2.14
"02/14/2012",2.13
"02/15/2012",2.14
"02/16/2012",2.15
"02/17/2012",2.12
"02/20/2012",2.12
"02/21/2012",2.11
"02/22/2012",2.1
"02/23/2012",2.1
"02/24/2012",2.08
"02/27/2012",2.08
"02/28/2012",2.06
"02/29/2012",2.03
"03/01/2012",2.01
"03/02/2012",2
"03/05/2012",2
"03/06/2012",2.03
"03/07/2012",2.03
"03/08/2012",2.02
"03/09/2012",2.01
"03/12/2012",2
"03/13/2012",1.98
"03/14/2012",1.94
"03/15/2012",1.93
"03/16/2012",1.91
"03/19/2012",1.9
"03/20/2012",1.89
"03/21/2012",1.89
"03/22/2012",1.91
"03/23/2012",1.91
"03/26/2012",1.91
"03/27/2012",1.91
"03/28/2012",1.92
"03/29/2012",1.93
"03/30/2012",1.92
"03/31/2012",1.92
"04/02/2012",1.92
"04/03/2012",1.92
"04/04/2012",1.94
"04/05/2012",1.96
"04/09/2012",1.99
"04/10/2012",2.02
"04/11/2012",2.03
"04/12/2012",2.01
"04/13/2012",2.02
"04/16/2012",2.02
"04/17/2012",2.01
"04/18/2012",2.02
"04/19/2012",2.01
"04/20/2012",2.02
"04/23/2012",2.03
"04/24/2012",2.03
"04/25/2012",2.02
"04/26/2012",2.02
"04/27/2012",2.02
"04/30/2012",2.03
"05/01/2012",2.02
"05/02/2012",2.01
"05/03/2012",2
"05/04/2012",2
"05/07/2012",2.01
"05/08/2012",2.02
"05/09/2012",2.03
"05/10/2012",2.03
"05/11/2012",2.04
"05/14/2012",2.08
"05/15/2012",2.09
"05/16/2012",2.13
"05/17/2012",2.18
"05/18/2012",2.23
"05/21/2012",2.24
"05/22/2012",2.23
"05/23/2012",2.25
"05/24/2012",2.25
"05/25/2012",2.24
"05/28/2012",2.24
"05/29/2012",2.23
"05/30/2012",2.26
"05/31/2012",2.29
"06/01/2012",2.33
"06/04/2012",2.33
"06/05/2012",2.33
"06/06/2012",2.3
"06/07/2012",2.27
"06/08/2012",2.26
"06/11/2012",2.25
"06/12/2012",2.26
"06/13/2012",2.26
"06/14/2012",2.25
"06/15/2012",2.24
"06/18/2012",2.24
"06/19/2012",2.21
"06/20/2012",2.2
"06/21/2012",2.18
"06/22/2012",2.17
"06/25/2012",2.18
"06/26/2012",2.18
"06/27/2012",2.18
"06/28/2012",2.19
"06/29/2012",2.15
"06/30/2012",2.15
"07/02/2012",2.13
"07/03/2012",2.12
"07/04/2012",2.12
"07/05/2012",2.11
"07/06/2012",2.11
"07/09/2012",2.11
"07/10/2012",2.1
"07/11/2012",2.09
"07/12/2012",2.09
"07/13/2012",2.07
"07/16/2012",2.05
"07/17/2012",2.03
"07/18/2012",2.01
"07/19/2012",1.98
"07/20/2012",1.99
"07/23/2012",2.01
"07/24/2012",2.01
"07/25/2012",2.01
"07/26/2012",2
"07/27/2012",1.95
"07/30/2012",1.94
"07/31/2012",1.94
"08/01/2012",1.93
"08/02/2012",1.94
"08/03/2012",1.92
"08/06/2012",1.9
"08/07/2012",1.89
"08/08/2012",1.88
"08/09/2012",1.88
"08/10/2012",1.87
"08/13/2012",1.88
"08/14/2012",1.86
"08/15/2012",1.86
"08/16/2012",1.86
"08/17/2012",1.85
"08/20/2012",1.84
"08/21/2012",1.84
"08/22/2012",1.84
"08/23/2012",1.84
"08/24/2012",1.84
"08/27/2012",1.84
"08/28/2012",1.84
"08/29/2012",1.84
"08/30/2012",1.85
"08/31/2012",1.86
"09/03/2012",1.86
"09/04/2012",1.85
"09/05/2012",1.85
"09/06/2012",1.83
"09/07/2012",1.81
"09/10/2012",1.8
"09/11/2012",1.79
"09/12/2012",1.77
"09/13/2012",1.76
"09/14/2012",1.7
"09/17/2012",1.68
"09/18/2012",1.68
"09/19/2012",1.67
"09/20/2012",1.68
"09/21/2012",1.67
"09/24/2012",1.67
"09/25/2012",1.68
"09/26/2012",1.7
"09/27/2012",1.7
"09/28/2012",1.68
"09/30/2012",1.69
"10/01/2012",1.68
"10/02/2012",1.67
"10/03/2012",1.67
"10/04/2012",1.64
"10/05/2012",1.62
"10/08/2012",1.61
"10/09/2012",1.61
"10/10/2012",1.6
"10/11/2012",1.59
"10/12/2012",1.58
"10/15/2012",1.56
"10/16/2012",1.52
"10/17/2012",1.48
"10/18/2012",1.46
"10/19/2012",1.47
"10/22/2012",1.47
"10/23/2012",1.49
"10/24/2012",1.49
"10/25/2012",1.48
"10/26/2012",1.49
"10/29/2012",1.49
"10/31/2012",1.51
"11/01/2012",1.5
"11/02/2012",1.5
"11/05/2012",1.51
"11/06/2012",1.5
"11/07/2012",1.54
"11/08/2012",1.55
"11/09/2012",1.57
"11/12/2012",1.57
"11/13/2012",1.59
"11/14/2012",1.6
"11/15/2012",1.62
"11/16/2012",1.62
"11/19/2012",1.61
"11/20/2012",1.61
"11/21/2012",1.61
"11/22/2012",1.61
"11/23/2012",1.61
"11/26/2012",1.6
"11/27/2012",1.6
"11/28/2012",1.61
"11/29/2012",1.61
"11/30/2012",1.6
"12/03/2012",1.6
"12/04/2012",1.6
"12/05/2012",1.6
"12/06/2012",1.6
"12/07/2012",1.59
"12/10/2012",1.59
"12/11/2012",1.59
"12/12/2012",1.58
"12/13/2012",1.58
"12/14/2012",1.57
"12/17/2012",1.56
"12/18/2012",1.55
"12/19/2012",1.54
"12/20/2012",1.53
"12/21/2012",1.53
"12/24/2012",1.53
"12/26/2012",1.54
"12/27/2012",1.54
"12/28/2012",1.53
"12/31/2012",1.54
"01/02/2013",1.5
"01/03/2013",1.48
"01/04/2013",1.46
"01/07/2013",1.45
"01/08/2013",1.45
"01/09/2013",1.46
"01/10/2013",1.45
"01/11/2013",1.45
"01/14/2013",1.45
"01/15/2013",1.47
"01/16/2013",1.47
"01/17/2013",1.47
"01/18/2013",1.47
"01/21/2013",1.46
"01/22/2013",1.47
"01/23/2013",1.47
"01/24/2013",1.47
"01/25/2013",1.45
"01/28/2013",1.44
"01/29/2013",1.44
"01/30/2013",1.45
"01/31/2013",1.48
"02/01/2013",1.47
"02/04/2013",1.49
"02/05/2013",1.48
"02/06/2013",1.49
"02/07/2013",1.49
"02/08/2013",1.49
"02/11/2013",1.48
"02/12/2013",1.48
"02/13/2013",1.47
"02/14/2013",1.47
"02/15/2013",1.47
"02/18/2013",1.47
"02/19/2013",1.47
"02/20/2013",1.47
"02/21/2013",1.47
"02/22/2013",1.47
"02/25/2013",1.47
"02/26/2013",1.49
"02/27/2013",1.49
"02/28/2013",1.49
"03/01/2013",1.49
"03/04/2013",1.49
"03/05/2013",1.48
"03/06/2013",1.47
"03/07/2013",1.46
"03/08/2013",1.45
"03/11/2013",1.45
"03/12/2013",1.45
"03/13/2013",1.45
"03/14/2013",1.44
"03/15/2013",1.45
"03/18/2013",1.46
"03/19/2013",1.46
"03/20/2013",1.47
"03/21/2013",1.47
"03/22/2013",1.48
"03/25/2013",1.47
"03/26/2013",1.49
"03/27/2013",1.5
"03/28/2013",1.5
"03/31/2013",1.51
"04/01/2013",1.51
"04/02/2013",1.51
"04/03/2013",1.52
"04/04/2013",1.51
"04/05/2013",1.51
"04/08/2013",1.5
"04/09/2013",1.49
"04/10/2013",1.48
"04/11/2013",1.48
"04/12/2013",1.48
"04/15/2013",1.48
"04/16/2013",1.48
"04/17/2013",1.49
"04/18/2013",1.49
"04/19/2013",1.49
"04/22/2013",1.48
"04/23/2013",1.47
"04/24/2013",1.47
"04/25/2013",1.47
"04/26/2013",1.47
"04/29/2013",1.47
"04/30/2013",1.47
"05/01/2013",1.47
"05/02/2013",1.47
"05/03/2013",1.45
"05/06/2013",1.44
"05/07/2013",1.43
"05/08/2013",1.43
"05/09/2013",1.43
"05/10/2013",1.43
"05/13/2013",1.43
"05/14/2013",1.42
"05/15/2013",1.42
"05/16/2013",1.43
"05/17/2013",1.42
"05/20/2013",1.41
"05/21/2013",1.42
"05/22/2013",1.41
"05/23/2013",1.42
"05/24/2013",1.42
"05/27/2013",1.42
"05/28/2013",1.41
"05/29/2013",1.43
"05/30/2013",1.44
"05/31/2013",1.47
"06/03/2013",1.48
"06/04/2013",1.49
"06/05/2013",1.53
"06/06/2013",1.55
"06/07/2013",1.54
"06/10/2013",1.54
"06/11/2013",1.58
"06/12/2013",1.58
"06/13/2013",1.59
"06/14/2013",1.57
"06/17/2013",1.57
"06/18/2013",1.58
"06/19/2013",1.57
"06/20/2013",1.65
"06/21/2013",1.66
"06/24/2013",1.72
"06/25/2013",1.71
"06/26/2013",1.7
"06/27/2013",1.68
"06/28/2013",1.67
"06/30/2013",1.67
"07/01/2013",1.67
"07/02/2013",1.65
"07/03/2013",1.66
"07/04/2013",1.66
"07/05/2013",1.64
"07/08/2013",1.64
"07/09/2013",1.62
"07/10/2013",1.62
"07/11/2013",1.61
"07/12/2013",1.6
"07/15/2013",1.59
"07/16/2013",1.57
"07/17/2013",1.57
"07/18/2013",1.55
"07/19/2013",1.54
"07/22/2013",1.53
"07/23/2013",1.52
"07/24/2013",1.52
"07/25/2013",1.53
"07/26/2013",1.53
"07/29/2013",1.53
"07/30/2013",1.53
"07/31/2013",1.53
"08/01/2013",1.51
"08/02/2013",1.53
"08/05/2013",1.52
"08/06/2013",1.52
"08/07/2013",1.53
"08/08/2013",1.53
"08/09/2013",1.53
"08/12/2013",1.53
"08/13/2013",1.52
"08/14/2013",1.53
"08/15/2013",1.54
"08/16/2013",1.53
"08/19/2013",1.54
"08/20/2013",1.55
"08/21/2013",1.55
"08/22/2013",1.55
"08/23/2013",1.54
"08/26/2013",1.54
"08/27/2013",1.55
"08/28/2013",1.55
"08/29/2013",1.55
"09/02/2013",1.55
"09/03/2013",1.55
"09/04/2013",1.54
"09/05/2013",1.55
"09/06/2013",1.54
"09/09/2013",1.55
"09/10/2013",1.55
"09/11/2013",1.55
"09/12/2013",1.55
"09/13/2013",1.54
"09/16/2013",1.54
"09/17/2013",1.54
"09/18/2013",1.56
"09/19/2013",1.52
"09/20/2013",1.52
"09/23/2013",1.52
"09/24/2013",1.52
"09/25/2013",1.52
"09/26/2013",1.52
"09/27/2013",1.53
"09/30/2013",1.56
"10/01/2013",1.55
"10/02/2013",1.55
"10/03/2013",1.54
"10/04/2013",1.54
"10/07/2013",1.53
"10/08/2013",1.52
"10/09/2013",1.52
"10/10/2013",1.51
"10/11/2013",1.5
"10/14/2013",1.5
"10/15/2013",1.49
"10/16/2013",1.48
"10/17/2013",1.48
"10/18/2013",1.46
"10/21/2013",1.45
"10/22/2013",1.45
"10/23/2013",1.45
"10/24/2013",1.45
"10/25/2013",1.45
"10/28/2013",1.45
"10/29/2013",1.44
"10/30/2013",1.45
"10/31/2013",1.45
"11/01/2013",1.44
"11/04/2013",1.45
"11/05/2013",1.45
"11/06/2013",1.46
"11/07/2013",1.46
"11/08/2013",1.46
"11/11/2013",1.46
"11/12/2013",1.46
"11/13/2013",1.46
"11/14/2013",1.46
"11/15/2013",1.45
"11/18/2013",1.44
"11/19/2013",1.43
"11/20/2013",1.43
"11/21/2013",1.43
"11/22/2013",1.42
"11/25/2013",1.41
"11/26/2013",1.42
"11/27/2013",1.41
"11/28/2013",1.41
"11/29/2013",1.41
"11/30/2013",1.41
"12/02/2013",1.4
"12/03/2013",1.4
"12/04/2013",1.4
"12/05/2013",1.4
"12/06/2013",1.39
"12/09/2013",1.38
"12/10/2013",1.38
"12/11/2013",1.37
"12/12/2013",1.36
"12/13/2013",1.35
"12/16/2013",1.34
"12/17/2013",1.34
"12/18/2013",1.33
"12/19/2013",1.31
"12/20/2013",1.3
"12/23/2013",1.3
"12/24/2013",1.29
"12/26/2013",1.29
"12/27/2013",1.29
"12/30/2013",1.28
"12/31/2013",1.28
"01/02/2014",1.27
"01/03/2014",1.27
"01/06/2014",1.26
"01/07/2014",1.25
"01/08/2014",1.25
"01/09/2014",1.24
"01/10/2014",1.25
"01/13/2014",1.25
"01/14/2014",1.24
"01/15/2014",1.23
"01/16/2014",1.23
"01/17/2014",1.23
"01/20/2014",1.23
"01/21/2014",1.22
"01/22/2014",1.22
"01/23/2014",1.25
"01/24/2014",1.27
"01/27/2014",1.27
"01/28/2014",1.27
"01/29/2014",1.28
"01/30/2014",1.28
"01/31/2014",1.3
"02/03/2014",1.32
"02/04/2014",1.31
"02/05/2014",1.31
"02/06/2014",1.29
"02/07/2014",1.29
"02/10/2014",1.28
"02/11/2014",1.27
"02/12/2014",1.26
"02/13/2014",1.26
"02/14/2014",1.25
"02/17/2014",1.25
"02/18/2014",1.25
"02/19/2014",1.24
"02/20/2014",1.24
"02/21/2014",1.24
"02/24/2014",1.23
"02/25/2014",1.22
"02/26/2014",1.23
"02/27/2014",1.23
"02/28/2014",1.22
"03/03/2014",1.23
"03/04/2014",1.22
"03/05/2014",1.22
"03/06/2014",1.21
"03/07/2014",1.21
"03/10/2014",1.21
"03/11/2014",1.22
"03/12/2014",1.23
"03/13/2014",1.24
"03/14/2014",1.25
"03/17/2014",1.24
"03/18/2014",1.24
"03/19/2014",1.21
"03/20/2014",1.21
"03/21/2014",1.2
"03/24/2014",1.2
"03/25/2014",1.19
"03/26/2014",1.19
"03/27/2014",1.19
"03/28/2014",1.17
"03/31/2014",1.19
"04/01/2014",1.17
"04/02/2014",1.16
"04/03/2014",1.16
"04/04/2014",1.16
"04/07/2014",1.15
"04/08/2014",1.15
"04/09/2014",1.15
"04/10/2014",1.15
"04/11/2014",1.16
"04/14/2014",1.16
"04/15/2014",1.16
"04/16/2014",1.15
"04/17/2014",1.14
"04/21/2014",1.13
"04/22/2014",1.13
"04/23/2014",1.13
"04/24/2014",1.13
"04/25/2014",1.14
"04/28/2014",1.14
"04/29/2014",1.14
"04/30/2014",1.14
"05/01/2014",1.14
"05/02/2014",1.14
"05/05/2014",1.13
"05/06/2014",1.13
"05/07/2014",1.13
"05/08/2014",1.13
"05/09/2014",1.13
"05/12/2014",1.13
"05/13/2014",1.13
"05/14/2014",1.13
"05/15/2014",1.13
"05/16/2014",1.13
"05/19/2014",1.13
"05/20/2014",1.13
"05/21/2014",1.13
"05/22/2014",1.13
"05/23/2014",1.13
"05/26/2014",1.13
"05/27/2014",1.12
"05/28/2014",1.13
"05/29/2014",1.12
"05/30/2014",1.11
"05/31/2014",1.12
"06/02/2014",1.12
"06/03/2014",1.12
"06/04/2014",1.12
"06/05/2014",1.12
"06/06/2014",1.1
"06/09/2014",1.09
"06/10/2014",1.08
"06/11/2014",1.09
"06/12/2014",1.09
"06/13/2014",1.09
"06/16/2014",1.09
"06/17/2014",1.08
"06/18/2014",1.09
"06/19/2014",1.08
"06/20/2014",1.08
"06/23/2014",1.07
"06/24/2014",1.06
"06/25/2014",1.07
"06/26/2014",1.07
"06/27/2014",1.08
"06/30/2014",1.09
"07/01/2014",1.09
"07/02/2014",1.08
"07/03/2014",1.08
"07/04/2014",1.08
"07/07/2014",1.07
"07/08/2014",1.07
"07/09/2014",1.08
"07/10/2014",1.09
"07/11/2014",1.08
"07/14/2014",1.08
"07/15/2014",1.08
"07/16/2014",1.08
"07/17/2014",1.09
"07/18/2014",1.09
"07/21/2014",1.09
"07/22/2014",1.09
"07/23/2014",1.09
"07/24/2014",1.09
"07/25/2014",1.09
"07/28/2014",1.08
"07/29/2014",1.09
"07/30/2014",1.09
"07/31/2014",1.1
"08/01/2014",1.12
"08/04/2014",1.12
"08/05/2014",1.12
"08/06/2014",1.14
"08/07/2014",1.14
"08/08/2014",1.14
"08/11/2014",1.14
"08/12/2014",1.14
"08/13/2014",1.14
"08/14/2014",1.14
"08/15/2014",1.14
"08/18/2014",1.13
"08/19/2014",1.13
"08/20/2014",1.13
"08/21/2014",1.12
"08/22/2014",1.12
"08/25/2014",1.12
"08/26/2014",1.11
"08/27/2014",1.11
"08/28/2014",1.12
"08/29/2014",1.12
"08/31/2014",1.12
"09/01/2014",1.12
"09/02/2014",1.12
"09/03/2014",1.12
"09/04/2014",1.12
"09/05/2014",1.12
"09/08/2014",1.12
"09/09/2014",1.12
"09/10/2014",1.13
"09/11/2014",1.14
"09/12/2014",1.14
"09/15/2014",1.14
"09/16/2014",1.15
"09/17/2014",1.14
"09/18/2014",1.14
"09/19/2014",1.13
"09/22/2014",1.14
"09/23/2014",1.14
"09/24/2014",1.15
"09/25/2014",1.16
"09/26/2014",1.17
"09/29/2014",1.19
"09/30/2014",1.2
"10/01/2014",1.21
"10/02/2014",1.22
"10/03/2014",1.21
"10/06/2014",1.2
"10/07/2014",1.2
"10/08/2014",1.22
"10/09/2014",1.22
"10/10/2014",1.23
"10/13/2014",1.23
"10/14/2014",1.24
"10/15/2014",1.29
"10/16/2014",1.29
"10/17/2014",1.28
"10/20/2014",1.28
"10/21/2014",1.28
"10/22/2014",1.27
"10/23/2014",1.27
"10/24/2014",1.27
"10/27/2014",1.27
"10/28/2014",1.27
"10/29/2014",1.26
"10/30/2014",1.27
"10/31/2014",1.27
"11/03/2014",1.27
"11/04/2014",1.28
"11/05/2014",1.28
"11/06/2014",1.29
"11/07/2014",1.3
"11/10/2014",1.29
"11/11/2014",1.29
"11/12/2014",1.3
"11/13/2014",1.31
"11/14/2014",1.32
"11/17/2014",1.33
"11/18/2014",1.34
"11/19/2014",1.35
"11/20/2014",1.35
"11/21/2014",1.34
"11/24/2014",1.34
"11/25/2014",1.34
"11/26/2014",1.34
"11/27/2014",1.33
"11/28/2014",1.34
"11/30/2014",1.35
"12/01/2014",1.36
"12/02/2014",1.36
"12/03/2014",1.37
"12/04/2014",1.37
"12/05/2014",1.37
"12/08/2014",1.38
"12/09/2014",1.4
"12/10/2014",1.42
"12/11/2014",1.43
"12/12/2014",1.45
"12/15/2014",1.47
"12/16/2014",1.51
"12/17/2014",1.5
"12/18/2014",1.47
"12/19/2014",1.46
"12/22/2014",1.44
"12/23/2014",1.43
"12/24/2014",1.43
"12/26/2014",1.43
"12/29/2014",1.43
"12/30/2014",1.43
"12/31/2014",1.44
"01/02/2015",1.45
"01/05/2015",1.46
"01/06/2015",1.48
"01/07/2015",1.49
"01/08/2015",1.47
"01/09/2015",1.48
"01/12/2015",1.49
"01/13/2015",1.5
"01/14/2015",1.52
"01/15/2015",1.53
"01/19/2015",1.53
"01/20/2015",1.53
"01/21/2015",1.52
"01/22/2015",1.51
"01/23/2015",1.5
"01/26/2015",1.49
"01/27/2015",1.5
"01/28/2015",1.51
"01/29/2015",1.51
"01/30/2015",1.52
"01/31/2015",1.53
"02/02/2015",1.53
"02/03/2015",1.51
"02/04/2015",1.5
"02/05/2015",1.49
"02/06/2015",1.46
"02/09/2015",1.45
"02/10/2015",1.45
"02/11/2015",1.45
"02/12/2015",1.43
"02/13/2015",1.43
"02/16/2015",1.43
"02/17/2015",1.41
"02/18/2015",1.4
"02/19/2015",1.39
"02/20/2015",1.38
"02/23/2015",1.38
"02/24/2015",1.38
"02/25/2015",1.39
"02/26/2015",1.37
"02/27/2015",1.38
"02/28/2015",1.32
"03/02/2015",1.31
"03/03/2015",1.3
"03/04/2015",1.31
"03/05/2015",1.31
"03/06/2015",1.29
"03/09/2015",1.3
"03/10/2015",1.32
"03/11/2015",1.32
"03/12/2015",1.33
"03/13/2015",1.34
"03/16/2015",1.35
"03/17/2015",1.37
"03/18/2015",1.38
"03/19/2015",1.38
"03/20/2015",1.38
"03/23/2015",1.38
"03/24/2015",1.38
"03/25/2015",1.38
"03/26/2015",1.38
"03/27/2015",1.38
"03/30/2015",1.38
"03/31/2015",1.36
"04/01/2015",1.37
"04/02/2015",1.36
"04/06/2015",1.36
"04/07/2015",1.34
"04/08/2015",1.34
"04/09/2015",1.33
"04/10/2015",1.32
"04/13/2015",1.32
"04/14/2015",1.32
"04/15/2015",1.33
"04/16/2015",1.33
"04/17/2015",1.33
"04/20/2015",1.33
"04/21/2015",1.32
"04/22/2015",1.31
"04/23/2015",1.32
"04/24/2015",1.32
"04/27/2015",1.32
"04/28/2015",1.32
"04/29/2015",1.32
"04/30/2015",1.34
"05/01/2015",1.33
"05/04/2015",1.33
"05/05/2015",1.33
"05/06/2015",1.33
"05/07/2015",1.33
"05/08/2015",1.34
"05/11/2015",1.32
"05/12/2015",1.33
"05/13/2015",1.33
"05/14/2015",1.33
"05/15/2015",1.33
"05/18/2015",1.32
"05/19/2015",1.32
"05/20/2015",1.33
"05/21/2015",1.34
"05/22/2015",1.34
"05/26/2015",1.34
"05/27/2015",1.35
"05/28/2015",1.36
"05/29/2015",1.37
"05/31/2015",1.38
"06/01/2015",1.38
"06/02/2015",1.38
"06/03/2015",1.38
"06/04/2015",1.39
"06/05/2015",1.38
"06/08/2015",1.38
"06/09/2015",1.39
"06/10/2015",1.4
"06/11/2015",1.4
"06/12/2015",1.4
"06/15/2015",1.42
"06/16/2015",1.43
"06/17/2015",1.43
"06/18/2015",1.44
"06/19/2015",1.44
"06/22/2015",1.43
"06/23/2015",1.43
"06/24/2015",1.44
"06/25/2015",1.44
"06/26/2015",1.43
"06/29/2015",1.46
"06/30/2015",1.48
"07/01/2015",1.46
"07/02/2015",1.46
"07/03/2015",1.46
"07/06/2015",1.47
"07/07/2015",1.49
"07/08/2015",1.5
"07/09/2015",1.5
"07/10/2015",1.49
"07/13/2015",1.48
"07/14/2015",1.49
"07/15/2015",1.5
"07/16/2015",1.5
"07/17/2015",1.5
"07/20/2015",1.5
"07/21/2015",1.51
"07/22/2015",1.52
"07/23/2015",1.53
"07/24/2015",1.54
"07/27/2015",1.55
"07/28/2015",1.56
"07/29/2015",1.56
"07/30/2015",1.56
"07/31/2015",1.58
"08/03/2015",1.58
"08/04/2015",1.58
"08/05/2015",1.58
"08/06/2015",1.59
"08/07/2015",1.6
"08/10/2015",1.61
"08/11/2015",1.62
"08/12/2015",1.64
"08/13/2015",1.64
"08/14/2015",1.64
"08/17/2015",1.64
"08/18/2015",1.64
"08/19/2015",1.66
"08/20/2015",1.67
"08/21/2015",1.69
"08/24/2015",1.72
"08/25/2015",1.72
"08/26/2015",1.72
"08/27/2015",1.7
"08/28/2015",1.69
"08/31/2015",1.69
"09/01/2015",1.7
"09/02/2015",1.69
"09/03/2015",1.68
"09/04/2015",1.68
"09/07/2015",1.68
"09/08/2015",1.67
"09/09/2015",1.67
"09/10/2015",1.67
"09/11/2015",1.67
"09/14/2015",1.67
"09/15/2015",1.66
"09/16/2015",1.66
"09/17/2015",1.66
"09/18/2015",1.66
"09/21/2015",1.66
"09/22/2015",1.67
"09/23/2015",1.68
"09/24/2015",1.7
"09/25/2015",1.7
"09/28/2015",1.74
"09/29/2015",1.77
"09/30/2015",1.78
"10/01/2015",1.79
"10/02/2015",1.8
"10/05/2015",1.78
"10/06/2015",1.77
"10/07/2015",1.75
"10/08/2015",1.74
"10/09/2015",1.73
"10/12/2015",1.73
"10/13/2015",1.73
"10/14/2015",1.74
"10/15/2015",1.73
"10/16/2015",1.72
"10/19/2015",1.72
"10/20/2015",1.71
"10/21/2015",1.7
"10/22/2015",1.69
"10/23/2015",1.67
"10/26/2015",1.66
"10/27/2015",1.67
"10/28/2015",1.66
"10/29/2015",1.65
"10/30/2015",1.65
"10/31/2015",1.66
"11/02/2015",1.65
"11/03/2015",1.64
"11/04/2015",1.63
"11/05/2015",1.62
"11/06/2015",1.61
"11/09/2015",1.61
"11/10/2015",1.61
"11/11/2015",1.61
"11/12/2015",1.62
"11/13/2015",1.63
"11/16/2015",1.63
"11/17/2015",1.62
"11/18/2015",1.63
"11/19/2015",1.62
"11/20/2015",1.62
"11/23/2015",1.62
"11/24/2015",1.63
"11/25/2015",1.63
"11/26/2015",1.63
"11/27/2015",1.63
"11/30/2015",1.62
"12/01/2015",1.62
"12/02/2015",1.63
"12/03/2015",1.62
"12/04/2015",1.62
"12/07/2015",1.63
"12/08/2015",1.65
"12/09/2015",1.66
"12/10/2015",1.67
"12/11/2015",1.71
"12/14/2015",1.74
"12/15/2015",1.74
"12/16/2015",1.73
"12/17/2015",1.73
"12/18/2015",1.74
"12/21/2015",1.75
"12/22/2015",1.74
"12/23/2015",1.74
"12/24/2015",1.74
"12/28/2015",1.74
"12/29/2015",1.73
"12/30/2015",1.72
"12/31/2015",1.73
"01/04/2016",1.73
"01/05/2016",1.73
"01/06/2016",1.74
"01/07/2016",1.75
"01/08/2016",1.77
"01/11/2016",1.78
"01/12/2016",1.8
"01/13/2016",1.8
"01/14/2016",1.84
"01/15/2016",1.89
"01/18/2016",1.89
"01/19/2016",1.91
"01/20/2016",1.98
"01/21/2016",1.98
"01/22/2016",1.96
"01/25/2016",1.98
"01/26/2016",1.99
"01/27/2016",2
"01/28/2016",2.01
"01/29/2016",2.02
"01/31/2016",2.02
"02/01/2016",2.02
"02/02/2016",2.06
"02/03/2016",2.08
"02/04/2016",2.08
"02/05/2016",2.09
"02/08/2016",2.13
"02/09/2016",2.15
"02/10/2016",2.17
"02/11/2016",2.21
"02/12/2016",2.2
"02/15/2016",2.2
"02/16/2016",2.19
"02/17/2016",2.17
"02/18/2016",2.16
"02/19/2016",2.15
"02/22/2016",2.14
"02/23/2016",2.14
"02/24/2016",2.14
"02/25/2016",2.14
"02/26/2016",2.11
"02/29/2016",2.05
"03/01/2016",2.02
"03/02/2016",1.99
"03/03/2016",1.98
"03/04/2016",1.95
"03/07/2016",1.93
"03/08/2016",1.93
"03/09/2016",1.91
"03/10/2016",1.88
"03/11/2016",1.85
"03/14/2016",1.81
"03/15/2016",1.8
"03/16/2016",1.8
"03/17/2016",1.78
"03/18/2016",1.76
"03/21/2016",1.74
"03/22/2016",1.72
"03/23/2016",1.72
"03/24/2016",1.73
"03/28/2016",1.73
"03/29/2016",1.73
"03/30/2016",1.72
"03/31/2016",1.7
"04/01/2016",1.69
"04/04/2016",1.68
"04/05/2016",1.69
"04/06/2016",1.69
"04/07/2016",1.7
"04/08/2016",1.7
"04/11/2016",1.69
"04/12/2016",1.68
"04/13/2016",1.66
"04/14/2016",1.64
"04/15/2016",1.64
"04/18/2016",1.63
"04/19/2016",1.61
"04/20/2016",1.58
"04/21/2016",1.56
"04/22/2016",1.55
"04/25/2016",1.54
"04/26/2016",1.53
"04/27/2016",1.53
"04/28/2016",1.52
"04/29/2016",1.52
"04/30/2016",1.52
"05/02/2016",1.52
"05/03/2016",1.53
"05/04/2016",1.54
"05/05/2016",1.55
"05/06/2016",1.56
"05/09/2016",1.56
"05/10/2016",1.56
"05/11/2016",1.57
"05/12/2016",1.56
"05/13/2016",1.57
"05/16/2016",1.56
"05/17/2016",1.56
"05/18/2016",1.55
"05/19/2016",1.56
"05/20/2016",1.56
"05/23/2016",1.56
"05/24/2016",1.55
"05/25/2016",1.55
"05/26/2016",1.54
"05/27/2016",1.54
"05/30/2016",1.54
"05/31/2016",1.54
"06/01/2016",1.54
"06/02/2016",1.54
"06/03/2016",1.56
"06/06/2016",1.55
"06/07/2016",1.54
"06/08/2016",1.54
"06/09/2016",1.54
"06/10/2016",1.56
"06/13/2016",1.57
"06/14/2016",1.59
"06/15/2016",1.6
"06/16/2016",1.61
"06/17/2016",1.6
"06/20/2016",1.58
"06/21/2016",1.57
"06/22/2016",1.56
"06/23/2016",1.54
"06/24/2016",1.61
"06/27/2016",1.64
"06/28/2016",1.63
"06/29/2016",1.62
"06/30/2016",1.62
"07/01/2016",1.61
"07/04/2016",1.61
"07/05/2016",1.61
"07/06/2016",1.6
"07/07/2016",1.59
"07/08/2016",1.57
"07/11/2016",1.55
"07/12/2016",1.52
"07/13/2016",1.52
"07/14/2016",1.5
"07/15/2016",1.49
"07/18/2016",1.49
"07/19/2016",1.48
"07/20/2016",1.48
"07/21/2016",1.48
"07/22/2016",1.47
"07/25/2016",1.46
"07/26/2016",1.47
"07/27/2016",1.48
"07/28/2016",1.49
"07/29/2016",1.5
"07/31/2016",1.5
"08/01/2016",1.5
"08/02/2016",1.5
"08/03/2016",1.51
"08/04/2016",1.51
"08/05/2016",1.49
"08/08/2016",1.47
"08/09/2016",1.47
"08/10/2016",1.46
"08/11/2016",1.45
"08/12/2016",1.45
"08/15/2016",1.44
"08/16/2016",1.43
"08/17/2016",1.42
"08/18/2016",1.42
"08/19/2016",1.4
"08/22/2016",1.41
"08/23/2016",1.4
"08/24/2016",1.4
"08/25/2016",1.39
"08/26/2016",1.38
"08/29/2016",1.38
"08/30/2016",1.38
"08/31/2016",1.39
"09/01/2016",1.39
"09/02/2016",1.39
"09/05/2016",1.39
"09/06/2016",1.4
"09/07/2016",1.4
"09/08/2016",1.4
"09/09/2016",1.4
"09/12/2016",1.42
"09/13/2016",1.42
"09/14/2016",1.43
"09/15/2016",1.43
"09/16/2016",1.43
"09/19/2016",1.42
"09/20/2016",1.42
"09/21/2016",1.42
"09/22/2016",1.41
"09/23/2016",1.41
"09/26/2016",1.42
"09/27/2016",1.43
"09/28/2016",1.43
"09/29/2016",1.43
"09/30/2016",1.43
"10/03/2016",1.42
"10/04/2016",1.41
"10/05/2016",1.4
"10/06/2016",1.39
"10/07/2016",1.38
"10/10/2016",1.38
"10/11/2016",1.37
"10/12/2016",1.37
"10/13/2016",1.37
"10/14/2016",1.36
"10/17/2016",1.37
"10/18/2016",1.36
"10/19/2016",1.35
"10/20/2016",1.35
"10/21/2016",1.35
"10/24/2016",1.35
"10/25/2016",1.35
"10/26/2016",1.36
"10/27/2016",1.36
"10/28/2016",1.37
"10/31/2016",1.38
"11/01/2016",1.39
"11/02/2016",1.4
"11/03/2016",1.41
"11/04/2016",1.41
"11/07/2016",1.4
"11/08/2016",1.39
"11/09/2016",1.37
"11/10/2016",1.36
"11/11/2016",1.36
"11/14/2016",1.36
"11/15/2016",1.35
"11/16/2016",1.35
"11/17/2016",1.35
"11/18/2016",1.36
"11/21/2016",1.36
"11/22/2016",1.37
"11/23/2016",1.36
"11/24/2016",1.36
"11/25/2016",1.36
"11/28/2016",1.36
"11/29/2016",1.36
"11/30/2016",1.36
"12/01/2016",1.35
"12/02/2016",1.35
"12/05/2016",1.35
"12/06/2016",1.34
"12/07/2016",1.34
"12/08/2016",1.33
"12/09/2016",1.33
"12/12/2016",1.32
"12/13/2016",1.31
"12/14/2016",1.3
"12/15/2016",1.3
"12/16/2016",1.3
"12/19/2016",1.3
"12/20/2016",1.29
"12/21/2016",1.29
"12/22/2016",1.29
"12/23/2016",1.29
"12/27/2016",1.28
"12/28/2016",1.28
"12/29/2016",1.28
"12/30/2016",1.29
"12/31/2016",1.3
"01/03/2017",1.28
"01/04/2017",1.28
"01/05/2017",1.29
"01/06/2017",1.28
"01/09/2017",1.29
"01/10/2017",1.29
"01/11/2017",1.29
"01/12/2017",1.29
"01/13/2017",1.28
"01/16/2017",1.28
"01/17/2017",1.28
"01/18/2017",1.29
"01/19/2017",1.28
"01/20/2017",1.28
"01/23/2017",1.28
"01/24/2017",1.27
"01/25/2017",1.27
"01/26/2017",1.26
"01/27/2017",1.26
"01/30/2017",1.26
"01/31/2017",1.28
"02/01/2017",1.28
"02/02/2017",1.28
"02/03/2017",1.27
"02/06/2017",1.27
"02/07/2017",1.28
"02/08/2017",1.28
"02/09/2017",1.28
"02/10/2017",1.27
"02/13/2017",1.26
"02/14/2017",1.24
"02/15/2017",1.23
"02/16/2017",1.24
"02/17/2017",1.24
"02/20/2017",1.24
"02/21/2017",1.24
"02/22/2017",1.23
"02/23/2017",1.23
"02/24/2017",1.23
"02/27/2017",1.22
"02/28/2017",1.21
"03/01/2017",1.19
"03/02/2017",1.18
"03/03/2017",1.18
"03/06/2017",1.18
"03/07/2017",1.19
"03/08/2017",1.19
"03/09/2017",1.21
"03/10/2017",1.21
"03/13/2017",1.21
"03/14/2017",1.22
"03/15/2017",1.23
"03/16/2017",1.22
"03/17/2017",1.22
"03/20/2017",1.22
"03/21/2017",1.22
"03/22/2017",1.23
"03/23/2017",1.23
"03/24/2017",1.23
"03/27/2017",1.23
"03/28/2017",1.22
"03/29/2017",1.22
"03/30/2017",1.22
"03/31/2017",1.24
"04/03/2017",1.24
"04/04/2017",1.24
"04/05/2017",1.24
"04/06/2017",1.24
"04/07/2017",1.23
"04/10/2017",1.23
"04/11/2017",1.24
"04/12/2017",1.24
"04/13/2017",1.25
"04/17/2017",1.24
"04/18/2017",1.25
"04/19/2017",1.25
"04/20/2017",1.25
"04/21/2017",1.25
"04/24/2017",1.24
"04/25/2017",1.23
"04/26/2017",1.23
"04/27/2017",1.22
"04/28/2017",1.22
"04/30/2017",1.23
"05/01/2017",1.23
"05/02/2017",1.22
"05/03/2017",1.22
"05/04/2017",1.21
"05/05/2017",1.21
"05/08/2017",1.2
"05/09/2017",1.19
"05/10/2017",1.19
"05/11/2017",1.18
"05/12/2017",1.18
"05/15/2017",1.17
"05/16/2017",1.17
"05/17/2017",1.18
"05/18/2017",1.19
"05/19/2017",1.18
"05/22/2017",1.18
"05/23/2017",1.17
"05/24/2017",1.18
"05/25/2017",1.18
"05/26/2017",1.18
"05/29/2017",1.17
"05/30/2017",1.18
"05/31/2017",1.19
"06/01/2017",1.19
"06/02/2017",1.19
"06/05/2017",1.19
"06/06/2017",1.19
"06/07/2017",1.19
"06/08/2017",1.19
"06/09/2017",1.19
"06/12/2017",1.18
"06/13/2017",1.18
"06/14/2017",1.18
"06/15/2017",1.18
"06/16/2017",1.18
"06/19/2017",1.17
"06/20/2017",1.17
"06/21/2017",1.17
"06/22/2017",1.18
"06/23/2017",1.18
"06/26/2017",1.17
"06/27/2017",1.16
"06/28/2017",1.16
"06/29/2017",1.15
"06/30/2017",1.15
"07/03/2017",1.14
"07/04/2017",1.14
"07/05/2017",1.14
"07/06/2017",1.13
"07/07/2017",1.12
"07/10/2017",1.12
"07/11/2017",1.12
"07/12/2017",1.12
"07/13/2017",1.11
"07/14/2017",1.11
"07/17/2017",1.1
"07/18/2017",1.1
"07/19/2017",1.1
"07/20/2017",1.1
"07/21/2017",1.1
"07/24/2017",1.09
"07/25/2017",1.08
"07/26/2017",1.08
"07/27/2017",1.08
"07/28/2017",1.08
"07/31/2017",1.09
"08/01/2017",1.08
"08/02/2017",1.08
"08/03/2017",1.09
"08/04/2017",1.09
"08/07/2017",1.1
"08/08/2017",1.1
"08/09/2017",1.12
"08/10/2017",1.14
"08/11/2017",1.16
"08/14/2017",1.15
"08/15/2017",1.14
"08/16/2017",1.14
"08/17/2017",1.14
"08/18/2017",1.15
"08/21/2017",1.15
"08/22/2017",1.15
"08/23/2017",1.15
"08/24/2017",1.15
"08/25/2017",1.14
"08/28/2017",1.14
"08/29/2017",1.15
"08/30/2017",1.15
"08/31/2017",1.16
"09/01/2017",1.15
"09/04/2017",1.15
"09/05/2017",1.16
"09/06/2017",1.16
"09/07/2017",1.17
"09/08/2017",1.17
"09/11/2017",1.17
"09/12/2017",1.16
"09/13/2017",1.15
"09/14/2017",1.15
"09/15/2017",1.14
"09/18/2017",1.13
"09/19/2017",1.12
"09/20/2017",1.11
"09/21/2017",1.11
"09/22/2017",1.11
"09/25/2017",1.11
"09/26/2017",1.1
"09/27/2017",1.09
"09/28/2017",1.08
"09/29/2017",1.06
"09/30/2017",1.07
"10/02/2017",1.06
"10/03/2017",1.05
"10/04/2017",1.04
"10/05/2017",1.04
"10/06/2017",1.04
"10/09/2017",1.03
"10/10/2017",1.03
"10/11/2017",1.03
"10/12/2017",1.03
"10/13/2017",1.04
"10/16/2017",1.03
"10/17/2017",1.03
"10/18/2017",1.02
"10/19/2017",1.02
"10/20/2017",1.01
"10/23/2017",1.01
"10/24/2017",1
"10/25/2017",1
"10/26/2017",1
"10/27/2017",1
"10/30/2017",1
"10/31/2017",1.01
"11/01/2017",1.01
"11/02/2017",1.02
"11/03/2017",1.02
"11/06/2017",1.03
"11/07/2017",1.04
"11/08/2017",1.04
"11/09/2017",1.05
"11/10/2017",1.06
"11/13/2017",1.05
"11/14/2017",1.06
"11/15/2017",1.08
"11/16/2017",1.07
"11/17/2017",1.06
"11/20/2017",1.06
"11/21/2017",1.05
"11/22/2017",1.05
"11/23/2017",1.05
"11/24/2017",1.04
"11/27/2017",1.04
"11/28/2017",1.04
"11/29/2017",1.03
"11/30/2017",1.03
"12/01/2017",1.03
"12/04/2017",1.02
"12/05/2017",1.02
"12/06/2017",1.02
"12/07/2017",1.02
"12/08/2017",1.02
"12/11/2017",1.02
"12/12/2017",1.01
"12/13/2017",1.01
"12/14/2017",1.01
"12/15/2017",1
"12/18/2017",1
"12/19/2017",0.99
"12/20/2017",0.99
"12/21/2017",0.99
"12/22/2017",0.99
"12/26/2017",0.99
"12/27/2017",0.99
"12/28/2017",0.98
"12/29/2017",0.98
"12/31/2017",0.99
"01/02/2018",0.98
"01/03/2018",0.99
"01/04/2018",0.98
"01/05/2018",0.98
"01/08/2018",0.97
"01/09/2018",0.96
"01/10/2018",0.95
"01/11/2018",0.95
"01/12/2018",0.95
"01/15/2018",0.94
"01/16/2018",0.94
"01/17/2018",0.94
"01/18/2018",0.94
"01/19/2018",0.95
"01/22/2018",0.94
"01/23/2018",0.94
"01/24/2018",0.94
"01/25/2018",0.93
"01/26/2018",0.92
"01/29/2018",0.92
"01/30/2018",0.91
"01/31/2018",0.91
"02/01/2018",0.9
"02/02/2018",0.9
"02/05/2018",0.91
"02/06/2018",0.93
"02/07/2018",0.92
"02/08/2018",0.93
"02/09/2018",0.97
"02/12/2018",0.97
"02/13/2018",1
"02/14/2018",0.99
"02/15/2018",0.98
"02/16/2018",0.98
"02/19/2018",0.98
"02/20/2018",0.98
"02/21/2018",0.98
"02/22/2018",0.99
"02/23/2018",1
"02/26/2018",1
"02/27/2018",1
"02/28/2018",1.01
"03/01/2018",1.04
"03/02/2018",1.05
"03/05/2018",1.05
"03/06/2018",1.04
"03/07/2018",1.05
"03/08/2018",1.05
"03/09/2018",1.06
"03/12/2018",1.07
"03/13/2018",1.08
"03/14/2018",1.09
"03/15/2018",1.1
"03/16/2018",1.1
"03/19/2018",1.1
"03/20/2018",1.11
"03/21/2018",1.11
"03/22/2018",1.14
"03/23/2018",1.15
"03/26/2018",1.16
"03/27/2018",1.16
"03/28/2018",1.16
"03/29/2018",1.16
"03/31/2018",1.17
"04/02/2018",1.17
"04/03/2018",1.16
"04/04/2018",1.16
"04/05/2018",1.14
"04/06/2018",1.14
"04/09/2018",1.14
"04/10/2018",1.13
"04/11/2018",1.13
"04/12/2018",1.12
"04/13/2018",1.11
"04/16/2018",1.11
"04/17/2018",1.1
"04/18/2018",1.1
"04/19/2018",1.1
"04/20/2018",1.1
"04/23/2018",1.11
"04/24/2018",1.11
"04/25/2018",1.11
"04/26/2018",1.12
"04/27/2018",1.12
"04/30/2018",1.14
"05/01/2018",1.15
"05/02/2018",1.15
"05/03/2018",1.16
"05/04/2018",1.17
"05/07/2018",1.17
"05/08/2018",1.17
"05/09/2018",1.17
"05/10/2018",1.16
"05/11/2018",1.15
"05/14/2018",1.14
"05/15/2018",1.14
"05/16/2018",1.14
"05/17/2018",1.14
"05/18/2018",1.14
"05/21/2018",1.14
"05/22/2018",1.14
"05/23/2018",1.15
"05/24/2018",1.15
"05/25/2018",1.16
"05/28/2018",1.16
"05/29/2018",1.2
"05/30/2018",1.2
"05/31/2018",1.22
"06/01/2018",1.21
"06/04/2018",1.2
"06/05/2018",1.21
"06/06/2018",1.21
"06/07/2018",1.21
"06/08/2018",1.22
"06/11/2018",1.22
"06/12/2018",1.22
"06/13/2018",1.21
"06/14/2018",1.21
"06/15/2018",1.21
"06/18/2018",1.22
"06/19/2018",1.24
"06/20/2018",1.24
"06/21/2018",1.27
"06/22/2018",1.27
"06/25/2018",1.29
"06/26/2018",1.29
"06/27/2018",1.29
"06/28/2018",1.3
"06/29/2018",1.29
"06/30/2018",1.3
"07/02/2018",1.3
"07/03/2018",1.3
"07/04/2018",1.3
"07/05/2018",1.29
"07/06/2018",1.28
"07/09/2018",1.27
"07/10/2018",1.25
"07/11/2018",1.25
"07/12/2018",1.25
"07/13/2018",1.24
"07/16/2018",1.23
"07/17/2018",1.23
"07/18/2018",1.23
"07/19/2018",1.23
"07/20/2018",1.22
"07/23/2018",1.21
"07/24/2018",1.2
"07/25/2018",1.19
"07/26/2018",1.17
"07/27/2018",1.16
"07/30/2018",1.16
"07/31/2018",1.16
"08/01/2018",1.16
"08/02/2018",1.16
"08/03/2018",1.15
"08/06/2018",1.15
"08/07/2018",1.14
"08/08/2018",1.15
"08/09/2018",1.16
"08/10/2018",1.18
"08/13/2018",1.19
"08/14/2018",1.19
"08/15/2018",1.2
"08/16/2018",1.19
"08/17/2018",1.18
"08/20/2018",1.19
"08/21/2018",1.18
"08/22/2018",1.19
"08/23/2018",1.19
"08/24/2018",1.19
"08/27/2018",1.19
"08/28/2018",1.18
"08/29/2018",1.18
"08/30/2018",1.19
"08/31/2018",1.21
"09/03/2018",1.21
"09/04/2018",1.21
"09/05/2018",1.21
"09/06/2018",1.21
"09/07/2018",1.2
"09/10/2018",1.2
"09/11/2018",1.19
"09/12/2018",1.18
"09/13/2018",1.17
"09/14/2018",1.16
"09/17/2018",1.15
"09/18/2018",1.15
"09/19/2018",1.14
"09/20/2018",1.13
"09/21/2018",1.13
"09/24/2018",1.13
"09/25/2018",1.12
"09/26/2018",1.12
"09/27/2018",1.12
"09/28/2018",1.11
"09/30/2018",1.13
"10/01/2018",1.13
"10/02/2018",1.13
"10/03/2018",1.11
"10/04/2018",1.12
"10/05/2018",1.13
"10/08/2018",1.13
"10/09/2018",1.13
"10/10/2018",1.13
"10/11/2018",1.16
"10/12/2018",1.16
"10/15/2018",1.15
"10/16/2018",1.16
"10/17/2018",1.16
"10/18/2018",1.17
"10/19/2018",1.17
"10/22/2018",1.18
"10/23/2018",1.2
"10/24/2018",1.19
"10/25/2018",1.22
"10/26/2018",1.23
"10/29/2018",1.23
"10/30/2018",1.25
"10/31/2018",1.25
"11/01/2018",1.26
"11/02/2018",1.24
"11/05/2018",1.25
"11/06/2018",1.23
"11/07/2018",1.22
"11/08/2018",1.22
"11/09/2018",1.23
"11/12/2018",1.23
"11/13/2018",1.26
"11/14/2018",1.29
"11/15/2018",1.33
"11/16/2018",1.34
"11/19/2018",1.36
"11/20/2018",1.39
"11/21/2018",1.38
"11/22/2018",1.38
"11/23/2018",1.38
"11/26/2018",1.38
"11/27/2018",1.4
"11/28/2018",1.41
"11/29/2018",1.42
"11/30/2018",1.45
"12/03/2018",1.44
"12/04/2018",1.46
"12/05/2018",1.46
"12/06/2018",1.51
"12/07/2018",1.51
"12/10/2018",1.52
"12/11/2018",1.51
"12/12/2018",1.5
"12/13/2018",1.48
"12/14/2018",1.48
"12/17/2018",1.48
"12/18/2018",1.49
"12/19/2018",1.49
"12/20/2018",1.52
"12/21/2018",1.54
"12/24/2018",1.55
"12/26/2018",1.56
"12/27/2018",1.57
"12/28/2018",1.58
"12/31/2018",1.59
"01/02/2019",1.6
"01/03/2019",1.63
"01/04/2019",1.62
"01/07/2019",1.6
"01/08/2019",1.58
"01/09/2019",1.56
"01/10/2019",1.55
"01/11/2019",1.54
"01/14/2019",1.54
"01/15/2019",1.54
"01/16/2019",1.52
"01/17/2019",1.5
"01/18/2019",1.46
"01/21/2019",1.46
"01/22/2019",1.46
"01/23/2019",1.44
"01/24/2019",1.43
"01/25/2019",1.4
"01/28/2019",1.4
"01/29/2019",1.39
"01/30/2019",1.39
"01/31/2019",1.38
"02/01/2019",1.36
"02/04/2019",1.34
"02/05/2019",1.33
"02/06/2019",1.32
"02/07/2019",1.34
"02/08/2019",1.34
"02/11/2019",1.34
"02/12/2019",1.33
"02/13/2019",1.32
"02/14/2019",1.33
"02/15/2019",1.32
"02/18/2019",1.32
"02/19/2019",1.32
"02/20/2019",1.32
"02/21/2019",1.32
"02/22/2019",1.32
"02/25/2019",1.31
"02/26/2019",1.31
"02/27/2019",1.3
"02/28/2019",1.29
"03/01/2019",1.28
"03/04/2019",1.27
"03/05/2019",1.27
"03/06/2019",1.28
"03/07/2019",1.29
"03/08/2019",1.29
"03/11/2019",1.29
"03/12/2019",1.28
"03/13/2019",1.28
"03/14/2019",1.27
"03/15/2019",1.26
"03/18/2019",1.26
"03/19/2019",1.25
"03/20/2019",1.26
"03/21/2019",1.25
"03/22/2019",1.25
"03/25/2019",1.25
"03/26/2019",1.25
"03/27/2019",1.25
"03/28/2019",1.25
"03/29/2019",1.25
"03/31/2019",1.27
"04/01/2019",1.25
"04/02/2019",1.25
"04/03/2019",1.24
"04/04/2019",1.24
"04/05/2019",1.23
"04/08/2019",1.22
"04/09/2019",1.22
"04/10/2019",1.21
"04/11/2019",1.2
"04/12/2019",1.18
"04/15/2019",1.17
"04/16/2019",1.16
"04/17/2019",1.16
"04/18/2019",1.17
"04/22/2019",1.17
"04/23/2019",1.17
"04/24/2019",1.17
"04/25/2019",1.17
"04/26/2019",1.17
"04/29/2019",1.16
"04/30/2019",1.17
"05/01/2019",1.17
"05/02/2019",1.18
"05/03/2019",1.18
"05/06/2019",1.18
"05/07/2019",1.19
"05/08/2019",1.2
"05/09/2019",1.22
"05/10/2019",1.22
"05/13/2019",1.24
"05/14/2019",1.24
"05/15/2019",1.24
"05/16/2019",1.24
"05/17/2019",1.24
"05/20/2019",1.24
"05/21/2019",1.24
"05/22/2019",1.25
"05/23/2019",1.28
"05/24/2019",1.27
"05/27/2019",1.27
"05/28/2019",1.29
"05/29/2019",1.32
"05/30/2019",1.31
"05/31/2019",1.35
"06/03/2019",1.36
"06/04/2019",1.35
"06/05/2019",1.34
"06/06/2019",1.34
"06/07/2019",1.34
"06/10/2019",1.32
"06/11/2019",1.32
"06/12/2019",1.32
"06/13/2019",1.32
"06/14/2019",1.32
"06/17/2019",1.32
"06/18/2019",1.3
"06/19/2019",1.3
"06/20/2019",1.28
"06/21/2019",1.25
"06/24/2019",1.23
"06/25/2019",1.24
"06/26/2019",1.23
"06/27/2019",1.23
"06/28/2019",1.22
"06/30/2019",1.22
"07/01/2019",1.21
"07/02/2019",1.2
"07/03/2019",1.2
"07/04/2019",1.2
"07/05/2019",1.19
"07/08/2019",1.19
"07/09/2019",1.2
"07/10/2019",1.2
"07/11/2019",1.19
"07/12/2019",1.18
"07/15/2019",1.18
"07/16/2019",1.18
"07/17/2019",1.18
"07/18/2019",1.19
"07/19/2019",1.18
"07/22/2019",1.17
"07/23/2019",1.16
"07/24/2019",1.16
"07/25/2019",1.15
"07/26/2019",1.14
"07/29/2019",1.13
"07/30/2019",1.14
"07/31/2019",1.14
"08/01/2019",1.17
"08/02/2019",1.19
"08/05/2019",1.24
"08/06/2019",1.25
"08/07/2019",1.27
"08/08/2019",1.26
"08/09/2019",1.26
"08/12/2019",1.27
"08/13/2019",1.26
"08/14/2019",1.29
"08/15/2019",1.31
"08/16/2019",1.31
"08/19/2019",1.29
"08/20/2019",1.28
"08/21/2019",1.26
"08/22/2019",1.25
"08/23/2019",1.25
"08/26/2019",1.25
"08/27/2019",1.25
"08/28/2019",1.26
"08/29/2019",1.26
"08/30/2019",1.25
"08/31/2019",1.26
"09/02/2019",1.26
"09/03/2019",1.27
"09/04/2019",1.27
"09/05/2019",1.26
"09/06/2019",1.26
"09/09/2019",1.25
"09/10/2019",1.25
"09/11/2019",1.24
"09/12/2019",1.22
"09/13/2019",1.21
"09/16/2019",1.21
"09/17/2019",1.21
"09/18/2019",1.2
"09/19/2019",1.19
"09/20/2019",1.19
"09/23/2019",1.19
"09/24/2019",1.2
"09/25/2019",1.2
"09/26/2019",1.2
"09/27/2019",1.21
"09/30/2019",1.22
"10/01/2019",1.22
"10/02/2019",1.25
"10/03/2019",1.26
"10/04/2019",1.26
"10/07/2019",1.25
"10/08/2019",1.26
"10/09/2019",1.25
"10/10/2019",1.25
"10/11/2019",1.22
"10/14/2019",1.22
"10/15/2019",1.2
"10/16/2019",1.2
"10/17/2019",1.19
"10/18/2019",1.18
"10/21/2019",1.17
"10/22/2019",1.16
"10/23/2019",1.17
"10/24/2019",1.16
"10/25/2019",1.14
"10/28/2019",1.13
"10/29/2019",1.13
"10/30/2019",1.14
"10/31/2019",1.17
"11/01/2019",1.16
"11/04/2019",1.15
"11/05/2019",1.13
"11/06/2019",1.13
"11/07/2019",1.11
"11/08/2019",1.11
"11/11/2019",1.11
"11/12/2019",1.11
"11/13/2019",1.12
"11/14/2019",1.13
"11/15/2019",1.12
"11/18/2019",1.12
"11/19/2019",1.12
"11/20/2019",1.13
"11/21/2019",1.14
"11/22/2019",1.13
"11/25/2019",1.12
"11/26/2019",1.12
"11/27/2019",1.11
"11/29/2019",1.11
"11/30/2019",1.11
"12/02/2019",1.11
"12/03/2019",1.13
"12/04/2019",1.11
"12/05/2019",1.1
"12/06/2019",1.09
"12/09/2019",1.08
"12/10/2019",1.07
"12/11/2019",1.07
"12/12/2019",1.06
"12/13/2019",1.05
"12/16/2019",1.04
"12/17/2019",1.03
"12/18/2019",1.02
"12/19/2019",1.01
"12/20/2019",1.01
"12/23/2019",1.01
"12/24/2019",1
"12/26/2019",1
"12/27/2019",1
"12/30/2019",1
"12/31/2019",1.01
"01/02/2020",1.01
"01/03/2020",1.03
"01/06/2020",1.03
"01/07/2020",1.04
"01/08/2020",1.03
"01/09/2020",1.02
"01/10/2020",1.01
"01/13/2020",1.01
"01/14/2020",1.02
"01/15/2020",1.02
"01/16/2020",1.01
"01/17/2020",0.99
"01/20/2020",0.99
"01/21/2020",0.99
"01/22/2020",0.99
"01/23/2020",1
"01/24/2020",1.01
"01/27/2020",1.04
"01/28/2020",1.04
"01/29/2020",1.04
"01/30/2020",1.06
"01/31/2020",1.09
"02/03/2020",1.08
"02/04/2020",1.06
"02/05/2020",1.05
"02/06/2020",1.03
"02/07/2020",1.04
"02/10/2020",1.04
"02/11/2020",1.04
"02/12/2020",1.02
"02/13/2020",1.02
"02/14/2020",1.02
"02/17/2020",1.02
"02/18/2020",1.02
"02/19/2020",1.02
"02/20/2020",1.04
"02/21/2020",1.05
"02/24/2020",1.1
"02/25/2020",1.13
"02/26/2020",1.15
"02/27/2020",1.21
"02/28/2020",1.31
"02/29/2020",1.3
"03/02/2020",1.33
"03/03/2020",1.32
"03/04/2020",1.32
"03/05/2020",1.35
"03/06/2020",1.49
"03/09/2020",1.88
"03/10/2020",1.87
"03/11/2020",1.96
"03/12/2020",2.22
"03/13/2020",2.29
"03/16/2020",2.55
"03/17/2020",2.72
"03/18/2020",3.03
"03/19/2020",3.51
"03/20/2020",3.87
"03/23/2020",4.01
"03/24/2020",3.82
"03/25/2020",3.54
"03/26/2020",3.33
"03/27/2020",3.24
"03/30/2020",3.15
"03/31/2020",3.05
"04/01/2020",3.05
"04/02/2020",3.06
"04/03/2020",3.08
"04/06/2020",3.03
"04/07/2020",2.92
"04/08/2020",2.83
"04/09/2020",2.61
"04/13/2020",2.46
"04/14/2020",2.35
"04/15/2020",2.38
"04/16/2020",2.36
"04/17/2020",2.34
"04/20/2020",2.36
"04/21/2020",2.41
"04/22/2020",2.39
"04/23/2020",2.36
"04/24/2020",2.36
"04/27/2020",2.34
"04/28/2020",2.34
"04/29/2020",2.31
"04/30/2020",2.17
"05/01/2020",2.18
"05/04/2020",2.2
"05/05/2020",2.18
"05/06/2020",2.18
"05/07/2020",2.21
"05/08/2020",2.22
"05/11/2020",2.23
"05/12/2020",2.22
"05/13/2020",2.21
"05/14/2020",2.21
"05/15/2020",2.2
"05/18/2020",2.12
"05/19/2020",2.06
"05/20/2020",2.01
"05/21/2020",1.98
"05/22/2020",1.97
"05/25/2020",1.96
"05/26/2020",1.92
"05/27/2020",1.9
"05/28/2020",1.87
"05/29/2020",1.85
"05/31/2020",1.87
"06/01/2020",1.85
"06/02/2020",1.81
"06/03/2020",1.74
"06/04/2020",1.7
"06/05/2020",1.6
"06/08/2020",1.56
"06/09/2020",1.59
"06/10/2020",1.61
"06/11/2020",1.7
"06/12/2020",1.69
"06/15/2020",1.7
"06/16/2020",1.58
"06/17/2020",1.57
"06/18/2020",1.58
"06/19/2020",1.57
"06/22/2020",1.57
"06/23/2020",1.56
"06/24/2020",1.6
"06/25/2020",1.61
"06/26/2020",1.62
"06/29/2020",1.62
"06/30/2020",1.6
"07/01/2020",1.58
"07/02/2020",1.54
"07/03/2020",1.54
"07/06/2020",1.51
"07/07/2020",1.51
"07/08/2020",1.51
"07/09/2020",1.52
"07/10/2020",1.52
"07/13/2020",1.5
"07/14/2020",1.5
"07/15/2020",1.48
"07/16/2020",1.47
"07/17/2020",1.46
"07/20/2020",1.44
"07/21/2020",1.41
"07/22/2020",1.39
"07/23/2020",1.39
"07/24/2020",1.39
"07/27/2020",1.39
"07/28/2020",1.4
"07/29/2020",1.4
"07/30/2020",1.41
"07/31/2020",1.41
"08/03/2020",1.4
"08/04/2020",1.4
"08/05/2020",1.37
"08/06/2020",1.36
"08/07/2020",1.35
"08/10/2020",1.34
"08/11/2020",1.33
"08/12/2020",1.33
"08/13/2020",1.34
"08/14/2020",1.35
"08/17/2020",1.36
"08/18/2020",1.37
"08/19/2020",1.37
"08/20/2020",1.38
"08/21/2020",1.38
"08/24/2020",1.37
"08/25/2020",1.37
"08/26/2020",1.37
"08/27/2020",1.38
"08/28/2020",1.37
"08/31/2020",1.36
"09/01/2020",1.35
"09/02/2020",1.34
"09/03/2020",1.35
"09/04/2020",1.35
"09/07/2020",1.35
"09/08/2020",1.37
"09/09/2020",1.37
"09/10/2020",1.37
"09/11/2020",1.37
"09/14/2020",1.36
"09/15/2020",1.36
"09/16/2020",1.35
"09/17/2020",1.35
"09/18/2020",1.35
"09/21/2020",1.37
"09/22/2020",1.37
"09/23/2020",1.39
"09/24/2020",1.43
"09/25/2020",1.46
"09/28/2020",1.45
"09/29/2020",1.44
"09/30/2020",1.44
"10/01/2020",1.43
"10/02/2020",1.43
"10/05/2020",1.4
"10/06/2020",1.38
"10/07/2020",1.36
"10/08/2020",1.36
"10/09/2020",1.35
"10/12/2020",1.34
"10/13/2020",1.33
"10/14/2020",1.33
"10/15/2020",1.34
"10/16/2020",1.33
"10/19/2020",1.32
"10/20/2020",1.32
"10/21/2020",1.31
"10/22/2020",1.31
"10/23/2020",1.3
"10/26/2020",1.3
"10/27/2020",1.3
"10/28/2020",1.32
"10/29/2020",1.33
"10/30/2020",1.33
"10/31/2020",1.34
"11/02/2020",1.33
"11/03/2020",1.32
"11/04/2020",1.3
"11/05/2020",1.27
"11/06/2020",1.25
"11/09/2020",1.19
"11/10/2020",1.19
"11/11/2020",1.18
"11/12/2020",1.21
"11/13/2020",1.21
"11/16/2020",1.19
"11/17/2020",1.19
"11/18/2020",1.17
"11/19/2020",1.16
"11/20/2020",1.16
"11/23/2020",1.16
"11/24/2020",1.15
"11/25/2020",1.14
"11/26/2020",1.14
"11/27/2020",1.13
"11/30/2020",1.12
"12/01/2020",1.09
"12/02/2020",1.08
"12/03/2020",1.07
"12/04/2020",1.07
"12/07/2020",1.07
"12/08/2020",1.08
"12/09/2020",1.1
"12/10/2020",1.11
"12/11/2020",1.11
"12/14/2020",1.11
"12/15/2020",1.1
"12/16/2020",1.08
"12/17/2020",1.07
"12/18/2020",1.07
"12/21/2020",1.07
"12/22/2020",1.07
"12/23/2020",1.07
"12/24/2020",1.06
"12/28/2020",1.05
"12/29/2020",1.05
"12/30/2020",1.03
"12/31/2020",1.03
"01/04/2021",1.04
"01/05/2021",1.05
"01/06/2021",1.04
"01/07/2021",1.03
"01/08/2021",1.02
"01/11/2021",1.01
"01/12/2021",1.01
"01/13/2021",1
"01/14/2021",0.99
"01/15/2021",1
"01/18/2021",0.99
"01/19/2021",0.99
"01/20/2021",0.99
"01/21/2021",1
"01/22/2021",1.01
"01/25/2021",1.02
"01/26/2021",1.02
"01/27/2021",1.03
"01/28/2021",1.02
"01/29/2021",1.02
"01/31/2021",1.03
"02/01/2021",1.03
"02/02/2021",1.02
"02/03/2021",1.01
"02/04/2021",1
"02/05/2021",0.99
"02/08/2021",0.98
"02/09/2021",0.98
"02/10/2021",0.98
"02/11/2021",0.98
"02/12/2021",0.97
"02/15/2021",0.97
"02/16/2021",0.95
"02/17/2021",0.94
"02/18/2021",0.94
"02/19/2021",0.94
"02/22/2021",0.95
"02/23/2021",0.97
"02/24/2021",0.96
"02/25/2021",0.95
"02/26/2021",0.95
"02/28/2021",0.95
"03/01/2021",0.96
"03/02/2021",0.96
"03/03/2021",0.95
"03/04/2021",0.97
"03/05/2021",1
"03/08/2021",1.02
"03/09/2021",1.04
"03/10/2021",1.04
"03/11/2021",1.02
"03/12/2021",1.02
"03/15/2021",1.02
"03/16/2021",1.01
"03/17/2021",1.02
"03/18/2021",1
"03/19/2021",1
"03/22/2021",1
"03/23/2021",1.01
"03/24/2021",1.01
"03/25/2021",1.02
"03/26/2021",1.01
"03/29/2021",1
"03/30/2021",0.99
"03/31/2021",0.97
"04/01/2021",0.95
"04/05/2021",0.94
"04/06/2021",0.95
"04/07/2021",0.95
"04/08/2021",0.95
"04/09/2021",0.94
"04/12/2021",0.94
"04/13/2021",0.94
"04/14/2021",0.93
"04/15/2021",0.94
"04/16/2021",0.94
"04/19/2021",0.95
"04/20/2021",0.96
"04/21/2021",0.96
"04/22/2021",0.96
"04/23/2021",0.95
"04/26/2021",0.95
"04/27/2021",0.94
"04/28/2021",0.94
"04/29/2021",0.94
"04/30/2021",0.94
"05/03/2021",0.94
"05/04/2021",0.94
"05/05/2021",0.94
"05/06/2021",0.94
"05/07/2021",0.93
"05/10/2021",0.93
"05/11/2021",0.93
"05/12/2021",0.93
"05/13/2021",0.93
"05/14/2021",0.92
"05/17/2021",0.91
"05/18/2021",0.91
"05/19/2021",0.92
"05/20/2021",0.92
"05/21/2021",0.91
"05/24/2021",0.91
"05/25/2021",0.9
"05/26/2021",0.9
"05/27/2021",0.9
"05/28/2021",0.9
"05/31/2021",0.91
"06/01/2021",0.91
"06/02/2021",0.9
"06/03/2021",0.9
"06/04/2021",0.91
"06/07/2021",0.91
"06/08/2021",0.91
"06/09/2021",0.91
"06/10/2021",0.91
"06/11/2021",0.9
"06/14/2021",0.89
"06/15/2021",0.89
"06/16/2021",0.87
"06/17/2021",0.87
"06/18/2021",0.87
"06/21/2021",0.87
"06/22/2021",0.88
"06/23/2021",0.88
"06/24/2021",0.87
"06/25/2021",0.86
"06/28/2021",0.86
"06/29/2021",0.86
"06/30/2021",0.86
"07/01/2021",0.87
"07/02/2021",0.87
"07/05/2021",0.87
"07/06/2021",0.87
"07/07/2021",0.88
"07/08/2021",0.9
"07/09/2021",0.9
"07/12/2021",0.9
"07/13/2021",0.89
"07/14/2021",0.89
"07/15/2021",0.9
"07/16/2021",0.91
"07/19/2021",0.93
"07/20/2021",0.94
"07/21/2021",0.93
"07/22/2021",0.93
"07/23/2021",0.92
"07/26/2021",0.92
"07/27/2021",0.92
"07/28/2021",0.92
"07/29/2021",0.91
"07/30/2021",0.91
"07/31/2021",0.92
"08/02/2021",0.93
"08/03/2021",0.93
"08/04/2021",0.93
"08/05/2021",0.93
"08/06/2021",0.93
"08/09/2021",0.93
"08/10/2021",0.93
"08/11/2021",0.93
"08/12/2021",0.93
"08/13/2021",0.93
"08/16/2021",0.93
"08/17/2021",0.93
"08/18/2021",0.94
"08/19/2021",0.95
"08/20/2021",0.95
"08/23/2021",0.95
"08/24/2021",0.94
"08/25/2021",0.93
"08/26/2021",0.93
"08/27/2021",0.92
"08/30/2021",0.92
"08/31/2021",0.92
"09/01/2021",0.92
"09/02/2021",0.92
"09/03/2021",0.92
"09/06/2021",0.92
"09/07/2021",0.92
"09/08/2021",0.92
"09/09/2021",0.92
"09/10/2021",0.91
"09/13/2021",0.9
"09/14/2021",0.9
"09/15/2021",0.9
"09/16/2021",0.9
"09/17/2021",0.9
"09/20/2021",0.91
"09/21/2021",0.91
"09/22/2021",0.9
"09/23/2021",0.89
"09/24/2021",0.87
"09/27/2021",0.86
"09/28/2021",0.87
"09/29/2021",0.87
"09/30/2021",0.89
"10/01/2021",0.89
"10/04/2021",0.89
"10/05/2021",0.89
"10/06/2021",0.9
"10/07/2021",0.9
"10/08/2021",0.9
"10/11/2021",0.9
"10/12/2021",0.91
"10/13/2021",0.91
"10/14/2021",0.9
"10/15/2021",0.89
"10/18/2021",0.89
"10/19/2021",0.89
"10/20/2021",0.89
"10/21/2021",0.89
"10/22/2021",0.89
"10/25/2021",0.89
"10/26/2021",0.89
"10/27/2021",0.89
"10/28/2021",0.89
"10/29/2021",0.89
"10/31/2021",0.89
"11/01/2021",0.9
"11/02/2021",0.91
"11/03/2021",0.91
"11/04/2021",0.9
"11/05/2021",0.9
"11/08/2021",0.89
"11/09/2021",0.9
"11/10/2021",0.9
"11/11/2021",0.9
"11/12/2021",0.91
"11/15/2021",0.91
"11/16/2021",0.93
"11/17/2021",0.94
"11/18/2021",0.94
"11/19/2021",0.94
"11/22/2021",0.94
"11/23/2021",0.96
"11/24/2021",0.96
"11/25/2021",0.96
"11/26/2021",1.01
"11/29/2021",1.02
"11/30/2021",1.03
"12/01/2021",1.03
"12/02/2021",1.04
"12/03/2021",1.03
"12/06/2021",1.02
"12/07/2021",1
"12/08/2021",0.99
"12/09/2021",0.99
"12/10/2021",1
"12/13/2021",1
"12/14/2021",1.01
"12/15/2021",1.01
"12/16/2021",1.01
"12/17/2021",1.01
"12/20/2021",1.03
"12/21/2021",1.02
"12/22/2021",1.01
"12/23/2021",1
"12/27/2021",0.99
"12/28/2021",0.98
"12/29/2021",0.97
"12/30/2021",0.97
"12/31/2021",0.98
"01/03/2022",0.97
"01/04/2022",0.96
"01/05/2022",0.95
"01/06/2022",0.95
"01/07/2022",0.95
"01/10/2022",0.96
"01/11/2022",0.96
"01/12/2022",0.96
"01/13/2022",0.97
"01/14/2022",0.97
"01/17/2022",0.97
"01/18/2022",0.98
"01/19/2022",0.99
"01/20/2022",1
"01/21/2022",1.03
"01/24/2022",1.05
"01/25/2022",1.05
"01/26/2022",1.03
"01/27/2022",1.07
"01/28/2022",1.09
"01/31/2022",1.1
"02/01/2022",1.08
"02/02/2022",1.08
"02/03/2022",1.08
"02/04/2022",1.09
"02/07/2022",1.1
"02/08/2022",1.1
"02/09/2022",1.09
"02/10/2022",1.08
"02/11/2022",1.1
"02/14/2022",1.11
"02/15/2022",1.11
"02/16/2022",1.14
"02/17/2022",1.18
"02/18/2022",1.2
"02/21/2022",1.2
"02/22/2022",1.23
"02/23/2022",1.24
"02/24/2022",1.32
"02/25/2022",1.27
"02/28/2022",1.3
"03/01/2022",1.33
"03/02/2022",1.33
"03/03/2022",1.33
"03/04/2022",1.38
"03/07/2022",1.43
"03/08/2022",1.49
"03/09/2022",1.47
"03/10/2022",1.48
"03/11/2022",1.5
"03/14/2022",1.51
"03/15/2022",1.52
"03/16/2022",1.46
"03/17/2022",1.39
"03/18/2022",1.37
"03/21/2022",1.33
"03/22/2022",1.31
"03/23/2022",1.31
"03/24/2022",1.32
"03/25/2022",1.29
"03/28/2022",1.29
"03/29/2022",1.26
"03/30/2022",1.25
"03/31/2022",1.22
"04/01/2022",1.2
"04/04/2022",1.18
"04/05/2022",1.15
"04/06/2022",1.18
"04/07/2022",1.18
"04/08/2022",1.2
"04/11/2022",1.22
"04/12/2022",1.25
"04/13/2022",1.28
"04/14/2022",1.26
"04/18/2022",1.27
"04/19/2022",1.28
"04/20/2022",1.29
"04/21/2022",1.3
"04/22/2022",1.33
"04/25/2022",1.35
"04/26/2022",1.36
"04/27/2022",1.38
"04/28/2022",1.38
"04/29/2022",1.39
"04/30/2022",1.41
"05/02/2022",1.41
"05/03/2022",1.4
"05/04/2022",1.41
"05/05/2022",1.39
"05/06/2022",1.4
"05/09/2022",1.44
"05/10/2022",1.45
"05/11/2022",1.45
"05/12/2022",1.48
"05/13/2022",1.47
"05/16/2022",1.49
"05/17/2022",1.49
"05/18/2022",1.52
"05/19/2022",1.54
"05/20/2022",1.55
"05/23/2022",1.53
"05/24/2022",1.54
"05/25/2022",1.49
"05/26/2022",1.44
"05/27/2022",1.41
"05/30/2022",1.41
"05/31/2022",1.4
"06/01/2022",1.37
"06/02/2022",1.38
"06/03/2022",1.38
"06/06/2022",1.37
"06/07/2022",1.38
"06/08/2022",1.37
"06/09/2022",1.38
"06/10/2022",1.41
"06/13/2022",1.46
"06/14/2022",1.46
"06/15/2022",1.45
"06/16/2022",1.49
"06/17/2022",1.5
"06/20/2022",1.5
"06/21/2022",1.49
"06/22/2022",1.54
"06/23/2022",1.56
"06/24/2022",1.55
"06/27/2022",1.54
"06/28/2022",1.56
"06/29/2022",1.58
"06/30/2022",1.64
"07/01/2022",1.65
"07/04/2022",1.65
"07/05/2022",1.67
"07/06/2022",1.65
"07/07/2022",1.6
"07/08/2022",1.57
"07/11/2022",1.58
"07/12/2022",1.59
"07/13/2022",1.59
"07/14/2022",1.6
"07/15/2022",1.58
"07/18/2022",1.55
"07/19/2022",1.54
"07/20/2022",1.52
"07/21/2022",1.52
"07/22/2022",1.52
"07/25/2022",1.54
"07/26/2022",1.56
"07/27/2022",1.55
"07/28/2022",1.54
"07/29/2022",1.51
"07/31/2022",1.53
"08/01/2022",1.52
"08/02/2022",1.51
"08/03/2022",1.5
"08/04/2022",1.5
"08/05/2022",1.49
"08/08/2022",1.49
"08/09/2022",1.5
"08/10/2022",1.47
"08/11/2022",1.42
"08/12/2022",1.41
"08/15/2022",1.4
"08/16/2022",1.39
"08/17/2022",1.41
"08/18/2022",1.41
"08/19/2022",1.42
"08/22/2022",1.44
"08/23/2022",1.45
"08/24/2022",1.43
"08/25/2022",1.42
"08/26/2022",1.42
"08/29/2022",1.44
"08/30/2022",1.45
"08/31/2022",1.48
"09/01/2022",1.5
"09/02/2022",1.5
"09/05/2022",1.51
"09/06/2022",1.51
"09/07/2022",1.51
"09/08/2022",1.49
"09/09/2022",1.47
"09/12/2022",1.46
"09/13/2022",1.46
"09/14/2022",1.46
"09/15/2022",1.45
"09/16/2022",1.48
"09/19/2022",1.47
"09/20/2022",1.47
"09/21/2022",1.47
"09/22/2022",1.48
"09/23/2022",1.51
"09/26/2022",1.54
"09/27/2022",1.58
"09/28/2022",1.67
"09/29/2022",1.68
"09/30/2022",1.67
"10/03/2022",1.65
"10/04/2022",1.6
"10/05/2022",1.61
"10/06/2022",1.58
"10/07/2022",1.6
"10/10/2022",1.6
"10/11/2022",1.67
"10/12/2022",1.71
"10/13/2022",1.71
"10/14/2022",1.7
"10/17/2022",1.7
"10/18/2022",1.69
"10/19/2022",1.7
"10/20/2022",1.69
"10/21/2022",1.71
"10/24/2022",1.68
"10/25/2022",1.69
"10/26/2022",1.67
"10/27/2022",1.68
"10/28/2022",1.66
"10/31/2022",1.66
"11/01/2022",1.64
"11/02/2022",1.62
"11/03/2022",1.64
"11/04/2022",1.61
"11/07/2022",1.59
"11/08/2022",1.6
"11/09/2022",1.6
"11/10/2022",1.58
"11/11/2022",1.58
"11/14/2022",1.52
"11/15/2022",1.48
"11/16/2022",1.48
"11/17/2022",1.47
"11/18/2022",1.45
"11/21/2022",1.44
"11/22/2022",1.43
"11/23/2022",1.42
"11/24/2022",1.42
"11/25/2022",1.4
"11/28/2022",1.4
"11/29/2022",1.42
"11/30/2022",1.42
"12/01/2022",1.41
"12/02/2022",1.4
"12/05/2022",1.39
"12/06/2022",1.39
"12/07/2022",1.4
"12/08/2022",1.38
"12/09/2022",1.37
"12/12/2022",1.37
"12/13/2022",1.36
"12/14/2022",1.37
"12/15/2022",1.38
"12/16/2022",1.39
"12/19/2022",1.4
"12/20/2022",1.41
"12/21/2022",1.4
"12/22/2022",1.39
"12/23/2022",1.38
"12/27/2022",1.38
"12/28/2022",1.4
"12/29/2022",1.38
"12/30/2022",1.38
"12/31/2022",1.38
"01/03/2023",1.4
"01/04/2023",1.4
"01/05/2023",1.4
"01/06/2023",1.4
"01/09/2023",1.37
"01/10/2023",1.35
"01/11/2023",1.34
"01/12/2023",1.33
"01/13/2023",1.32
"01/16/2023",1.32
"01/17/2023",1.3
"01/18/2023",1.29
"01/19/2023",1.3
"01/20/2023",1.29
"01/23/2023",1.28
"01/24/2023",1.29
"01/25/2023",1.28
"01/26/2023",1.26
"01/27/2023",1.25
"01/30/2023",1.25
"01/31/2023",1.25
"02/01/2023",1.25
"02/02/2023",1.21
"02/03/2023",1.2
"02/06/2023",1.2
"02/07/2023",1.2
"02/08/2023",1.2
"02/09/2023",1.2
"02/10/2023",1.23
"02/13/2023",1.24
"02/14/2023",1.23
"02/15/2023",1.23
"02/16/2023",1.23
"02/17/2023",1.26
"02/20/2023",1.26
"02/21/2023",1.28
"02/22/2023",1.28
"02/23/2023",1.28
"02/24/2023",1.28
"02/27/2023",1.28
"02/28/2023",1.3
"03/01/2023",1.29
"03/02/2023",1.27
"03/03/2023",1.25
"03/06/2023",1.24
"03/07/2023",1.25
"03/08/2023",1.27
"03/09/2023",1.3
"03/10/2023",1.37
"03/13/2023",1.51
"03/14/2023",1.5
"03/15/2023",1.64
"03/16/2023",1.61
"03/17/2023",1.62
"03/20/2023",1.62
"03/21/2023",1.52
"03/22/2023",1.5
"03/23/2023",1.52
"03/24/2023",1.54
"03/27/2023",1.52
"03/28/2023",1.52
"03/29/2023",1.5
"03/30/2023",1.46
"03/31/2023",1.45
"04/03/2023",1.43
"04/04/2023",1.43
"04/05/2023",1.45
"04/06/2023",1.46
"04/10/2023",1.45
"04/11/2023",1.44
"04/12/2023",1.43
"04/13/2023",1.42
"04/14/2023",1.39
"04/17/2023",1.38
"04/18/2023",1.37
"04/19/2023",1.37
"04/20/2023",1.38
"04/21/2023",1.38
"04/24/2023",1.38
"04/25/2023",1.4
"04/26/2023",1.41
"04/27/2023",1.39
"04/28/2023",1.4
"04/30/2023",1.41
"05/01/2023",1.4
"05/02/2023",1.44
"05/03/2023",1.45
"05/04/2023",1.51
"05/05/2023",1.48
"05/08/2023",1.49
"05/09/2023",1.49
"05/10/2023",1.49
"05/11/2023",1.49
"05/12/2023",1.48
"05/15/2023",1.49
"05/16/2023",1.49
"05/17/2023",1.49
"05/18/2023",1.47
"05/19/2023",1.45
"05/22/2023",1.44
"05/23/2023",1.44
"05/24/2023",1.44
"05/25/2023",1.42
"05/26/2023",1.41
"05/29/2023",1.41
"05/30/2023",1.4
"05/31/2023",1.42
"06/01/2023",1.42
"06/02/2023",1.39
"06/05/2023",1.39
"06/06/2023",1.39
"06/07/2023",1.39
"06/08/2023",1.4
"06/09/2023",1.4
"06/12/2023",1.41
"06/13/2023",1.39
"06/14/2023",1.38
"06/15/2023",1.37
"06/16/2023",1.35
"06/19/2023",1.35
"06/20/2023",1.35
"06/21/2023",1.35
"06/22/2023",1.34
"06/23/2023",1.35
"06/26/2023",1.36
"06/27/2023",1.34
"06/28/2023",1.34
"06/29/2023",1.31
"06/30/2023",1.3
"07/03/2023",1.29
"07/04/2023",1.29
"07/05/2023",1.28
"07/06/2023",1.29
"07/07/2023",1.28
"07/10/2023",1.29
"07/11/2023",1.28
"07/12/2023",1.27
"07/13/2023",1.27
"07/14/2023",1.28
"07/17/2023",1.29
"07/18/2023",1.28
"07/19/2023",1.28
"07/20/2023",1.27
"07/21/2023",1.26
"07/24/2023",1.25
"07/25/2023",1.24
"07/26/2023",1.23
"07/27/2023",1.2
"07/28/2023",1.19
"07/31/2023",1.19
"08/01/2023",1.19
"08/02/2023",1.21
"08/03/2023",1.22
"08/04/2023",1.22
"08/07/2023",1.22
"08/08/2023",1.23
"08/09/2023",1.23
"08/10/2023",1.22
"08/11/2023",1.22
"08/14/2023",1.22
"08/15/2023",1.23
"08/16/2023",1.25
"08/17/2023",1.26
"08/18/2023",1.27
"08/21/2023",1.26
"08/22/2023",1.25
"08/23/2023",1.25
"08/24/2023",1.23
"08/25/2023",1.23
"08/28/2023",1.22
"08/29/2023",1.22
"08/30/2023",1.22
"08/31/2023",1.22
"09/01/2023",1.22
"09/04/2023",1.22
"09/05/2023",1.22
"09/06/2023",1.23
"09/07/2023",1.23
"09/08/2023",1.23
"09/11/2023",1.23
"09/12/2023",1.23
"09/13/2023",1.24
"09/14/2023",1.23
"09/15/2023",1.22
"09/18/2023",1.22
"09/19/2023",1.21
"09/20/2023",1.2
"09/21/2023",1.2
"09/22/2023",1.2
"09/25/2023",1.19
"09/26/2023",1.2
"09/27/2023",1.21
"09/28/2023",1.23
"09/29/2023",1.24
"09/30/2023",1.25
"10/02/2023",1.26
"10/03/2023",1.28
"10/04/2023",1.29
"10/05/2023",1.29
"10/06/2023",1.29
"10/09/2023",1.29
"10/10/2023",1.29
"10/11/2023",1.27
"10/12/2023",1.26
"10/13/2023",1.27
"10/16/2023",1.27
"10/17/2023",1.27
"10/18/2023",1.29
"10/19/2023",1.31
"10/20/2023",1.33
"10/23/2023",1.33
"10/24/2023",1.31
"10/25/2023",1.3
"10/26/2023",1.3
"10/27/2023",1.31
"10/30/2023",1.32
"10/31/2023",1.32
"11/01/2023",1.33
"11/02/2023",1.29
"11/03/2023",1.29
"11/06/2023",1.28
"11/07/2023",1.29
"11/08/2023",1.28
"11/09/2023",1.27
"11/10/2023",1.26
"11/13/2023",1.25
"11/14/2023",1.23
"11/15/2023",1.22
"11/16/2023",1.21
"11/17/2023",1.2
"11/20/2023",1.18
"11/21/2023",1.17
"11/22/2023",1.15
"11/23/2023",1.15
"11/24/2023",1.14
"11/27/2023",1.14
"11/28/2023",1.14
"11/29/2023",1.11
"11/30/2023",1.11
"12/01/2023",1.11
"12/04/2023",1.1
"12/05/2023",1.11
"12/06/2023",1.12
"12/07/2023",1.11
"12/08/2023",1.1
"12/11/2023",1.1
"12/12/2023",1.09
"12/13/2023",1.08
"12/14/2023",1.04
"12/15/2023",1.04
"12/18/2023",1.05
"12/19/2023",1.05
"12/20/2023",1.06
"12/21/2023",1.07
"12/22/2023",1.07
"12/26/2023",1.06
"12/27/2023",1.05
"12/28/2023",1.04
"12/29/2023",1.04
"12/31/2023",1.04
"01/02/2024",1.06
"01/03/2024",1.09
"01/04/2024",1.09
"01/05/2024",1.09
"01/08/2024",1.08
"01/09/2024",1.06
"01/10/2024",1.04
"01/11/2024",1.03
"01/12/2024",1.02
"01/15/2024",1.02
"01/16/2024",1.02
"01/17/2024",1.02
"01/18/2024",1.01
"01/19/2024",1.01
"01/22/2024",1.01
"01/23/2024",1.01
"01/24/2024",0.99
"01/25/2024",0.98
"01/26/2024",0.97
"01/29/2024",0.98
"01/30/2024",1
"01/31/2024",1.02
"02/01/2024",1.04
"02/02/2024",1.02
"02/05/2024",1
"02/06/2024",1
"02/07/2024",1
"02/08/2024",0.99
"02/09/2024",1
"02/12/2024",1
"02/13/2024",0.99
"02/14/2024",0.98
"02/15/2024",0.97
"02/16/2024",0.96
"02/19/2024",0.96
"02/20/2024",0.96
"02/21/2024",0.94
"02/22/2024",0.93
"02/23/2024",0.95
"02/26/2024",0.96
"02/27/2024",0.96
"02/28/2024",0.98
"02/29/2024",1
"03/01/2024",1.01
"03/04/2024",1
"03/05/2024",1.01
"03/06/2024",1.01
"03/07/2024",1
"03/08/2024",0.99
"03/11/2024",0.98
"03/12/2024",0.97
"03/13/2024",0.95
"03/14/2024",0.94
"03/15/2024",0.93
"03/18/2024",0.92
"03/19/2024",0.92
"03/20/2024",0.92
"03/21/2024",0.91
"03/22/2024",0.92
"03/25/2024",0.92
"03/26/2024",0.93
"03/27/2024",0.94
"03/28/2024",0.93
"03/31/2024",0.94
"04/01/2024",0.93
"04/02/2024",0.93
"04/03/2024",0.92
"04/04/2024",0.92
"04/05/2024",0.92
"04/08/2024",0.91
"04/09/2024",0.91
"04/10/2024",0.89
"04/11/2024",0.89
"04/12/2024",0.92
"04/15/2024",0.92
"04/16/2024",0.95
"04/17/2024",0.95
"04/18/2024",0.94
"04/19/2024",0.94
"04/22/2024",0.93
"04/23/2024",0.92
"04/24/2024",0.92
"04/25/2024",0.92
"04/26/2024",0.9
"04/29/2024",0.9
"04/30/2024",0.91
"05/01/2024",0.91
"05/02/2024",0.9
"05/03/2024",0.89
"05/06/2024",0.88
"05/07/2024",0.88
"05/08/2024",0.89
"05/09/2024",0.89
"05/10/2024",0.89
"05/13/2024",0.9
"05/14/2024",0.9
"05/15/2024",0.9
"05/16/2024",0.89
"05/17/2024",0.89
"05/20/2024",0.88
"05/21/2024",0.89
"05/22/2024",0.89
"05/23/2024",0.89
"05/24/2024",0.89
"05/27/2024",0.89
"05/28/2024",0.88
"05/29/2024",0.88
"05/30/2024",0.88
"05/31/2024",0.88
"06/03/2024",0.88
"06/04/2024",0.9
"06/05/2024",0.91
"06/06/2024",0.92
"06/07/2024",0.9
"06/10/2024",0.9
"06/11/2024",0.91
"06/12/2024",0.9
"06/13/2024",0.92
"06/14/2024",0.95
"06/17/2024",0.95
"06/18/2024",0.96
"06/19/2024",0.96
"06/20/2024",0.96
"06/21/2024",0.96
"06/24/2024",0.96
"06/25/2024",0.96
"06/26/2024",0.97
"06/27/2024",0.96
"06/28/2024",0.96
"06/30/2024",0.96
"07/01/2024",0.94
"07/02/2024",0.93
"07/03/2024",0.93
"07/04/2024",0.93
"07/05/2024",0.92
"07/08/2024",0.92
"07/09/2024",0.92
"07/10/2024",0.92
"07/11/2024",0.93
"07/12/2024",0.92
"07/15/2024",0.92
"07/16/2024",0.92
"07/17/2024",0.93
"07/18/2024",0.93
"07/19/2024",0.93
"07/22/2024",0.93
"07/23/2024",0.93
"07/24/2024",0.96
"07/25/2024",0.95
"07/26/2024",0.95
"07/29/2024",0.95
"07/30/2024",0.96
"07/31/2024",0.97
"08/01/2024",1
"08/02/2024",1.06
"08/05/2024",1.12
"08/06/2024",1.08
"08/07/2024",1.07
"08/08/2024",1.05
"08/09/2024",1.05
"08/12/2024",1.05
"08/13/2024",1.04
"08/14/2024",1.02
"08/15/2024",0.98
"08/16/2024",0.98
"08/19/2024",0.97
"08/20/2024",0.98
"08/21/2024",0.98
"08/22/2024",0.97
"08/23/2024",0.96
"08/26/2024",0.96
"08/27/2024",0.96
"08/28/2024",0.96
"08/29/2024",0.96
"08/30/2024",0.95
"08/31/2024",0.96
"09/02/2024",0.96
"09/03/2024",0.98
"09/04/2024",0.99
"09/05/2024",0.99
"09/06/2024",0.99
"09/09/2024",0.99
"09/10/2024",1.01
"09/11/2024",1.01
"09/12/2024",0.99
"09/13/2024",0.99
"09/16/2024",0.98
"09/17/2024",0.97
"09/18/2024",0.95
"09/19/2024",0.93
"09/20/2024",0.93
"09/23/2024",0.92
"09/24/2024",0.92
"09/25/2024",0.92
"09/26/2024",0.92
"09/27/2024",0.92
"09/30/2024",0.92
"10/01/2024",0.92
"10/02/2024",0.91
"10/03/2024",0.9
"10/04/2024",0.87
"10/07/2024",0.86
"10/08/2024",0.87
"10/09/2024",0.85
"10/10/2024",0.84
"10/11/2024",0.84
"10/14/2024",0.84
"10/15/2024",0.83
"10/16/2024",0.83
"10/17/2024",0.83
"10/18/2024",0.83
"10/21/2024",0.85
"10/22/2024",0.85
"10/23/2024",0.86
"10/24/2024",0.86
"10/25/2024",0.85
"10/28/2024",0.84
"10/29/2024",0.84
"10/30/2024",0.84
"10/31/2024",0.86
"11/01/2024",0.86
"11/04/2024",0.86
"11/05/2024",0.84
"11/06/2024",0.8
"11/07/2024",0.78
"11/08/2024",0.77
"11/11/2024",0.77
"11/12/2024",0.77
"11/13/2024",0.78
"11/14/2024",0.8
"11/15/2024",0.8
"11/18/2024",0.8
"11/19/2024",0.8
"11/20/2024",0.81
"11/21/2024",0.81
"11/22/2024",0.8
"11/25/2024",0.8
"11/26/2024",0.81
"11/27/2024",0.82
"11/28/2024",0.82
"11/29/2024",0.82
"11/30/2024",0.83
"12/02/2024",0.81
"12/03/2024",0.8
"12/04/2024",0.8
"12/05/2024",0.81
"12/06/2024",0.81
"12/09/2024",0.81
"12/10/2024",0.8
"12/11/2024",0.78
"12/12/2024",0.79
"12/13/2024",0.78
"12/16/2024",0.78
"12/17/2024",0.79
"12/18/2024",0.79
"12/19/2024",0.82
"12/20/2024",0.82
"12/23/2024",0.82
"12/26/2024",0.81
"12/27/2024",0.81
"12/30/2024",0.82
"12/31/2024",0.82
"01/02/2025",0.83
"01/03/2025",0.83
"01/06/2025",0.84
"01/07/2025",0.84
"01/08/2025",0.83
"01/09/2025",0.83
"01/10/2025",0.83
"01/13/2025",0.84
"01/14/2025",0.84
"01/15/2025",0.83
"01/16/2025",0.83
"01/17/2025",0.82
"01/20/2025",0.82
"01/21/2025",0.82
"01/22/2025",0.81
"01/23/2025",0.8
"01/24/2025",0.8
"01/27/2025",0.81
"01/28/2025",0.81
"01/29/2025",0.81
"01/30/2025",0.81
"01/31/2025",0.82
"02/03/2025",0.83
"02/04/2025",0.82
"02/05/2025",0.83
"02/06/2025",0.84
"02/07/2025",0.84
"02/10/2025",0.84
"02/11/2025",0.83
"02/12/2025",0.81
"02/13/2025",0.81
"02/14/2025",0.8
"02/17/2025",0.8
"02/18/2025",0.79
"02/19/2025",0.79
"02/20/2025",0.8
"02/21/2025",0.81
"02/24/2025",0.81
"02/25/2025",0.84
"02/26/2025",0.84
"02/27/2025",0.85
"02/28/2025",0.88
"03/03/2025",0.89
"03/04/2025",0.89
"03/05/2025",0.87
"03/06/2025",0.88
"03/07/2025",0.89
"03/10/2025",0.91
"03/11/2025",0.94
"03/12/2025",0.96
"03/13/2025",0.97
"03/14/2025",0.94
"03/17/2025",0.93
"03/18/2025",0.93
"03/19/2025",0.91
"03/20/2025",0.91
"03/21/2025",0.92
"03/24/2025",0.9
"03/25/2025",0.9
"03/26/2025",0.91
"03/27/2025",0.91
"03/28/2025",0.94
"03/31/2025",0.97
"04/01/2025",0.98
"04/02/2025",0.96
"04/03/2025",1.06
"04/04/2025",1.14
"04/07/2025",1.2
"04/08/2025",1.18
"04/09/2025",1.21
"04/10/2025",1.18
"04/11/2025",1.18
"04/14/2025",1.15
"04/15/2025",1.14
"04/16/2025",1.13
"04/17/2025",1.11
"04/21/2025",1.12
"04/22/2025",1.11
"04/23/2025",1.08
"04/24/2025",1.06
"04/25/2025",1.04
"04/28/2025",1.04
"04/29/2025",1.06
"04/30/2025",1.09
"05/01/2025",1.09
"05/02/2025",1.06
"05/05/2025",1.05
"05/06/2025",1.05
"05/07/2025",1.05
"05/08/2025",1.02
"05/09/2025",1.02
"05/12/2025",0.97
"05/13/2025",0.94
"05/14/2025",0.93
"05/15/2025",0.94
"05/16/2025",0.93
"05/19/2025",0.92
"05/20/2025",0.9
"05/21/2025",0.91
"05/22/2025",0.92
"05/23/2025",0.93
"05/26/2025",0.93
"05/27/2025",0.91
"05/28/2025",0.9
"05/29/2025",0.9
"05/30/2025",0.91
"05/31/2025",0.92
"06/02/2025",0.91
"06/03/2025",0.89
"06/04/2025",0.89
"06/05/2025",0.89
"06/06/2025",0.87
"06/09/2025",0.87
"06/10/2025",0.87
"06/11/2025",0.87
"06/12/2025",0.88
"06/13/2025",0.88
"06/16/2025",0.87
"06/17/2025",0.88
"06/18/2025",0.88
"06/19/2025",0.88
"06/20/2025",0.88
"06/23/2025",0.89
"06/24/2025",0.88
"06/25/2025",0.88
"06/26/2025",0.89
"06/27/2025",0.88
"06/30/2025",0.86
"07/01/2025",0.84
"07/02/2025",0.83
"07/03/2025",0.8
"07/04/2025",0.8
"07/07/2025",0.81
"07/08/2025",0.82
"07/09/2025",0.83
"07/10/2025",0.83
"07/11/2025",0.83
"07/14/2025",0.82
"07/15/2025",0.81
"07/16/2025",0.81
"07/17/2025",0.8
"07/18/2025",0.8
"07/21/2025",0.8
"07/22/2025",0.81
"07/23/2025",0.79
"07/24/2025",0.79
"07/25/2025",0.78
"07/28/2025",0.78
"07/29/2025",0.79
"07/30/2025",0.78
"07/31/2025",0.79
"08/01/2025",0.82
"08/04/2025",0.82
"08/05/2025",0.82
"08/06/2025",0.81
"08/07/2025",0.8
"08/08/2025",0.8
"08/11/2025",0.8
"08/12/2025",0.79
"08/13/2025",0.78
"08/14/2025",0.77
"08/15/2025",0.75
"08/18/2025",0.75
"08/19/2025",0.76
"08/20/2025",0.77
"08/21/2025",0.77
"08/22/2025",0.77
"08/25/2025",0.76
"08/26/2025",0.78
"08/27/2025",0.78
"08/28/2025",0.79
"08/29/2025",0.8
"08/31/2025",0.81
"09/01/2025",0.81
"09/02/2025",0.82
"09/03/2025",0.81
"09/04/2025",0.79
"09/05/2025",0.79
"09/08/2025",0.8
"09/09/2025",0.8
"09/10/2025",0.79
"09/11/2025",0.78
"09/12/2025",0.77
"09/15/2025",0.75
"09/16/2025",0.76
"09/17/2025",0.76
"09/18/2025",0.75
"09/19/2025",0.74
"09/22/2025",0.74
"09/23/2025",0.75
"09/24/2025",0.75
"09/25/2025",0.76
"09/26/2025",0.75
"09/29/2025",0.75
"09/30/2025",0.76
"10/01/2025",0.76
"10/02/2025",0.75
"10/03/2025",0.75
"10/06/2025",0.74
"10/07/2025",0.75
"10/08/2025",0.75
"10/09/2025",0.77
"10/10/2025",0.81
"10/13/2025",0.81
"10/14/2025",0.81
"10/15/2025",0.78
"10/16/2025",0.8
"10/17/2025",0.8
"10/20/2025",0.79
"10/21/2025",0.79
"10/22/2025",0.8
"10/23/2025",0.78
"10/24/2025",0.77
"10/27/2025",0.76
"10/28/2025",0.76
"10/29/2025",0.75
"10/30/2025",0.77
"10/31/2025",0.8
"11/03/2025",0.83
"11/04/2025",0.83
"11/05/2025",0.81
"11/06/2025",0.82
"11/07/2025",0.84
"11/10/2025",0.82
"11/11/2025",0.82
"11/12/2025",0.83
"11/13/2025",0.84
"11/14/2025",0.83
"11/17/2025",0.84
"11/18/2025",0.85
"11/19/2025",0.84
"11/20/2025",0.85
"11/21/2025",0.86
"11/24/2025",0.85
"11/25/2025",0.84
"11/26/2025",0.82
"11/27/2025",0.82
"11/28/2025",0.82
"11/30/2025",0.82
"12/01/2025",0.82
"12/02/2025",0.81
"12/03/2025",0.81
"12/04/2025",0.8
"12/05/2025",0.79
"12/08/2025",0.78
"12/09/2025",0.79
"12/10/2025",0.78
"12/11/2025",0.78
"12/12/2025",0.8
"12/15/2025",0.8
"12/16/2025",0.81
"12/17/2025",0.81
"12/18/2025",0.81
"12/19/2025",0.8
"12/22/2025",0.8
"12/23/2025",0.79
"12/24/2025",0.79
"12/26/2025",0.79
"12/29/2025",0.79
"12/30/2025",0.79
"12/31/2025",0.79
"01/02/2026",0.79
"01/05/2026",0.79
"01/06/2026",0.79
"01/07/2026",0.79
"01/08/2026",0.79
"01/09/2026",0.78
"01/12/2026",0.78
"01/13/2026",0.77
"01/14/2026",0.77
"01/15/2026",0.76
"01/16/2026",0.75
"01/19/2026",0.75
"01/20/2026",0.75
"01/21/2026",0.74
"01/22/2026",0.73
"01/23/2026",0.73
"01/26/2026",0.74
"01/27/2026",0.73
"01/28/2026",0.73
"01/29/2026",0.74
"01/30/2026",0.74
"01/31/2026",0.75
"02/02/2026",0.74
"02/03/2026",0.74
"02/04/2026",0.75
"02/05/2026",0.76
"02/06/2026",0.76
"02/09/2026",0.76
"02/10/2026",0.77
"02/11/2026",0.77
"02/12/2026",0.78
"02/13/2026",0.79
"02/16/2026",0.79
"02/17/2026",0.8
"02/18/2026",0.78
"02/19/2026",0.79
"02/20/2026",0.78
"02/23/2026",0.8
"02/24/2026",0.81
"02/25/2026",0.8
"02/26/2026",0.82
"02/27/2026",0.85
"02/28/2026",0.86
"03/02/2026",0.85
"03/03/2026",0.84
"03/04/2026",0.82
"03/05/2026",0.82
"03/06/2026",0.84
"03/09/2026",0.85
"03/10/2026",0.84
"03/11/2026",0.88
"03/12/2026",0.91
"03/13/2026",0.93
"03/16/2026",0.94
"03/17/2026",0.92
"03/18/2026",0.91
"03/19/2026",0.9
"03/20/2026",0.88
"03/23/2026",0.88
"03/24/2026",0.87
"03/25/2026",0.87
"03/26/2026",0.88
"03/27/2026",0.91