Effective Date,Rate Type,Rate (%),1st Percentile (%),25th Percentile (%),75th Percentile (%),99th Percentile (%),Volume ($Billions),Target Rate From (%),Target Rate To (%),Intra Day - Low (%),Intra Day - High (%),Standard Deviation (%),30-Day Average SOFR,90-Day Average SOFR,180-Day Average SOFR,SOFR Index,Revision Indicator (Y/N),Footnote ID
03/30/2026,EFFR,3.64,3.6,3.63,3.65,3.66,105,3.5,3.75,,,,,,,,,
03/30/2026,OBFR,3.64,3.5,3.63,3.64,3.69,190,,,,,,,,,,,
03/30/2026,TGCR,3.62,3.57,3.62,3.62,3.64,1239,,,,,,,,,,,
03/30/2026,BGCR,3.62,3.57,3.62,3.62,3.67,1269,,,,,,,,,,,
03/30/2026,SOFR,3.63,3.6,3.62,3.69,3.73,3082,,,,,,,,,,,
03/27/2026,EFFR,3.64,3.6,3.63,3.64,3.66,105,3.5,3.75,,,,,,,,,
03/27/2026,OBFR,3.64,3.5,3.63,3.64,3.68,194,,,,,,,,,,,
03/27/2026,TGCR,3.62,3.54,3.62,3.62,3.66,1248,,,,,,,,,,,
03/27/2026,BGCR,3.62,3.55,3.62,3.62,3.68,1276,,,,,,,,,,,
03/27/2026,SOFR,3.63,3.6,3.62,3.69,3.73,3037,,,,,,,,,,,
03/26/2026,EFFR,3.64,3.6,3.63,3.65,3.65,101,3.5,3.75,,,,,,,,,
03/26/2026,OBFR,3.64,3.5,3.63,3.64,3.68,197,,,,,,,,,,,
03/26/2026,TGCR,3.63,3.55,3.63,3.64,3.66,1256,,,,,,,,,,,
03/26/2026,BGCR,3.63,3.55,3.63,3.64,3.7,1284,,,,,,,,,,,
03/26/2026,SOFR,3.65,3.61,3.63,3.72,3.75,3113,,,,,,,,,,,
03/25/2026,EFFR,3.64,3.6,3.63,3.65,3.68,93,3.5,3.75,,,,,,,,,
03/25/2026,OBFR,3.64,3.5,3.63,3.65,3.68,189,,,,,,,,,,,
03/25/2026,TGCR,3.63,3.55,3.63,3.63,3.66,1272,,,,,,,,,,,
03/25/2026,BGCR,3.63,3.55,3.63,3.63,3.7,1303,,,,,,,,,,,
03/25/2026,SOFR,3.64,3.6,3.63,3.71,3.74,3063,,,,,,,,,,,
03/24/2026,EFFR,3.64,3.6,3.64,3.65,3.68,96,3.5,3.75,,,,,,,,,
03/24/2026,OBFR,3.64,3.53,3.63,3.65,3.68,200,,,,,,,,,,,
03/24/2026,TGCR,3.6,3.56,3.6,3.61,3.65,1261,,,,,,,,,,,
03/24/2026,BGCR,3.6,3.56,3.6,3.61,3.68,1293,,,,,,,,,,,
03/24/2026,SOFR,3.63,3.59,3.6,3.69,3.72,3014,,,,,,,,,,,
03/23/2026,EFFR,3.64,3.6,3.63,3.65,3.68,97,3.5,3.75,,,,,,,,,
03/23/2026,OBFR,3.64,3.52,3.63,3.65,3.68,199,,,,,,,,,,,
03/23/2026,TGCR,3.6,3.55,3.6,3.6,3.64,1264,,,,,,,,,,,
03/23/2026,BGCR,3.6,3.55,3.6,3.6,3.67,1293,,,,,,,,,,,
03/23/2026,SOFR,3.62,3.59,3.6,3.68,3.71,3013,,,,,,,,,,,
03/20/2026,EFFR,3.64,3.6,3.63,3.65,3.68,103,3.5,3.75,,,,,,,,,
03/20/2026,OBFR,3.64,3.5,3.63,3.64,3.69,214,,,,,,,,,,,
03/20/2026,TGCR,3.6,3.55,3.6,3.6,3.64,1279,,,,,,,,,,,
03/20/2026,BGCR,3.6,3.55,3.6,3.6,3.66,1315,,,,,,,,,,,
03/20/2026,SOFR,3.62,3.59,3.6,3.68,3.7,3102,,,,,,,,,,,
03/19/2026,EFFR,3.64,3.6,3.63,3.65,3.68,103,3.5,3.75,,,,,,,,,
03/19/2026,OBFR,3.64,3.52,3.63,3.65,3.68,205,,,,,,,,,,,
03/19/2026,TGCR,3.6,3.55,3.6,3.6,3.64,1295,,,,,,,,,,,
03/19/2026,BGCR,3.6,3.55,3.6,3.6,3.67,1328,,,,,,,,,,,
03/19/2026,SOFR,3.62,3.59,3.6,3.68,3.71,3121,,,,,,,,,,,
03/18/2026,EFFR,3.64,3.6,3.63,3.65,3.69,93,3.5,3.75,,,,,,,,,
03/18/2026,OBFR,3.64,3.52,3.63,3.65,3.69,184,,,,,,,,,,,
03/18/2026,TGCR,3.6,3.55,3.6,3.6,3.66,1295,,,,,,,,,,,
03/18/2026,BGCR,3.6,3.55,3.6,3.6,3.67,1321,,,,,,,,,,,
03/18/2026,SOFR,3.62,3.58,3.6,3.69,3.71,3092,,,,,,,,,,,
03/17/2026,EFFR,3.64,3.6,3.63,3.64,3.68,93,3.5,3.75,,,,,,,,,
03/17/2026,OBFR,3.64,3.5,3.63,3.64,3.69,181,,,,,,,,,,,
03/17/2026,TGCR,3.62,3.58,3.62,3.62,3.71,1289,,,,,,,,,,,
03/17/2026,BGCR,3.62,3.58,3.62,3.62,3.71,1321,,,,,,,,,,,
03/17/2026,SOFR,3.65,3.6,3.62,3.71,3.73,3146,,,,,,,,,,,
03/16/2026,EFFR,3.64,3.6,3.63,3.64,3.68,88,3.5,3.75,,,,,,,,,
03/16/2026,OBFR,3.64,3.5,3.63,3.65,3.69,159,,,,,,,,,,,
03/16/2026,TGCR,3.67,3.6,3.67,3.68,3.7,1277,,,,,,,,,,,
03/16/2026,BGCR,3.67,3.6,3.67,3.68,3.73,1305,,,,,,,,,,,
03/16/2026,SOFR,3.7,3.63,3.67,3.76,3.79,3178,,,,,,,,,,,
03/13/2026,EFFR,3.64,3.6,3.63,3.64,3.66,92,3.5,3.75,,,,,,,,,
03/13/2026,OBFR,3.64,3.5,3.62,3.64,3.68,188,,,,,,,,,,,
03/13/2026,TGCR,3.63,3.53,3.63,3.63,3.66,1279,,,,,,,,,,,
03/13/2026,BGCR,3.63,3.53,3.63,3.63,3.69,1303,,,,,,,,,,,
03/13/2026,SOFR,3.65,3.6,3.63,3.71,3.74,3164,,,,,,,,,,,
03/12/2026,EFFR,3.64,3.6,3.63,3.64,3.66,99,3.5,3.75,,,,,,,,,
03/12/2026,OBFR,3.64,3.5,3.63,3.64,3.68,186,,,,,,,,,,,
03/12/2026,TGCR,3.63,3.54,3.63,3.63,3.65,1287,,,,,,,,,,,
03/12/2026,BGCR,3.63,3.54,3.63,3.63,3.69,1316,,,,,,,,,,,
03/12/2026,SOFR,3.65,3.6,3.63,3.71,3.74,3112,,,,,,,,,,,
03/11/2026,EFFR,3.64,3.6,3.63,3.64,3.66,97,3.5,3.75,,,,,,,,,
03/11/2026,OBFR,3.64,3.52,3.63,3.64,3.68,197,,,,,,,,,,,
03/11/2026,TGCR,3.62,3.56,3.61,3.62,3.65,1291,,,,,,,,,,,
03/11/2026,BGCR,3.62,3.56,3.61,3.62,3.68,1315,,,,,,,,,,,
03/11/2026,SOFR,3.64,3.6,3.62,3.7,3.73,3175,,,,,,,,,,,
03/10/2026,EFFR,3.64,3.6,3.63,3.64,3.68,104,3.5,3.75,,,,,,,,,
03/10/2026,OBFR,3.64,3.52,3.63,3.64,3.68,196,,,,,,,,,,,
03/10/2026,TGCR,3.61,3.57,3.61,3.62,3.66,1296,,,,,,,,,,,
03/10/2026,BGCR,3.62,3.57,3.61,3.62,3.69,1322,,,,,,,,,,,
03/10/2026,SOFR,3.64,3.6,3.62,3.7,3.72,3200,,,,,,,,,,,
03/09/2026,EFFR,3.64,3.6,3.63,3.64,3.66,99,3.5,3.75,,,,,,,,,
03/09/2026,OBFR,3.63,3.52,3.63,3.64,3.68,189,,,,,,,,,,,
03/09/2026,TGCR,3.63,3.55,3.63,3.63,3.66,1289,,,,,,,,,,,
03/09/2026,BGCR,3.63,3.55,3.63,3.63,3.69,1315,,,,,,,,,,,
03/09/2026,SOFR,3.65,3.61,3.63,3.71,3.74,3173,,,,,,,,,,,
03/06/2026,EFFR,3.64,3.6,3.63,3.64,3.66,102,3.5,3.75,,,,,,,,,
03/06/2026,OBFR,3.63,3.5,3.62,3.64,3.68,203,,,,,,,,,,,
03/06/2026,TGCR,3.62,3.55,3.62,3.63,3.67,1294,,,,,,,,,,,
03/06/2026,BGCR,3.62,3.55,3.62,3.63,3.68,1317,,,,,,,,,,,
03/06/2026,SOFR,3.65,3.6,3.62,3.71,3.73,3198,,,,,,,,,,,
03/05/2026,EFFR,3.64,3.6,3.63,3.64,3.68,106,3.5,3.75,,,,,,,,,
03/05/2026,OBFR,3.63,3.5,3.62,3.64,3.68,189,,,,,,,,,,,
03/05/2026,TGCR,3.63,3.57,3.63,3.64,3.68,1311,,,,,,,,,,,
03/05/2026,BGCR,3.63,3.57,3.63,3.64,3.7,1341,,,,,,,,,,,
03/05/2026,SOFR,3.66,3.6,3.63,3.72,3.74,3294,,,,,,,,,,,
03/04/2026,EFFR,3.64,3.6,3.63,3.64,3.66,106,3.5,3.75,,,,,,,,,
03/04/2026,OBFR,3.63,3.5,3.63,3.64,3.68,187,,,,,,,,,,,
03/04/2026,TGCR,3.65,3.57,3.65,3.65,3.71,1318,,,,,,,,,,,
03/04/2026,BGCR,3.65,3.58,3.65,3.66,3.71,1348,,,,,,,,,,,
03/04/2026,SOFR,3.67,3.64,3.65,3.74,3.76,3292,,,,,,,,,,,
03/03/2026,EFFR,3.64,3.6,3.63,3.64,3.68,101,3.5,3.75,,,,,,,,,
03/03/2026,OBFR,3.64,3.52,3.62,3.64,3.68,175,,,,,,,,,,,
03/03/2026,TGCR,3.67,3.6,3.66,3.67,3.72,1338,,,,,,,,,,,
03/03/2026,BGCR,3.67,3.6,3.67,3.67,3.75,1381,,,,,,,,,,,
03/03/2026,SOFR,3.7,3.65,3.67,3.76,3.78,3310,,,,,,,,,,,
03/02/2026,EFFR,3.64,3.6,3.63,3.64,3.68,97,3.5,3.75,,,,,,,,,
03/02/2026,OBFR,3.64,3.5,3.63,3.65,3.68,169,,,,,,,,,,,
03/02/2026,TGCR,3.69,3.65,3.69,3.7,3.72,1353,,,,,,,,,,,
03/02/2026,BGCR,3.69,3.65,3.69,3.7,3.75,1380,,,,,,,,,,,
03/02/2026,SOFR,3.71,3.67,3.69,3.78,3.82,3404,,,,,,,,,,,
02/27/2026,EFFR,3.64,3.6,3.63,3.64,3.65,107,3.5,3.75,,,,,,,,,
02/27/2026,OBFR,3.63,3.5,3.62,3.64,3.68,196,,,,,,,,,,,
02/27/2026,TGCR,3.66,3.55,3.66,3.67,3.69,1320,,,,,,,,,,,
02/27/2026,BGCR,3.66,3.55,3.66,3.67,3.72,1357,,,,,,,,,,,
02/27/2026,SOFR,3.68,3.62,3.66,3.75,3.78,3252,,,,,,,,,,,
02/26/2026,EFFR,3.64,3.6,3.63,3.64,3.68,108,3.5,3.75,,,,,,,,,
02/26/2026,OBFR,3.63,3.5,3.63,3.64,3.68,188,,,,,,,,,,,
02/26/2026,TGCR,3.65,3.6,3.65,3.65,3.68,1329,,,,,,,,,,,
02/26/2026,BGCR,3.65,3.6,3.65,3.65,3.7,1352,,,,,,,,,,,
02/26/2026,SOFR,3.67,3.63,3.65,3.73,3.76,3262,,,,,,,,,,,
02/25/2026,EFFR,3.64,3.6,3.63,3.64,3.68,108,3.5,3.75,,,,,,,,,
02/25/2026,OBFR,3.64,3.5,3.63,3.64,3.68,183,,,,,,,,,,,
02/25/2026,TGCR,3.65,3.6,3.65,3.65,3.68,1335,,,,,,,,,,,
02/25/2026,BGCR,3.65,3.6,3.65,3.65,3.7,1365,,,,,,,,,,,
02/25/2026,SOFR,3.67,3.63,3.65,3.73,3.76,3232,,,,,,,,,,,
02/24/2026,EFFR,3.64,3.6,3.63,3.64,3.68,106,3.5,3.75,,,,,,,,,
02/24/2026,OBFR,3.63,3.52,3.63,3.64,3.68,183,,,,,,,,,,,
02/24/2026,TGCR,3.65,3.6,3.65,3.65,3.67,1346,,,,,,,,,,,
02/24/2026,BGCR,3.65,3.6,3.65,3.65,3.71,1375,,,,,,,,,,,
02/24/2026,SOFR,3.67,3.62,3.65,3.73,3.76,3239,,,,,,,,,,,
02/23/2026,EFFR,3.64,3.6,3.63,3.64,3.68,97,3.5,3.75,,,,,,,,,
02/23/2026,OBFR,3.63,3.5,3.63,3.64,3.69,179,,,,,,,,,,,
02/23/2026,TGCR,3.64,3.55,3.64,3.64,3.67,1320,,,,,,,,,,,
02/23/2026,BGCR,3.64,3.55,3.64,3.64,3.7,1350,,,,,,,,,,,
02/23/2026,SOFR,3.66,3.61,3.64,3.73,3.75,3197,,,,,,,,,,,
02/20/2026,EFFR,3.64,3.6,3.63,3.64,3.66,101,3.5,3.75,,,,,,,,,
02/20/2026,OBFR,3.63,3.5,3.62,3.64,3.68,191,,,,,,,,,,,
02/20/2026,TGCR,3.64,3.57,3.64,3.64,3.68,1330,,,,,,,,,,,
02/20/2026,BGCR,3.64,3.58,3.64,3.64,3.7,1357,,,,,,,,,,,
02/20/2026,SOFR,3.66,3.61,3.64,3.73,3.75,3224,,,,,,,,,,,
02/19/2026,EFFR,3.64,3.6,3.63,3.64,3.68,100,3.5,3.75,,,,,,,,,
02/19/2026,OBFR,3.64,3.5,3.63,3.64,3.68,184,,,,,,,,,,,
02/19/2026,TGCR,3.64,3.5,3.64,3.64,3.74,1346,,,,,,,,,,,
02/19/2026,BGCR,3.64,3.5,3.64,3.64,3.74,1375,,,,,,,,,,,
02/19/2026,SOFR,3.67,3.6,3.64,3.73,3.76,3238,,,,,,,,,,,
02/18/2026,EFFR,3.64,3.6,3.63,3.64,3.68,104,3.5,3.75,,,,,,,,,
02/18/2026,OBFR,3.64,3.5,3.63,3.64,3.68,180,,,,,,,,,,,
02/18/2026,TGCR,3.72,3.6,3.72,3.72,3.74,1340,,,,,,,,,,,
02/18/2026,BGCR,3.72,3.6,3.72,3.72,3.78,1367,,,,,,,,,,,
02/18/2026,SOFR,3.73,3.66,3.72,3.81,3.85,3258,,,,,,,,,,,
02/17/2026,EFFR,3.64,3.6,3.63,3.64,3.68,97,3.5,3.75,,,,,,,,,
02/17/2026,OBFR,3.64,3.5,3.62,3.64,3.7,173,,,,,,,,,,,
02/17/2026,TGCR,3.67,3.59,3.67,3.68,3.74,1325,,,,,,,,,,,
02/17/2026,BGCR,3.67,3.59,3.67,3.68,3.76,1350,,,,,,,,,,,
02/17/2026,SOFR,3.71,3.65,3.68,3.78,3.89,3254,,,,,,,,,,,
02/13/2026,EFFR,3.64,3.6,3.63,3.64,3.68,90,3.5,3.75,,,,,,,,,
02/13/2026,OBFR,3.63,3.5,3.62,3.64,3.69,182,,,,,,,,,,,
02/13/2026,TGCR,3.64,3.57,3.64,3.64,3.66,1311,,,,,,,,,,,
02/13/2026,BGCR,3.64,3.57,3.64,3.64,3.69,1337,,,,,,,,,,,
02/13/2026,SOFR,3.66,3.61,3.64,3.72,3.75,3169,,,,,,,,,,,
02/12/2026,EFFR,3.64,3.6,3.63,3.64,3.68,97,3.5,3.75,,,,,,,,,
02/12/2026,OBFR,3.63,3.5,3.62,3.64,3.68,196,,,,,,,,,,,
02/12/2026,TGCR,3.63,3.58,3.63,3.64,3.66,1318,,,,,,,,,,,
02/12/2026,BGCR,3.63,3.58,3.63,3.64,3.7,1342,,,,,,,,,,,
02/12/2026,SOFR,3.65,3.61,3.63,3.72,3.75,3205,,,,,,,,,,,
02/11/2026,EFFR,3.64,3.6,3.63,3.64,3.68,101,3.5,3.75,,,,,,,,,
02/11/2026,OBFR,3.63,3.5,3.63,3.64,3.68,202,,,,,,,,,,,
02/11/2026,TGCR,3.62,3.58,3.62,3.63,3.66,1312,,,,,,,,,,,
02/11/2026,BGCR,3.62,3.58,3.62,3.63,3.68,1333,,,,,,,,,,,
02/11/2026,SOFR,3.65,3.61,3.62,3.71,3.73,3167,,,,,,,,,,,
02/10/2026,EFFR,3.64,3.6,3.63,3.64,3.66,104,3.5,3.75,,,,,,,,,
02/10/2026,OBFR,3.63,3.5,3.63,3.64,3.68,204,,,,,,,,,,,
02/10/2026,TGCR,3.63,3.57,3.62,3.63,3.65,1314,,,,,,,,,,,
02/10/2026,BGCR,3.63,3.57,3.62,3.63,3.7,1334,,,,,,,,,,,
02/10/2026,SOFR,3.65,3.6,3.63,3.71,3.73,3194,,,,,,,,,,,
02/09/2026,EFFR,3.64,3.6,3.63,3.64,3.68,92,3.5,3.75,,,,,,,,,
02/09/2026,OBFR,3.63,3.5,3.63,3.64,3.68,207,,,,,,,,,,,
02/09/2026,TGCR,3.61,3.55,3.61,3.61,3.65,1299,,,,,,,,,,,
02/09/2026,BGCR,3.61,3.55,3.61,3.61,3.67,1322,,,,,,,,,,,
02/09/2026,SOFR,3.63,3.6,3.61,3.69,3.72,3132,,,,,,,,,,,
02/06/2026,EFFR,3.64,3.6,3.63,3.64,3.68,106,3.5,3.75,,,,,,,,,
02/06/2026,OBFR,3.63,3.5,3.62,3.64,3.68,206,,,,,,,,,,,
02/06/2026,TGCR,3.62,3.55,3.62,3.62,3.66,1301,,,,,,,,,,,
02/06/2026,BGCR,3.62,3.55,3.62,3.62,3.67,1322,,,,,,,,,,,
02/06/2026,SOFR,3.64,3.6,3.62,3.7,3.72,3195,,,,,,,,,,,
02/05/2026,EFFR,3.64,3.6,3.63,3.64,3.66,110,3.5,3.75,,,,,,,,,
02/05/2026,OBFR,3.63,3.5,3.63,3.64,3.68,213,,,,,,,,,,,
02/05/2026,TGCR,3.63,3.55,3.63,3.63,3.66,1290,,,,,,,,,,,
02/05/2026,BGCR,3.63,3.55,3.63,3.63,3.69,1318,,,,,,,,,,,
02/05/2026,SOFR,3.65,3.6,3.63,3.71,3.74,3228,,,,,,,,,,,
02/04/2026,EFFR,3.64,3.6,3.63,3.64,3.66,109,3.5,3.75,,,,,,,,,
02/04/2026,OBFR,3.63,3.5,3.63,3.64,3.68,200,,,,,,,,,,,
02/04/2026,TGCR,3.63,3.55,3.63,3.63,3.7,1306,,,,,,,,,,,
02/04/2026,BGCR,3.63,3.55,3.63,3.63,3.7,1345,,,,,,,,,,,
02/04/2026,SOFR,3.65,3.6,3.63,3.71,3.74,3310,,,,,,,,,,,
02/03/2026,EFFR,3.64,3.6,3.63,3.64,3.68,107,3.5,3.75,,,,,,,,,
02/03/2026,OBFR,3.64,3.5,3.63,3.64,3.7,188,,,,,,,,,,,
02/03/2026,TGCR,3.66,3.6,3.66,3.66,3.7,1297,,,,,,,,,,,
02/03/2026,BGCR,3.66,3.6,3.66,3.66,3.73,1334,,,,,,,,,,,
02/03/2026,SOFR,3.69,3.64,3.66,3.75,3.78,3268,,,,,,,,,,,
02/02/2026,EFFR,3.64,3.6,3.63,3.64,3.68,93,3.5,3.75,,,,,,,,,
02/02/2026,OBFR,3.64,3.5,3.63,3.64,3.68,170,,,,,,,,,,,
02/02/2026,TGCR,3.66,3.6,3.66,3.66,3.69,1299,,,,,,,,,,,
02/02/2026,BGCR,3.66,3.6,3.66,3.67,3.74,1342,,,,,,,,,,,
02/02/2026,SOFR,3.69,3.63,3.66,3.76,3.78,3307,,,,,,,,,,,
01/30/2026,EFFR,3.64,3.6,3.63,3.64,3.68,101,3.5,3.75,,,,,,,,,
01/30/2026,OBFR,3.63,3.5,3.62,3.64,3.68,194,,,,,,,,,,,
01/30/2026,TGCR,3.66,3.58,3.66,3.67,3.69,1277,,,,,,,,,,,
01/30/2026,BGCR,3.66,3.58,3.66,3.67,3.73,1314,,,,,,,,,,,
01/30/2026,SOFR,3.68,3.64,3.66,3.76,3.78,3275,,,,,,,,,,,
01/29/2026,EFFR,3.64,3.6,3.63,3.64,3.68,104,3.5,3.75,,,,,,,,,
01/29/2026,OBFR,3.63,3.5,3.63,3.64,3.68,187,,,,,,,,,,,
01/29/2026,TGCR,3.63,3.58,3.63,3.64,3.66,1294,,,,,,,,,,,
01/29/2026,BGCR,3.63,3.58,3.63,3.64,3.71,1324,,,,,,,,,,,
01/29/2026,SOFR,3.65,3.61,3.63,3.72,3.74,3166,,,,,,,,,,,
01/28/2026,EFFR,3.64,3.6,3.63,3.64,3.68,89,3.5,3.75,,,,,,,,,
01/28/2026,OBFR,3.64,3.5,3.63,3.64,3.68,177,,,,,,,,,,,
01/28/2026,TGCR,3.62,3.57,3.62,3.62,3.67,1279,,,,,,,,,,,
01/28/2026,BGCR,3.62,3.57,3.62,3.62,3.69,1313,,,,,,,,,,,
01/28/2026,SOFR,3.64,3.61,3.62,3.71,3.74,3146,,,,,,,,,,,
01/27/2026,EFFR,3.64,3.6,3.63,3.64,3.68,88,3.5,3.75,,,,,,,,,
01/27/2026,OBFR,3.63,3.5,3.63,3.64,3.68,181,,,,,,,,,,,
01/27/2026,TGCR,3.64,3.56,3.64,3.65,3.67,1286,,,,,,,,,,,
01/27/2026,BGCR,3.64,3.56,3.64,3.65,3.72,1315,,,,,,,,,,,
01/27/2026,SOFR,3.66,3.61,3.64,3.73,3.76,3145,,,,,,,,,,,
01/26/2026,EFFR,3.64,3.6,3.63,3.64,3.68,83,3.5,3.75,,,,,,,,,
01/26/2026,OBFR,3.63,3.5,3.63,3.64,3.69,170,,,,,,,,,,,
01/26/2026,TGCR,3.65,3.55,3.65,3.65,3.67,1273,,,,,,,,,,,
01/26/2026,BGCR,3.65,3.55,3.65,3.65,3.71,1309,,,,,,,,,,,
01/26/2026,SOFR,3.66,3.6,3.65,3.74,3.77,3143,,,,,,,,,,,
01/23/2026,EFFR,3.64,3.6,3.63,3.64,3.67,99,3.5,3.75,,,,,,,,,
01/23/2026,OBFR,3.63,3.5,3.62,3.64,3.68,195,,,,,,,,,,,
01/23/2026,TGCR,3.64,3.55,3.63,3.64,3.66,1271,,,,,,,,,,,
01/23/2026,BGCR,3.64,3.57,3.63,3.64,3.69,1305,,,,,,,,,,,
01/23/2026,SOFR,3.65,3.6,3.64,3.72,3.75,3137,,,,,,,,,,,
01/22/2026,EFFR,3.64,3.56,3.63,3.64,3.68,89,3.5,3.75,,,,,,,,,
01/22/2026,OBFR,3.63,3.5,3.62,3.64,3.68,186,,,,,,,,,,,
01/22/2026,TGCR,3.62,3.55,3.62,3.62,3.64,1263,,,,,,,,,,,
01/22/2026,BGCR,3.62,3.55,3.62,3.62,3.68,1290,,,,,,,,,,,
01/22/2026,SOFR,3.64,3.58,3.62,3.71,3.73,3121,,,,,,,,,,,
01/21/2026,EFFR,3.64,3.6,3.63,3.64,3.68,95,3.5,3.75,,,,,,,,,
01/21/2026,OBFR,3.63,3.52,3.63,3.64,3.68,187,,,,,,,,,,,
01/21/2026,TGCR,3.61,3.55,3.61,3.61,3.65,1262,,,,,,,,,,,
01/21/2026,BGCR,3.61,3.55,3.61,3.61,3.67,1289,,,,,,,,,,,
01/21/2026,SOFR,3.63,3.58,3.61,3.7,3.72,3087,,,,,,,,,,,
01/20/2026,EFFR,3.64,3.6,3.63,3.64,3.68,83,3.5,3.75,,,,,,,,,
01/20/2026,OBFR,3.63,3.52,3.63,3.64,3.68,181,,,,,,,,,,,
01/20/2026,TGCR,3.61,3.55,3.61,3.61,3.66,1287,,,,,,,,,,,
01/20/2026,BGCR,3.61,3.55,3.61,3.61,3.67,1311,,,,,,,,,,,
01/20/2026,SOFR,3.64,3.58,3.61,3.7,3.72,3162,,,,,,,,,,,
01/16/2026,EFFR,3.64,3.6,3.63,3.64,3.68,84,3.5,3.75,,,,,,,,,
01/16/2026,OBFR,3.63,3.5,3.63,3.64,3.68,173,,,,,,,,,,,
01/16/2026,TGCR,3.62,3.57,3.62,3.62,3.67,1278,,,,,,,,,,,
01/16/2026,BGCR,3.62,3.57,3.62,3.62,3.68,1310,,,,,,,,,,,
01/16/2026,SOFR,3.65,3.6,3.62,3.71,3.73,3163,,,,,,,,,,,
01/15/2026,EFFR,3.64,3.6,3.63,3.64,3.68,91,3.5,3.75,,,,,,,,,
01/15/2026,OBFR,3.63,3.5,3.62,3.64,3.68,182,,,,,,,,,,,
01/15/2026,TGCR,3.63,3.59,3.63,3.63,3.65,1289,,,,,,,,,,,
01/15/2026,BGCR,3.63,3.59,3.63,3.63,3.7,1315,,,,,,,,,,,
01/15/2026,SOFR,3.66,3.61,3.63,3.72,3.74,3201,,,,,,,,,,,
01/14/2026,EFFR,3.64,3.6,3.63,3.64,3.65,94,3.5,3.75,,,,,,,,,
01/14/2026,OBFR,3.63,3.5,3.63,3.64,3.68,180,,,,,,,,,,,
01/14/2026,TGCR,3.62,3.58,3.62,3.62,3.66,1293,,,,,,,,,,,
01/14/2026,BGCR,3.62,3.58,3.62,3.62,3.67,1328,,,,,,,,,,,
01/14/2026,SOFR,3.64,3.6,3.62,3.71,3.73,3148,,,,,,,,,,,
01/13/2026,EFFR,3.64,3.6,3.63,3.64,3.65,92,3.5,3.75,,,,,,,,,
01/13/2026,OBFR,3.63,3.5,3.63,3.64,3.68,186,,,,,,,,,,,
01/13/2026,TGCR,3.63,3.55,3.63,3.63,3.65,1316,,,,,,,,,,,
01/13/2026,BGCR,3.63,3.55,3.63,3.63,3.69,1343,,,,,,,,,,,
01/13/2026,SOFR,3.65,3.6,3.63,3.71,3.74,3177,,,,,,,,,,,
01/12/2026,EFFR,3.64,3.6,3.63,3.65,3.66,93,3.5,3.75,,,,,,,,,
01/12/2026,OBFR,3.63,3.5,3.63,3.65,3.68,189,,,,,,,,,,,
01/12/2026,TGCR,3.62,3.57,3.62,3.62,3.65,1305,,,,,,,,,,,
01/12/2026,BGCR,3.62,3.57,3.62,3.62,3.69,1330,,,,,,,,,,,
01/12/2026,SOFR,3.64,3.6,3.62,3.71,3.74,3128,,,,,,,,,,,
01/09/2026,EFFR,3.64,3.6,3.63,3.65,3.65,93,3.5,3.75,,,,,,,,,
01/09/2026,OBFR,3.63,3.45,3.62,3.65,3.68,184,,,,,,,,,,,
01/09/2026,TGCR,3.61,3.56,3.61,3.62,3.65,1296,,,,,,,,,,,
01/09/2026,BGCR,3.61,3.56,3.61,3.62,3.68,1323,,,,,,,,,,,
01/09/2026,SOFR,3.64,3.6,3.61,3.71,3.73,3166,,,,,,,,,,,
01/08/2026,EFFR,3.64,3.6,3.63,3.65,3.66,87,3.5,3.75,,,,,,,,,
01/08/2026,OBFR,3.64,3.5,3.62,3.65,3.68,190,,,,,,,,,,,
01/08/2026,TGCR,3.61,3.56,3.61,3.61,3.66,1312,,,,,,,,,,,
01/08/2026,BGCR,3.61,3.56,3.61,3.61,3.68,1343,,,,,,,,,,,
01/08/2026,SOFR,3.64,3.59,3.61,3.7,3.73,3249,,,,,,,,,,,
01/07/2026,EFFR,3.64,3.6,3.63,3.65,3.68,83,3.5,3.75,,,,,,,,,
01/07/2026,OBFR,3.64,3.5,3.63,3.65,3.68,174,,,,,,,,,,,
01/07/2026,TGCR,3.62,3.58,3.62,3.62,3.67,1315,,,,,,,,,,,
01/07/2026,BGCR,3.62,3.58,3.62,3.62,3.69,1348,,,,,,,,,,,
01/07/2026,SOFR,3.65,3.6,3.62,3.72,3.74,3267,,,,,,,,,,,
01/06/2026,EFFR,3.64,3.6,3.63,3.65,3.67,88,3.5,3.75,,,,,,,,,
01/06/2026,OBFR,3.64,3.5,3.63,3.65,3.68,180,,,,,,,,,,,
01/06/2026,TGCR,3.62,3.57,3.62,3.62,3.71,1317,,,,,,,,,,,
01/06/2026,BGCR,3.62,3.57,3.62,3.62,3.71,1354,,,,,,,,,,,
01/06/2026,SOFR,3.66,3.6,3.62,3.71,3.74,3390,,,,,,,,,,,
01/05/2026,EFFR,3.64,3.6,3.64,3.65,3.68,88,3.5,3.75,,,,,,,,,
01/05/2026,OBFR,3.64,3.52,3.63,3.65,3.68,178,,,,,,,,,,,
01/05/2026,TGCR,3.66,3.6,3.66,3.66,3.76,1313,,,,,,,,,,,
01/05/2026,BGCR,3.66,3.6,3.66,3.66,3.76,1348,,,,,,,,,,,
01/05/2026,SOFR,3.7,3.62,3.66,3.76,3.79,3441,,,,,,,,,,,
01/02/2026,EFFR,3.64,3.6,3.63,3.65,3.68,92,3.5,3.75,,,,,,,,,
01/02/2026,OBFR,3.64,3.5,3.63,3.65,3.7,166,,,,,,,,,,,
01/02/2026,TGCR,3.7,3.65,3.7,3.71,3.88,1294,,,,,,,,,,,
01/02/2026,BGCR,3.7,3.65,3.7,3.71,3.88,1337,,,,,,,,,,,
01/02/2026,SOFR,3.75,3.69,3.7,3.81,3.87,3508,,,,,,,,,,,
12/31/2025,EFFR,3.64,3.6,3.64,3.65,3.69,74,3.5,3.75,,,,,,,,,
12/31/2025,OBFR,3.65,3.55,3.63,3.65,3.7,123,,,,,,,,,,,
12/31/2025,TGCR,3.82,3.59,3.82,3.83,3.85,1255,,,,,,,,,,,
12/31/2025,BGCR,3.82,3.59,3.82,3.83,3.9,1299,,,,,,,,,,,
12/31/2025,SOFR,3.87,3.7,3.82,3.96,4,3485,,,,,,,,,,,
12/30/2025,EFFR,3.64,3.6,3.64,3.65,3.68,87,3.5,3.75,,,,,,,,,
12/30/2025,OBFR,3.64,3.53,3.63,3.65,3.7,169,,,,,,,,,,,
12/30/2025,TGCR,3.69,3.59,3.69,3.7,3.78,1268,,,,,,,,,,,
12/30/2025,BGCR,3.69,3.58,3.69,3.7,3.78,1296,,,,,,,,,,,
12/30/2025,SOFR,3.71,3.63,3.69,3.79,3.83,3321,,,,,,,,,,,
12/29/2025,EFFR,3.64,3.6,3.63,3.65,3.68,87,3.5,3.75,,,,,,,,,
12/29/2025,OBFR,3.64,3.5,3.63,3.65,3.68,170,,,,,,,,,,,
12/29/2025,TGCR,3.75,3.59,3.75,3.76,3.77,1293,,,,,,,,,,,
12/29/2025,BGCR,3.75,3.6,3.75,3.76,3.81,1325,,,,,,,,,,,
12/29/2025,SOFR,3.77,3.67,3.76,3.86,3.89,3346,,,,,,,,,,,
12/26/2025,EFFR,3.64,3.6,3.63,3.65,3.65,101,3.5,3.75,,,,,,,,,
12/26/2025,OBFR,3.64,3.5,3.63,3.65,3.68,177,,,,,,,,,,,
12/26/2025,TGCR,3.74,3.58,3.74,3.74,3.76,1282,,,,,,,,,,,
12/26/2025,BGCR,3.74,3.57,3.74,3.74,3.8,1307,,,,,,,,,,,
12/26/2025,SOFR,3.76,3.66,3.74,3.85,3.87,3227,,,,,,,,,,,
12/24/2025,EFFR,3.64,3.6,3.64,3.65,3.65,88,3.5,3.75,,,,,,,,,
12/24/2025,OBFR,3.64,3.52,3.63,3.65,3.68,166,,,,,,,,,,,
12/24/2025,TGCR,3.64,3.55,3.64,3.65,3.67,1273,,,,,,,,,,,
12/24/2025,BGCR,3.64,3.55,3.64,3.65,3.7,1301,,,,,,,,,,,
12/24/2025,SOFR,3.66,3.62,3.64,3.73,3.75,3194,,,,,,,,,,,
12/23/2025,EFFR,3.64,3.6,3.63,3.65,3.65,85,3.5,3.75,,,,,,,,,
12/23/2025,OBFR,3.64,3.5,3.63,3.65,3.68,166,,,,,,,,,,,
12/23/2025,TGCR,3.64,3.55,3.64,3.64,3.69,1272,,,,,,,,,,,
12/23/2025,BGCR,3.64,3.55,3.64,3.64,3.7,1306,,,,,,,,,,,
12/23/2025,SOFR,3.66,3.61,3.64,3.73,3.75,3255,,,,,,,,,,,
12/22/2025,EFFR,3.64,3.6,3.64,3.65,3.65,87,3.5,3.75,,,,,,,,,
12/22/2025,OBFR,3.64,3.5,3.63,3.65,3.68,171,,,,,,,,,,,
12/22/2025,TGCR,3.66,3.58,3.66,3.66,3.68,1292,,,,,,,,,,,
12/22/2025,BGCR,3.66,3.58,3.66,3.66,3.72,1326,,,,,,,,,,,
12/22/2025,SOFR,3.68,3.62,3.66,3.75,3.78,3253,,,,,,,,,,,
12/19/2025,EFFR,3.64,3.6,3.64,3.65,3.65,93,3.5,3.75,,,,,,,,,
12/19/2025,OBFR,3.64,3.5,3.63,3.65,3.68,181,,,,,,,,,,,
12/19/2025,TGCR,3.63,3.58,3.63,3.64,3.67,1295,,,,,,,,,,,
12/19/2025,BGCR,3.63,3.58,3.63,3.64,3.7,1325,,,,,,,,,,,
12/19/2025,SOFR,3.66,3.61,3.63,3.72,3.75,3238,,,,,,,,,,,
12/18/2025,EFFR,3.64,3.6,3.64,3.65,3.66,88,3.5,3.75,,,,,,,,,
12/18/2025,OBFR,3.64,3.5,3.62,3.65,3.68,171,,,,,,,,,,,
12/18/2025,TGCR,3.63,3.55,3.63,3.63,3.7,1300,,,,,,,,,,,
12/18/2025,BGCR,3.63,3.55,3.63,3.63,3.7,1325,,,,,,,,,,,
12/18/2025,SOFR,3.66,3.6,3.63,3.72,3.74,3273,,,,,,,,,,,
12/17/2025,EFFR,3.64,3.6,3.63,3.65,3.66,94,3.5,3.75,,,,,,,,,
12/17/2025,OBFR,3.64,3.52,3.63,3.65,3.68,170,,,,,,,,,,,
12/17/2025,TGCR,3.66,3.6,3.66,3.66,3.7,1312,,,,,,,,,,,
12/17/2025,BGCR,3.66,3.6,3.66,3.66,3.73,1343,,,,,,,,,,,
12/17/2025,SOFR,3.69,3.63,3.66,3.75,3.78,3289,,,,,,,,,,,
12/16/2025,EFFR,3.64,3.6,3.64,3.65,3.66,95,3.5,3.75,,,,,,,,,
12/16/2025,OBFR,3.64,3.52,3.63,3.65,3.68,169,,,,,,,,,,,
12/16/2025,TGCR,3.64,3.6,3.64,3.65,3.76,1296,,,,,,,,,,,
12/16/2025,BGCR,3.64,3.6,3.64,3.65,3.76,1336,,,,,,,,,,,
12/16/2025,SOFR,3.69,3.63,3.64,3.74,3.77,3319,,,,,,,,,,,
12/15/2025,EFFR,3.64,3.6,3.63,3.65,3.66,97,3.5,3.75,,,,,,,,,
12/15/2025,OBFR,3.64,3.52,3.63,3.65,3.68,167,,,,,,,,,,,
12/15/2025,TGCR,3.73,3.6,3.73,3.73,3.75,1288,,,,,,,,,,,
12/15/2025,BGCR,3.73,3.6,3.73,3.73,3.81,1315,,,,,,,,,,,
12/15/2025,SOFR,3.75,3.67,3.73,3.83,3.85,3270,,,,,,,,,,,
12/12/2025,EFFR,3.64,3.6,3.63,3.65,3.68,102,3.5,3.75,,,,,,,,,
12/12/2025,OBFR,3.64,3.52,3.63,3.65,3.68,174,,,,,,,,,,,
12/12/2025,TGCR,3.65,3.59,3.65,3.65,3.68,1303,,,,,,,,,,,
12/12/2025,BGCR,3.65,3.59,3.65,3.65,3.7,1324,,,,,,,,,,,
12/12/2025,SOFR,3.67,3.63,3.65,3.74,3.76,3261,,,,,,,,,,,
12/11/2025,EFFR,3.64,3.6,3.63,3.65,3.66,99,3.5,3.75,,,,,,,,,
12/11/2025,OBFR,3.64,3.53,3.62,3.65,3.67,184,,,,,,,,,,,
12/11/2025,TGCR,3.62,3.56,3.62,3.62,3.91,1304,,,,,,,,,,,
12/11/2025,BGCR,3.62,3.56,3.62,3.63,3.91,1338,,,,,,,,,,,
12/11/2025,SOFR,3.66,3.61,3.62,3.72,3.9,3299,,,,,,,,,,,
12/10/2025,EFFR,3.89,3.84,3.88,3.9,3.91,98,3.75,4,,,,,,,,,
12/10/2025,OBFR,3.89,3.78,3.87,3.9,3.91,184,,,,,,,,,,,
12/10/2025,TGCR,3.87,3.8,3.87,3.87,3.94,1297,,,,,,,,,,,
12/10/2025,BGCR,3.87,3.8,3.87,3.87,3.95,1326,,,,,,,,,,,
12/10/2025,SOFR,3.9,3.86,3.87,3.96,3.98,3222,,,,,,,,,,,
12/09/2025,EFFR,3.89,3.84,3.88,3.9,3.91,85,3.75,4,,,,,,,,,
12/09/2025,OBFR,3.89,3.77,3.88,3.9,3.92,161,,,,,,,,,,,
12/09/2025,TGCR,3.9,3.82,3.9,3.9,3.96,1285,,,,,,,,,,,
12/09/2025,BGCR,3.9,3.82,3.9,3.9,3.97,1315,,,,,,,,,,,
12/09/2025,SOFR,3.93,3.88,3.9,3.99,4.02,3244,,,,,,,,,,,
12/08/2025,EFFR,3.89,3.84,3.88,3.9,3.91,84,3.75,4,,,,,,,,,
12/08/2025,OBFR,3.89,3.77,3.87,3.9,3.92,160,,,,,,,,,,,
12/08/2025,TGCR,3.93,3.83,3.93,3.93,3.96,1290,,,,,,,,,,,
12/08/2025,BGCR,3.93,3.83,3.93,3.93,3.99,1311,,,,,,,,,,,
12/08/2025,SOFR,3.95,3.9,3.93,4.02,4.05,3209,,,,,,,,,,,
12/05/2025,EFFR,3.89,3.84,3.88,3.9,3.91,88,3.75,4,,,,,,,,,
12/05/2025,OBFR,3.89,3.75,3.87,3.9,3.92,167,,,,,,,,,,,
12/05/2025,TGCR,3.9,3.85,3.9,3.9,3.93,1295,,,,,,,,,,,
12/05/2025,BGCR,3.9,3.85,3.9,3.9,3.98,1321,,,,,,,,,,,
12/05/2025,SOFR,3.93,3.88,3.9,3.99,4.02,3221,,,,,,,,,,,
12/04/2025,EFFR,3.89,3.84,3.88,3.9,3.93,87,3.75,4,,,,,,,,,
12/04/2025,OBFR,3.89,3.77,3.87,3.9,3.92,173,,,,,,,,,,,
12/04/2025,TGCR,3.87,3.81,3.87,3.88,3.96,1298,,,,,,,,,,,
12/04/2025,BGCR,3.87,3.82,3.87,3.88,3.98,1320,,,,,,,,,,,
12/04/2025,SOFR,3.92,3.86,3.87,3.97,4.01,3300,,,,,,,,,,,
12/03/2025,EFFR,3.89,3.84,3.88,3.9,3.93,85,3.75,4,,,,,,,,,
12/03/2025,OBFR,3.89,3.77,3.87,3.9,3.92,153,,,,,,,,,,,
12/03/2025,TGCR,3.9,3.8,3.9,3.9,4.02,1302,,,,,,,,,,,
12/03/2025,BGCR,3.9,3.8,3.9,3.9,4.02,1331,,,,,,,,,,,
12/03/2025,SOFR,3.95,3.87,3.9,4,4.02,3360,,,,,,,,,,,
12/02/2025,EFFR,3.89,3.84,3.88,3.9,3.93,91,3.75,4,,,,,,,,,
12/02/2025,OBFR,3.89,3.77,3.87,3.9,3.92,160,,,,,,,,,,,
12/02/2025,TGCR,3.96,3.9,3.96,3.97,4.13,1276,,,,,,,,,,,
12/02/2025,BGCR,3.96,3.9,3.96,3.97,4.13,1310,,,,,,,,,,,
12/02/2025,SOFR,4.01,3.94,3.96,4.06,4.12,3407,,,,,,,,,,,
12/01/2025,EFFR,3.89,3.84,3.88,3.9,3.93,85,3.75,4,,,,,,,,,
12/01/2025,OBFR,3.89,3.77,3.87,3.9,3.92,151,,,,,,,,,,,
12/01/2025,TGCR,4.07,3.85,4.07,4.08,4.13,1270,,,,,,,,,,,
12/01/2025,BGCR,4.07,3.85,4.07,4.08,4.14,1299,,,,,,,,,,,
12/01/2025,SOFR,4.12,4,4.07,4.18,4.21,3454,,,,,,,,,,,
11/28/2025,EFFR,3.89,3.84,3.88,3.89,3.92,90,3.75,4,,,,,,,,,
11/28/2025,OBFR,3.88,3.78,3.87,3.89,4.08,167,,,,,,,,,,,
11/28/2025,TGCR,4.08,3.8,4.08,4.08,4.11,1236,,,,,,,,,,,
11/28/2025,BGCR,4.08,3.8,4.08,4.08,4.15,1269,,,,,,,,,,,
11/28/2025,SOFR,4.12,3.93,4.08,4.19,4.23,3361,,,,,,,,,,,
11/26/2025,EFFR,3.88,3.84,3.88,3.89,3.93,89,3.75,4,,,,,,,,,
11/26/2025,OBFR,3.88,3.75,3.87,3.89,3.91,171,,,,,,,,,,,
11/26/2025,TGCR,4.02,3.9,4.02,4.02,4.05,1258,,,,,,,,,,,
11/26/2025,BGCR,4.02,3.86,4.02,4.02,4.08,1288,,,,,,,,,,,
11/26/2025,SOFR,4.05,3.96,4.02,4.12,4.15,3297,,,,,,,,,,,
11/25/2025,EFFR,3.88,3.84,3.88,3.89,3.93,78,3.75,4,,,,,,,,,
11/25/2025,OBFR,3.88,3.75,3.87,3.89,3.93,153,,,,,,,,,,,
11/25/2025,TGCR,3.97,3.8,3.97,3.97,4,1273,,,,,,,,,,,
11/25/2025,BGCR,3.97,3.8,3.97,3.97,4.05,1299,,,,,,,,,,,
11/25/2025,SOFR,4.01,3.93,3.97,4.07,4.09,3317,,,,,,,,,,,
11/24/2025,EFFR,3.88,3.84,3.88,3.89,3.93,73,3.75,4,,,,,,,,,
11/24/2025,OBFR,3.88,3.75,3.87,3.89,3.93,159,,,,,,,,,,,
11/24/2025,TGCR,3.93,3.84,3.93,3.93,3.96,1260,,,,,,,,,,,
11/24/2025,BGCR,3.93,3.84,3.93,3.93,4,1288,,,,,,,,,,,
11/24/2025,SOFR,3.96,3.91,3.93,4.03,4.05,3232,,,,,,,,,,,
11/21/2025,EFFR,3.88,3.84,3.88,3.89,3.91,81,3.75,4,,,,,,,,,
11/21/2025,OBFR,3.88,3.76,3.87,3.89,3.93,174,,,,,,,,,,,
11/21/2025,TGCR,3.9,3.8,3.9,3.9,3.93,1251,,,,,,,,,,,
11/21/2025,BGCR,3.9,3.8,3.9,3.9,3.96,1276,,,,,,,,,,,
11/21/2025,SOFR,3.93,3.88,3.9,4,4.01,3203,,,,,,,,,,,
11/20/2025,EFFR,3.88,3.84,3.88,3.89,3.93,75,3.75,4,,,,,,,,,
11/20/2025,OBFR,3.88,3.78,3.86,3.89,3.95,179,,,,,,,,,,,
11/20/2025,TGCR,3.86,3.82,3.86,3.86,3.93,1253,,,,,,,,,,,
11/20/2025,BGCR,3.86,3.82,3.86,3.87,3.95,1276,,,,,,,,,,,
11/20/2025,SOFR,3.91,3.85,3.86,3.96,4,3170,,,,,,,,,,,
11/19/2025,EFFR,3.88,3.84,3.88,3.89,3.91,76,3.75,4,,,,,,,,,
11/19/2025,OBFR,3.88,3.77,3.87,3.89,3.91,166,,,,,,,,,,,
11/19/2025,TGCR,3.87,3.81,3.87,3.87,3.95,1244,,,,,,,,,,,
11/19/2025,BGCR,3.87,3.82,3.87,3.87,3.95,1272,,,,,,,,,,,
11/19/2025,SOFR,3.91,3.85,3.87,3.96,3.98,3179,,,,,,,,,,,
11/18/2025,EFFR,3.88,3.84,3.88,3.89,3.91,78,3.75,4,,,,,,,,,
11/18/2025,OBFR,3.88,3.77,3.87,3.89,3.94,164,,,,,,,,,,,
11/18/2025,TGCR,3.9,3.8,3.9,3.9,4.01,1256,,,,,,,,,,,
11/18/2025,BGCR,3.9,3.8,3.9,3.9,4.01,1278,,,,,,,,,,,
11/18/2025,SOFR,3.94,3.87,3.9,4,4.03,3220,,,,,,,,,,,
11/17/2025,EFFR,3.88,3.84,3.87,3.89,3.93,75,3.75,4,,,,,,,,,
11/17/2025,OBFR,3.88,3.77,3.87,3.89,3.91,150,,,,,,,,,,,
11/17/2025,TGCR,3.96,3.82,3.96,3.97,4,1246,,,,,,,,,,,
11/17/2025,BGCR,3.96,3.82,3.96,3.97,4.05,1276,,,,,,,,,,,
11/17/2025,SOFR,4,3.93,3.96,4.06,4.08,3278,,,,,,,,,,,
11/14/2025,EFFR,3.88,3.84,3.87,3.89,3.93,72,3.75,4,,,,,,,,,
11/14/2025,OBFR,3.88,3.75,3.86,3.88,3.91,157,,,,,,,,,,,
11/14/2025,TGCR,3.92,3.79,3.92,3.92,4.01,1231,,,,,,,,,,,
11/14/2025,BGCR,3.92,3.8,3.92,3.92,4.01,1265,,,,,,,,,,,
11/14/2025,SOFR,3.95,3.85,3.92,4.02,4.05,3195,,,,,,,,,,,
11/13/2025,EFFR,3.88,3.84,3.87,3.89,3.93,78,3.75,4,,,,,,,,,
11/13/2025,OBFR,3.87,3.75,3.86,3.89,3.93,172,,,,,,,,,,,
11/13/2025,TGCR,3.97,3.8,3.97,3.97,4,1227,,,,,,,,,,,
11/13/2025,BGCR,3.97,3.8,3.97,3.98,4.04,1260,,,,,,,,,,,
11/13/2025,SOFR,4,3.9,3.97,4.08,4.1,3197,,,,,,,,,,,
11/12/2025,EFFR,3.87,3.84,3.87,3.88,3.93,77,3.75,4,,,,,,,,,
11/12/2025,OBFR,3.87,3.77,3.86,3.88,3.92,156,,,,,,,,,,,
11/12/2025,TGCR,3.95,3.82,3.95,3.95,3.98,1231,,,,,,,,,,,
11/12/2025,BGCR,3.95,3.83,3.95,3.95,4.03,1263,,,,,,,,,,,
11/12/2025,SOFR,3.98,3.9,3.95,4.05,4.07,3209,,,,,,,,,,,
11/10/2025,EFFR,3.87,3.84,3.86,3.88,3.9,77,3.75,4,,,,,,,,,
11/10/2025,OBFR,3.87,3.77,3.86,3.88,3.91,161,,,,,,,,,,,
11/10/2025,TGCR,3.93,3.83,3.93,3.93,3.96,1214,,,,,,,,,,,
11/10/2025,BGCR,3.93,3.83,3.93,3.93,3.99,1234,,,,,,,,,,,
11/10/2025,SOFR,3.95,3.88,3.93,4.03,4.05,3135,,,,,,,,,,,
11/07/2025,EFFR,3.87,3.84,3.86,3.88,3.93,83,3.75,4,,,,,,,,,
11/07/2025,OBFR,3.87,3.75,3.85,3.88,3.91,162,,,,,,,,,,,
11/07/2025,TGCR,3.89,3.8,3.89,3.9,3.93,1192,,,,,,,,,,,
11/07/2025,BGCR,3.89,3.8,3.89,3.9,3.98,1216,,,,,,,,,,,
11/07/2025,SOFR,3.93,3.87,3.9,3.99,4.01,3069,,,,,,,,,,,
11/06/2025,EFFR,3.87,3.84,3.86,3.87,3.93,87,3.75,4,,,,,,,,,
11/06/2025,OBFR,3.87,3.77,3.85,3.88,3.93,160,,,,,,,,,,,
11/06/2025,TGCR,3.89,3.8,3.89,3.9,3.92,1189,,,,,,,,,,,
11/06/2025,BGCR,3.89,3.8,3.89,3.9,3.98,1219,,,,,,,,,,,
11/06/2025,SOFR,3.92,3.86,3.89,3.99,4.01,3156,,,,,,,,,,,
11/05/2025,EFFR,3.87,3.84,3.86,3.87,3.9,94,3.75,4,,,,,,,,,
11/05/2025,OBFR,3.87,3.77,3.85,3.88,3.91,166,,,,,,,,,,,
11/05/2025,TGCR,3.88,3.8,3.88,3.88,4.01,1171,,,,,,,,,,,
11/05/2025,BGCR,3.88,3.8,3.88,3.88,4.01,1195,,,,,,,,,,,
11/05/2025,SOFR,3.91,3.85,3.88,3.98,4.01,3145,,,,,,,,,,,
11/04/2025,EFFR,3.87,3.84,3.86,3.87,3.9,94,3.75,4,,,,,,,,,
11/04/2025,OBFR,3.87,3.77,3.86,3.88,3.91,165,,,,,,,,,,,
11/04/2025,TGCR,3.98,3.9,3.98,3.98,4.14,1156,,,,,,,,,,,
11/04/2025,BGCR,3.98,3.9,3.98,3.98,4.14,1183,,,,,,,,,,,
11/04/2025,SOFR,4,3.94,3.98,4.08,4.14,3147,,,,,,,,,,,
11/03/2025,EFFR,3.87,3.84,3.86,3.87,3.9,98,3.75,4,,,,,,,,,
11/03/2025,OBFR,3.87,3.78,3.86,3.88,3.91,177,,,,,,,,,,,
11/03/2025,TGCR,4.09,3.8,4.09,4.09,4.23,1122,,,,,,,,,,,
11/03/2025,BGCR,4.09,3.8,4.09,4.09,4.23,1159,,,,,,,,,,,
11/03/2025,SOFR,4.13,4,4.09,4.2,4.23,3237,,,,,,,,,,,
10/31/2025,EFFR,3.86,3.84,3.85,3.87,3.93,107,3.75,4,,,,,,,,,
10/31/2025,OBFR,3.86,3.78,3.85,3.88,3.93,195,,,,,,,,,,,
10/31/2025,TGCR,4.15,3.9,4.14,4.15,4.19,1117,,,,,,,,,,,
10/31/2025,BGCR,4.15,3.9,4.14,4.15,4.35,1153,,,,,,,,,,,
10/31/2025,SOFR,4.22,4.05,4.15,4.29,4.35,3211,,,,,,,,,,,
10/30/2025,EFFR,3.87,3.84,3.86,3.87,3.9,104,3.75,4,,,,,,,,,
10/30/2025,OBFR,3.87,3.75,3.85,3.88,3.94,179,,,,,,,,,,,
10/30/2025,TGCR,3.99,3.9,3.98,3.99,4.28,1142,,,,,,,,,,,
10/30/2025,BGCR,3.99,3.9,3.98,3.99,4.28,1170,,,,,,,,,,,
10/30/2025,SOFR,4.04,3.95,3.99,4.09,4.27,3098,,,,,,,,,,,
10/29/2025,EFFR,4.12,4.09,4.11,4.12,4.15,98,4,4.25,,,,,,,,,
10/29/2025,OBFR,4.12,4.03,4.1,4.13,4.15,189,,,,,,,,,,,
10/29/2025,TGCR,4.24,4.08,4.24,4.24,4.32,1115,,,,,,,,,,,
10/29/2025,BGCR,4.24,4.08,4.24,4.24,4.32,1150,,,,,,,,,,,
10/29/2025,SOFR,4.27,4.18,4.24,4.33,4.36,3061,,,,,,,,,,,
10/28/2025,EFFR,4.12,4.09,4.11,4.12,4.15,92,4,4.25,,,,,,,,,
10/28/2025,OBFR,4.12,4.03,4.1,4.13,4.16,178,,,,,,,,,,,
10/28/2025,TGCR,4.28,4.09,4.27,4.28,4.31,1111,,,,,,,,,,,
10/28/2025,BGCR,4.28,4.09,4.27,4.28,4.35,1138,,,,,,,,,,,
10/28/2025,SOFR,4.31,4.2,4.28,4.39,4.42,3067,,,,,,,,,,,
10/27/2025,EFFR,4.12,4.09,4.11,4.12,4.15,88,4,4.25,,,,,,,,,
10/27/2025,OBFR,4.11,4.02,4.1,4.12,4.16,176,,,,,,,,,,,
10/27/2025,TGCR,4.24,4.05,4.24,4.24,4.27,1103,,,,,,,,,,,
10/27/2025,BGCR,4.24,4.06,4.24,4.24,4.32,1131,,,,,,,,,,,
10/27/2025,SOFR,4.27,4.15,4.24,4.34,4.36,3019,,,,,,,,,,,
10/24/2025,EFFR,4.11,4.09,4.11,4.12,4.15,90,4,4.25,,,,,,,,,
10/24/2025,OBFR,4.11,4.02,4.1,4.12,4.16,180,,,,,,,,,,,
10/24/2025,TGCR,4.21,4.1,4.21,4.21,4.25,1111,,,,,,,,,,,
10/24/2025,BGCR,4.21,4.1,4.21,4.21,4.28,1136,,,,,,,,,,,
10/24/2025,SOFR,4.24,4.16,4.21,4.3,4.33,3000,,,,,,,,,,,
10/23/2025,EFFR,4.11,4.09,4.11,4.12,4.15,93,4,4.25,,,,,,,,,
10/23/2025,OBFR,4.11,4,4.1,4.12,4.15,173,,,,,,,,,,,
10/23/2025,TGCR,4.21,4.09,4.21,4.21,4.24,1113,,,,,,,,,,,
10/23/2025,BGCR,4.21,4.1,4.21,4.21,4.28,1145,,,,,,,,,,,
10/23/2025,SOFR,4.24,4.15,4.21,4.3,4.33,3002,,,,,,,,,,,
10/22/2025,EFFR,4.11,4.09,4.1,4.12,4.15,91,4,4.25,,,,,,,,,
10/22/2025,OBFR,4.11,4,4.1,4.12,4.15,180,,,,,,,,,,,
10/22/2025,TGCR,4.18,4.07,4.18,4.18,4.24,1123,,,,,,,,,,,
10/22/2025,BGCR,4.18,4.08,4.18,4.18,4.24,1152,,,,,,,,,,,
10/22/2025,SOFR,4.21,4.14,4.18,4.27,4.29,2956,,,,,,,,,,,
10/21/2025,EFFR,4.11,4.09,4.1,4.12,4.18,85,4,4.25,,,,,,,,,
10/21/2025,OBFR,4.11,4.02,4.1,4.12,4.16,162,,,,,,,,,,,
10/21/2025,TGCR,4.21,4.08,4.2,4.21,4.24,1132,,,,,,,,,,,
10/21/2025,BGCR,4.21,4.08,4.2,4.21,4.26,1163,,,,,,,,,,,
10/21/2025,SOFR,4.23,4.15,4.21,4.29,4.33,2957,,,,,,,,,,,
10/20/2025,EFFR,4.11,4.09,4.1,4.12,4.15,82,4,4.25,,,,,,,,,
10/20/2025,OBFR,4.11,4.02,4.1,4.12,4.17,163,,,,,,,,,,,
10/20/2025,TGCR,4.12,4.09,4.12,4.13,4.19,1135,,,,,,,,,,,
10/20/2025,BGCR,4.12,4.09,4.12,4.13,4.22,1164,,,,,,,,,,,
10/20/2025,SOFR,4.16,4.1,4.12,4.21,4.26,2945,,,,,,,,,,,
10/17/2025,EFFR,4.11,4.09,4.1,4.12,4.18,79,4,4.25,,,,,,,,,
10/17/2025,OBFR,4.11,4.02,4.09,4.12,4.17,169,,,,,,,,,,,
10/17/2025,TGCR,4.16,4.1,4.15,4.16,4.31,1145,,,,,,,,,,,
10/17/2025,BGCR,4.16,4.1,4.15,4.16,4.31,1180,,,,,,,,,,,
10/17/2025,SOFR,4.18,4.1,4.16,4.24,4.3,3022,,,,,,,,,,,
10/16/2025,EFFR,4.11,4.09,4.1,4.12,4.15,85,4,4.25,,,,,,,,,
10/16/2025,OBFR,4.11,4.02,4.09,4.12,4.15,171,,,,,,,,,,,
10/16/2025,TGCR,4.25,4.1,4.25,4.26,4.3,1143,,,,,,,,,,,
10/16/2025,BGCR,4.25,4.1,4.25,4.26,4.34,1180,,,,,,,,,,,
10/16/2025,SOFR,4.3,4.15,4.26,4.37,4.41,3045,,,,,,,,,,,
10/15/2025,EFFR,4.1,4.09,4.1,4.12,4.15,81,4,4.25,,,,,,,,,
10/15/2025,OBFR,4.1,4,4.09,4.11,4.15,165,,,,,,,,,,,
10/15/2025,TGCR,4.25,4.1,4.25,4.25,4.28,1141,,,,,,,,,,,
10/15/2025,BGCR,4.25,4.1,4.25,4.25,4.35,1183,,,,,,,,,,,
10/15/2025,SOFR,4.29,4.19,4.25,4.35,4.39,3059,,,,,,,,,,,
10/14/2025,EFFR,4.1,4.08,4.1,4.11,4.18,80,4,4.25,,,,,,,,,
10/14/2025,OBFR,4.1,4,4.09,4.1,4.15,168,,,,,,,,,,,
10/14/2025,TGCR,4.16,4.1,4.16,4.17,4.2,1113,,,,,,,,,,,
10/14/2025,BGCR,4.16,4.1,4.16,4.17,4.28,1144,,,,,,,,,,,
10/14/2025,SOFR,4.19,4.14,4.17,4.26,4.3,2932,,,,,,,,,,,
10/10/2025,EFFR,4.1,4.08,4.09,4.1,4.15,87,4,4.25,,,,,,,,,
10/10/2025,OBFR,4.1,4.02,4.09,4.1,4.15,174,,,,,,,,,,,
10/10/2025,TGCR,4.12,4.07,4.12,4.12,4.15,1110,,,,,,,,,,,
10/10/2025,BGCR,4.12,4.07,4.12,4.12,4.21,1138,,,,,,,,,,,
10/10/2025,SOFR,4.15,4.1,4.12,4.21,4.23,2895,,,,,,,,,,,
10/09/2025,EFFR,4.1,4.08,4.09,4.1,4.15,84,4,4.25,,,,,,,,,
10/09/2025,OBFR,4.1,4.02,4.09,4.1,4.15,174,,,,,,,,,,,
10/09/2025,TGCR,4.1,4.06,4.1,4.1,4.14,1120,,,,,,,,,,,
10/09/2025,BGCR,4.1,4.06,4.1,4.1,4.17,1148,,,,,,,,,,,
10/09/2025,SOFR,4.13,4.08,4.1,4.19,4.21,2923,,,,,,,,,,,
10/08/2025,EFFR,4.1,4.08,4.09,4.1,4.15,76,4,4.25,,,,,,,,,
10/08/2025,OBFR,4.1,4,4.09,4.1,4.16,156,,,,,,,,,,,
10/08/2025,TGCR,4.09,4.05,4.09,4.1,4.15,1135,,,,,,,,,,,
10/08/2025,BGCR,4.09,4.05,4.09,4.1,4.16,1167,,,,,,,,,,,
10/08/2025,SOFR,4.12,4.08,4.09,4.18,4.2,2924,,,,,,,,,,,
10/07/2025,EFFR,4.09,4.08,4.09,4.1,4.15,81,4,4.25,,,,,,,,,
10/07/2025,OBFR,4.09,4,4.09,4.1,4.15,160,,,,,,,,,,,
10/07/2025,TGCR,4.12,4.05,4.12,4.12,4.16,1134,,,,,,,,,,,
10/07/2025,BGCR,4.12,4.05,4.12,4.12,4.19,1165,,,,,,,,,,,
10/07/2025,SOFR,4.14,4.09,4.12,4.2,4.23,2946,,,,,,,,,,,
10/06/2025,EFFR,4.09,4.08,4.09,4.1,4.18,84,4,4.25,,,,,,,,,
10/06/2025,OBFR,4.09,4,4.09,4.1,4.15,164,,,,,,,,,,,
10/06/2025,TGCR,4.13,4.05,4.13,4.13,4.19,1147,,,,,,,,,,,
10/06/2025,BGCR,4.13,4.05,4.13,4.13,4.2,1181,,,,,,,,,,,
10/06/2025,SOFR,4.15,4.09,4.13,4.21,4.24,2981,,,,,,,,,,,
10/03/2025,EFFR,4.09,4.08,4.09,4.1,4.15,95,4,4.25,,,,,,,,,
10/03/2025,OBFR,4.09,4.01,4.08,4.1,4.15,183,,,,,,,,,,,
10/03/2025,TGCR,4.16,4.07,4.16,4.16,4.21,1148,,,,,,,,,,,
10/03/2025,BGCR,4.16,4.07,4.16,4.16,4.23,1177,,,,,,,,,,,
10/03/2025,SOFR,4.18,4.12,4.16,4.25,4.27,3018,,,,,,,,,,,
10/02/2025,EFFR,4.09,4.08,4.09,4.1,4.15,102,4,4.25,,,,,,,,,
10/02/2025,OBFR,4.09,4,4.08,4.1,4.15,187,,,,,,,,,,,
10/02/2025,TGCR,4.17,4.1,4.17,4.17,4.21,1137,,,,,,,,,,,
10/02/2025,BGCR,4.17,4.1,4.17,4.17,4.24,1167,,,,,,,,,,,
10/02/2025,SOFR,4.2,4.14,4.17,4.26,4.28,3022,,,,,,,,,,,
10/01/2025,EFFR,4.09,4.08,4.09,4.1,4.15,103,4,4.25,,,,,,,,,
10/01/2025,OBFR,4.09,4.02,4.08,4.1,4.15,180,,,,,,,,,,,
10/01/2025,TGCR,4.16,4.1,4.16,4.16,4.25,1119,,,,,,,,,,,
10/01/2025,BGCR,4.16,4.1,4.16,4.17,4.25,1154,,,,,,,,,,,
10/01/2025,SOFR,4.2,4.13,4.16,4.25,4.29,3075,,,,,,,,,,,
09/30/2025,EFFR,4.09,4.07,4.08,4.1,4.18,92,4,4.25,,,,,,,,,
09/30/2025,OBFR,4.09,4,4.08,4.1,4.18,155,,,,,,,,,,,
09/30/2025,TGCR,4.2,4.13,4.2,4.2,4.23,1101,,,,,,,,,,,
09/30/2025,BGCR,4.2,4.13,4.2,4.2,4.32,1140,,,,,,,,,,,
09/30/2025,SOFR,4.24,4.14,4.2,4.31,4.38,3148,,,,,,,,,,,
09/29/2025,EFFR,4.09,4.08,4.09,4.1,4.15,89,4,4.25,,,,,,,,,
09/29/2025,OBFR,4.09,4,4.08,4.1,4.15,174,,,,,,,,,,,
09/29/2025,TGCR,4.12,4.05,4.12,4.12,4.17,1110,,,,,,,,,,,
09/29/2025,BGCR,4.12,4.05,4.12,4.12,4.2,1146,,,,,,,,,,,
09/29/2025,SOFR,4.13,4.08,4.12,4.21,4.24,2893,,,,,,,,,,,
09/26/2025,EFFR,4.09,4.08,4.09,4.1,4.15,95,4,4.25,,,,,,,,,
09/26/2025,OBFR,4.09,4,4.08,4.1,4.15,178,,,,,,,,,,,
09/26/2025,TGCR,4.14,4.05,4.14,4.14,4.19,1113,,,,,,,,,,,
09/26/2025,BGCR,4.14,4.05,4.14,4.14,4.21,1154,,,,,,,,,,,
09/26/2025,SOFR,4.16,4.1,4.14,4.22,4.26,2917,,,,,,,,,,,
09/25/2025,EFFR,4.09,4.08,4.08,4.1,4.15,92,4,4.25,,,,,,,,,
09/25/2025,OBFR,4.09,4,4.08,4.1,4.15,194,,,,,,,,,,,
09/25/2025,TGCR,4.17,4.05,4.16,4.17,4.2,1112,,,,,,,,,,,
09/25/2025,BGCR,4.17,4.05,4.16,4.17,4.23,1141,,,,,,,,,,,
09/25/2025,SOFR,4.18,4.1,4.17,4.26,4.28,2965,,,,,,,,,,,
09/24/2025,EFFR,4.09,4.08,4.08,4.1,4.12,88,4,4.25,,,,,,,,,
09/24/2025,OBFR,4.09,4.02,4.08,4.09,4.15,176,,,,,,,,,,,
09/24/2025,TGCR,4.12,4.04,4.11,4.12,4.15,1114,,,,,,,,,,,
09/24/2025,BGCR,4.12,4.04,4.12,4.12,4.2,1155,,,,,,,,,,,
09/24/2025,SOFR,4.13,4.08,4.12,4.2,4.23,2852,,,,,,,,,,,
09/23/2025,EFFR,4.09,4.07,4.08,4.09,4.15,95,4,4.25,,,,,,,,,
09/23/2025,OBFR,4.09,4.02,4.08,4.09,4.16,188,,,,,,,,,,,
09/23/2025,TGCR,4.09,4.04,4.09,4.1,4.15,1127,,,,,,,,,,,
09/23/2025,BGCR,4.09,4.04,4.09,4.1,4.17,1160,,,,,,,,,,,
09/23/2025,SOFR,4.12,4.05,4.09,4.18,4.2,2877,,,,,,,,,,,
09/22/2025,EFFR,4.09,4.07,4.08,4.09,4.15,93,4,4.25,,,,,,,,,
09/22/2025,OBFR,4.09,4.02,4.08,4.09,4.16,195,,,,,,,,,,,
09/22/2025,TGCR,4.11,4.05,4.11,4.12,4.15,1109,,,,,,,,,,,
09/22/2025,BGCR,4.11,4.05,4.11,4.12,4.18,1146,,,,,,,,,,,
09/22/2025,SOFR,4.14,4.09,4.12,4.2,4.23,2906,,,,,,,,,,,
09/19/2025,EFFR,4.08,4.07,4.08,4.09,4.18,95,4,4.25,,,,,,,,,
09/19/2025,OBFR,4.08,4,4.08,4.09,4.16,191,,,,,,,,,,,
09/19/2025,TGCR,4.11,4.05,4.11,4.12,4.15,1118,,,,,,,,,,,
09/19/2025,BGCR,4.11,4.05,4.11,4.12,4.19,1148,,,,,,,,,,,
09/19/2025,SOFR,4.14,4.08,4.12,4.21,4.23,2881,,,,,,,,,,,
09/18/2025,EFFR,4.08,4.07,4.08,4.09,4.18,92,4,4.25,,,,,,,,,
09/18/2025,OBFR,4.08,4.02,4.08,4.09,4.2,185,,,,,,,,,,,
09/18/2025,TGCR,4.11,4.05,4.11,4.11,4.39,1125,,,,,,,,,,,
09/18/2025,BGCR,4.11,4.05,4.11,4.11,4.39,1154,,,,,,,,,,,
09/18/2025,SOFR,4.14,4.08,4.11,4.2,4.39,2894,,,,,,,,,,,
09/17/2025,EFFR,4.33,4.32,4.33,4.34,4.45,96,4.25,4.5,,,,,,,,,
09/17/2025,OBFR,4.33,4.27,4.33,4.34,4.4,192,,,,,,,,,,,
09/17/2025,TGCR,4.35,4.3,4.35,4.35,4.4,1125,,,,,,,,,,,
09/17/2025,BGCR,4.35,4.3,4.35,4.35,4.43,1149,,,,,,,,,,,
09/17/2025,SOFR,4.38,4.33,4.35,4.43,4.46,2853,,,,,,,,,,,
09/16/2025,EFFR,4.33,4.32,4.33,4.34,4.4,98,4.25,4.5,,,,,,,,,
09/16/2025,OBFR,4.33,4.27,4.33,4.34,4.4,191,,,,,,,,,,,
09/16/2025,TGCR,4.36,4.31,4.36,4.36,4.52,1115,,,,,,,,,,,
09/16/2025,BGCR,4.36,4.31,4.36,4.36,4.52,1139,,,,,,,,,,,
09/16/2025,SOFR,4.39,4.34,4.36,4.45,4.51,2857,,,,,,,,,,,
09/15/2025,EFFR,4.33,4.32,4.33,4.34,4.4,91,4.25,4.5,,,,,,,,,
09/15/2025,OBFR,4.33,4.27,4.33,4.34,4.4,181,,,,,,,,,,,
09/15/2025,TGCR,4.5,4.32,4.49,4.5,4.52,1097,,,,,,,,,,,
09/15/2025,BGCR,4.5,4.32,4.49,4.5,4.55,1136,,,,,,,,,,,
09/15/2025,SOFR,4.51,4.38,4.5,4.62,4.68,2877,,,,,,,,,,,
09/12/2025,EFFR,4.33,4.31,4.33,4.34,4.4,106,4.25,4.5,,,,,,,,,
09/12/2025,OBFR,4.33,4.25,4.33,4.34,4.4,208,,,,,,,,,,,
09/12/2025,TGCR,4.4,4.32,4.4,4.4,4.43,1102,,,,,,,,,,,
09/12/2025,BGCR,4.4,4.32,4.4,4.4,4.48,1136,,,,,,,,,,,
09/12/2025,SOFR,4.42,4.36,4.4,4.48,4.53,2830,,,,,,,,,,,
09/11/2025,EFFR,4.33,4.31,4.33,4.34,4.4,117,4.25,4.5,,,,,,,,,
09/11/2025,OBFR,4.33,4.28,4.33,4.34,4.4,214,,,,,,,,,,,
09/11/2025,TGCR,4.38,4.3,4.38,4.38,4.41,1120,,,,,,,,,,,
09/11/2025,BGCR,4.38,4.31,4.38,4.39,4.46,1147,,,,,,,,,,,
09/11/2025,SOFR,4.41,4.35,4.38,4.46,4.5,2828,,,,,,,,,,,
09/10/2025,EFFR,4.33,4.31,4.33,4.34,4.4,111,4.25,4.5,,,,,,,,,
09/10/2025,OBFR,4.33,4.27,4.33,4.34,4.4,209,,,,,,,,,,,
09/10/2025,TGCR,4.37,4.3,4.37,4.37,4.41,1118,,,,,,,,,,,
09/10/2025,BGCR,4.37,4.3,4.37,4.37,4.44,1145,,,,,,,,,,,
09/10/2025,SOFR,4.39,4.34,4.37,4.45,4.48,2800,,,,,,,,,,,
09/09/2025,EFFR,4.33,4.31,4.33,4.34,4.4,112,4.25,4.5,,,,,,,,,
09/09/2025,OBFR,4.33,4.25,4.33,4.34,4.4,208,,,,,,,,,,,
09/09/2025,TGCR,4.38,4.32,4.38,4.38,4.41,1114,,,,,,,,,,,
09/09/2025,BGCR,4.38,4.32,4.38,4.38,4.45,1143,,,,,,,,,,,
09/09/2025,SOFR,4.4,4.35,4.38,4.46,4.49,2863,,,,,,,,,,,
09/08/2025,EFFR,4.33,4.31,4.33,4.34,4.4,110,4.25,4.5,,,,,,,,,
09/08/2025,OBFR,4.33,4.25,4.33,4.34,4.4,215,,,,,,,,,,,
09/08/2025,TGCR,4.39,4.3,4.39,4.39,4.43,1120,,,,,,,,,,,
09/08/2025,BGCR,4.39,4.3,4.39,4.39,4.46,1151,,,,,,,,,,,
09/08/2025,SOFR,4.4,4.35,4.39,4.47,4.5,2872,,,,,,,,,,,
09/05/2025,EFFR,4.33,4.31,4.33,4.33,4.35,116,4.25,4.5,,,,,,,,,
09/05/2025,OBFR,4.33,4.25,4.33,4.34,4.4,225,,,,,,,,,,,
09/05/2025,TGCR,4.4,4.33,4.4,4.4,4.43,1127,,,,,,,,,,,
09/05/2025,BGCR,4.4,4.33,4.4,4.4,4.47,1161,,,,,,,,,,,
09/05/2025,SOFR,4.42,4.35,4.4,4.49,4.52,2847,,,,,,,,,,,
09/04/2025,EFFR,4.33,4.31,4.33,4.33,4.35,118,4.25,4.5,,,,,,,,,
09/04/2025,OBFR,4.33,4.25,4.32,4.33,4.4,231,,,,,,,,,,,
09/04/2025,TGCR,4.38,4.33,4.37,4.38,4.41,1108,,,,,,,,,,,
09/04/2025,BGCR,4.38,4.33,4.37,4.38,4.47,1131,,,,,,,,,,,
09/04/2025,SOFR,4.41,4.35,4.38,4.47,4.5,2834,,,,,,,,,,,
09/03/2025,EFFR,4.33,4.31,4.33,4.33,4.4,119,4.25,4.5,,,,,,,,,
09/03/2025,OBFR,4.33,4.28,4.32,4.33,4.4,218,,,,,,,,,,,
09/03/2025,TGCR,4.36,4.32,4.36,4.36,4.4,1118,,,,,,,,,,,
09/03/2025,BGCR,4.36,4.32,4.36,4.36,4.44,1146,,,,,,,,,,,
09/03/2025,SOFR,4.39,4.34,4.36,4.45,4.48,2880,,,,,,,,,,,
09/02/2025,EFFR,4.33,4.31,4.33,4.33,4.4,120,4.25,4.5,,,,,,,,,
09/02/2025,OBFR,4.33,4.28,4.32,4.33,4.38,220,,,,,,,,,,,
09/02/2025,TGCR,4.36,4.31,4.36,4.36,4.39,1118,,,,,,,,,,,
09/02/2025,BGCR,4.36,4.31,4.36,4.36,4.49,1142,,,,,,,,,,,
09/02/2025,SOFR,4.39,4.34,4.36,4.46,4.5,2947,,,,,,,,,,,
08/29/2025,EFFR,4.33,4.31,4.32,4.33,4.4,115,4.25,4.5,,,,,,,,,
08/29/2025,OBFR,4.33,4.25,4.32,4.33,4.4,224,,,,,,,,,,,
08/29/2025,TGCR,4.33,4.26,4.33,4.33,4.36,1102,,,,,,,,,,,
08/29/2025,BGCR,4.33,4.26,4.33,4.33,4.38,1129,,,,,,,,,,,
08/29/2025,SOFR,4.34,4.3,4.33,4.4,4.44,2880,,,,,,,,,,,
08/28/2025,EFFR,4.33,4.31,4.33,4.33,4.35,115,4.25,4.5,,,,,,,,,
08/28/2025,OBFR,4.33,4.2,4.32,4.33,4.4,227,,,,,,,,,,,
08/28/2025,TGCR,4.33,4.27,4.33,4.33,4.37,1122,,,,,,,,,,,
08/28/2025,BGCR,4.33,4.27,4.33,4.33,4.39,1157,,,,,,,,,,,
08/28/2025,SOFR,4.34,4.3,4.33,4.4,4.44,2870,,,,,,,,,,,
08/27/2025,EFFR,4.33,4.31,4.33,4.33,4.35,114,4.25,4.5,,,,,,,,,
08/27/2025,OBFR,4.33,4.27,4.32,4.33,4.4,229,,,,,,,,,,,
08/27/2025,TGCR,4.35,4.29,4.35,4.35,4.39,1120,,,,,,,,,,,
08/27/2025,BGCR,4.35,4.29,4.35,4.35,4.39,1162,,,,,,,,,,,
08/27/2025,SOFR,4.36,4.32,4.35,4.42,4.47,2889,,,,,,,,,,,
08/26/2025,EFFR,4.33,4.31,4.33,4.33,4.35,113,4.25,4.5,,,,,,,,,
08/26/2025,OBFR,4.33,4.27,4.32,4.33,4.4,226,,,,,,,,,,,
08/26/2025,TGCR,4.37,4.29,4.37,4.37,4.4,1125,,,,,,,,,,,
08/26/2025,BGCR,4.37,4.29,4.37,4.37,4.43,1164,,,,,,,,,,,
08/26/2025,SOFR,4.38,4.32,4.37,4.44,4.49,2820,,,,,,,,,,,
08/25/2025,EFFR,4.33,4.31,4.33,4.33,4.4,113,4.25,4.5,,,,,,,,,
08/25/2025,OBFR,4.33,4.28,4.33,4.33,4.4,236,,,,,,,,,,,
08/25/2025,TGCR,4.35,4.27,4.35,4.36,4.38,1121,,,,,,,,,,,
08/25/2025,BGCR,4.35,4.27,4.35,4.36,4.42,1153,,,,,,,,,,,
08/25/2025,SOFR,4.37,4.3,4.36,4.43,4.47,2825,,,,,,,,,,,
08/22/2025,EFFR,4.33,4.31,4.33,4.33,4.4,114,4.25,4.5,,,,,,,,,
08/22/2025,OBFR,4.33,4.25,4.32,4.33,4.4,242,,,,,,,,,,,
08/22/2025,TGCR,4.35,4.28,4.35,4.35,4.38,1118,,,,,,,,,,,
08/22/2025,BGCR,4.35,4.28,4.35,4.35,4.41,1143,,,,,,,,,,,
08/22/2025,SOFR,4.36,4.3,4.35,4.42,4.46,2738,,,,,,,,,,,
08/21/2025,EFFR,4.33,4.31,4.33,4.33,4.4,117,4.25,4.5,,,,,,,,,
08/21/2025,OBFR,4.33,4.28,4.32,4.33,4.4,263,,,,,,,,,,,
08/21/2025,TGCR,4.31,4.26,4.31,4.31,4.35,1109,,,,,,,,,,,
08/21/2025,BGCR,4.31,4.26,4.31,4.31,4.37,1132,,,,,,,,,,,
08/21/2025,SOFR,4.32,4.28,4.31,4.39,4.42,2702,,,,,,,,,,,
08/20/2025,EFFR,4.33,4.31,4.33,4.33,4.4,115,4.25,4.5,,,,,,,,,
08/20/2025,OBFR,4.33,4.28,4.33,4.33,4.38,269,,,,,,,,,,,
08/20/2025,TGCR,4.3,4.26,4.3,4.3,4.34,1114,,,,,,,,,,,
08/20/2025,BGCR,4.3,4.26,4.3,4.3,4.36,1140,,,,,,,,,,,
08/20/2025,SOFR,4.31,4.28,4.3,4.37,4.4,2704,,,,,,,,,,,
08/19/2025,EFFR,4.33,4.31,4.33,4.33,4.43,109,4.25,4.5,,,,,,,,,
08/19/2025,OBFR,4.33,4.28,4.33,4.33,4.4,260,,,,,,,,,,,
08/19/2025,TGCR,4.31,4.26,4.31,4.31,4.35,1118,,,,,,,,,,,
08/19/2025,BGCR,4.31,4.26,4.31,4.31,4.37,1144,,,,,,,,,,,
08/19/2025,SOFR,4.33,4.29,4.31,4.38,4.42,2760,,,,,,,,,,,
08/18/2025,EFFR,4.33,4.31,4.33,4.34,4.43,112,4.25,4.5,,,,,,,,,
08/18/2025,OBFR,4.33,4.28,4.33,4.33,4.4,244,,,,,,,,,,,
08/18/2025,TGCR,4.33,4.26,4.33,4.33,4.37,1134,,,,,,,,,,,
08/18/2025,BGCR,4.33,4.27,4.33,4.33,4.38,1159,,,,,,,,,,,
08/18/2025,SOFR,4.34,4.3,4.33,4.4,4.44,2810,,,,,,,,,,,
08/15/2025,EFFR,4.33,4.31,4.33,4.33,4.4,112,4.25,4.5,,,,,,,,,
08/15/2025,OBFR,4.33,4.25,4.32,4.33,4.4,240,,,,,,,,,,,
08/15/2025,TGCR,4.34,4.28,4.34,4.34,4.38,1146,,,,,,,,,,,
08/15/2025,BGCR,4.34,4.28,4.34,4.34,4.4,1163,,,,,,,,,,,
08/15/2025,SOFR,4.36,4.32,4.34,4.42,4.46,2821,,,,,,,,,,,
08/14/2025,EFFR,4.33,4.31,4.33,4.33,4.4,114,4.25,4.5,,,,,,,,,
08/14/2025,OBFR,4.33,4.25,4.32,4.33,4.4,253,,,,,,,,,,,
08/14/2025,TGCR,4.32,4.27,4.32,4.32,4.36,1144,,,,,,,,,,,
08/14/2025,BGCR,4.32,4.27,4.32,4.32,4.38,1169,,,,,,,,,,,
08/14/2025,SOFR,4.34,4.3,4.32,4.4,4.43,2767,,,,,,,,,,,
08/13/2025,EFFR,4.33,4.31,4.33,4.33,4.4,116,4.25,4.5,,,,,,,,,
08/13/2025,OBFR,4.33,4.28,4.32,4.33,4.38,267,,,,,,,,,,,
08/13/2025,TGCR,4.32,4.27,4.32,4.32,4.37,1146,,,,,,,,,,,
08/13/2025,BGCR,4.32,4.27,4.32,4.32,4.38,1177,,,,,,,,,,,
08/13/2025,SOFR,4.33,4.29,4.32,4.39,4.43,2796,,,,,,,,,,,
08/12/2025,EFFR,4.33,4.31,4.33,4.33,4.4,114,4.25,4.5,,,,,,,,,
08/12/2025,OBFR,4.33,4.28,4.33,4.33,4.4,247,,,,,,,,,,,
08/12/2025,TGCR,4.34,4.26,4.34,4.35,4.38,1144,,,,,,,,,,,
08/12/2025,BGCR,4.34,4.26,4.34,4.35,4.4,1175,,,,,,,,,,,
08/12/2025,SOFR,4.36,4.3,4.34,4.41,4.46,2804,,,,,,,,,,,
08/11/2025,EFFR,4.33,4.31,4.33,4.33,4.35,115,4.25,4.5,,,,,,,,,
08/11/2025,OBFR,4.33,4.28,4.33,4.33,4.4,263,,,,,,,,,,,
08/11/2025,TGCR,4.33,4.26,4.33,4.33,4.36,1137,,,,,,,,,,,
08/11/2025,BGCR,4.33,4.26,4.33,4.33,4.4,1173,,,,,,,,,,,
08/11/2025,SOFR,4.34,4.29,4.33,4.4,4.44,2796,,,,,,,,,,,
08/08/2025,EFFR,4.33,4.31,4.33,4.33,4.35,115,4.25,4.5,,,,,,,,,
08/08/2025,OBFR,4.33,4.25,4.32,4.33,4.4,262,,,,,,,,,,,
08/08/2025,TGCR,4.33,4.27,4.33,4.33,4.36,1139,,,,,,,,,,,
08/08/2025,BGCR,4.33,4.27,4.33,4.33,4.39,1169,,,,,,,,,,,
08/08/2025,SOFR,4.35,4.3,4.33,4.4,4.43,2817,,,,,,,,,,,
08/07/2025,EFFR,4.33,4.31,4.33,4.33,4.35,108,4.25,4.5,,,,,,,,,
08/07/2025,OBFR,4.33,4.28,4.33,4.33,4.4,254,,,,,,,,,,,
08/07/2025,TGCR,4.33,4.28,4.33,4.33,4.36,1130,,,,,,,,,,,
08/07/2025,BGCR,4.33,4.28,4.33,4.33,4.39,1154,,,,,,,,,,,
08/07/2025,SOFR,4.35,4.31,4.33,4.41,4.44,2855,,,,,,,,,,,
08/06/2025,EFFR,4.33,4.31,4.33,4.33,4.35,112,4.25,4.5,,,,,,,,,
08/06/2025,OBFR,4.33,4.28,4.32,4.33,4.4,264,,,,,,,,,,,
08/06/2025,TGCR,4.32,4.27,4.32,4.32,4.35,1147,,,,,,,,,,,
08/06/2025,BGCR,4.32,4.27,4.32,4.32,4.38,1176,,,,,,,,,,,
08/06/2025,SOFR,4.34,4.28,4.32,4.39,4.43,2866,,,,,,,,,,,
08/05/2025,EFFR,4.33,4.31,4.33,4.33,4.35,115,4.25,4.5,,,,,,,,,
08/05/2025,OBFR,4.33,4.28,4.32,4.33,4.4,268,,,,,,,,,,,
08/05/2025,TGCR,4.33,4.27,4.33,4.33,4.36,1137,,,,,,,,,,,
08/05/2025,BGCR,4.33,4.27,4.33,4.33,4.39,1167,,,,,,,,,,,
08/05/2025,SOFR,4.34,4.29,4.33,4.4,4.43,2863,,,,,,,,,,,
08/04/2025,EFFR,4.33,4.31,4.33,4.33,4.4,117,4.25,4.5,,,,,,,,,
08/04/2025,OBFR,4.33,4.28,4.32,4.33,4.38,265,,,,,,,,,,,
08/04/2025,TGCR,4.31,4.26,4.31,4.32,4.35,1117,,,,,,,,,,,
08/04/2025,BGCR,4.31,4.26,4.31,4.32,4.37,1141,,,,,,,,,,,
08/04/2025,SOFR,4.33,4.28,4.31,4.38,4.42,2828,,,,,,,,,,,
08/01/2025,EFFR,4.33,4.31,4.33,4.33,4.35,129,4.25,4.5,,,,,,,,,
08/01/2025,OBFR,4.33,4.26,4.32,4.33,4.38,287,,,,,,,,,,,
08/01/2025,TGCR,4.32,4.25,4.31,4.32,4.4,1109,,,,,,,,,,,
08/01/2025,BGCR,4.32,4.26,4.31,4.32,4.4,1143,,,,,,,,,,,
08/01/2025,SOFR,4.34,4.28,4.32,4.39,4.42,2885,,,,,,,,,,,
07/31/2025,EFFR,4.33,4.32,4.33,4.34,4.4,92,4.25,4.5,,,,,,,,,
07/31/2025,OBFR,4.33,4.2,4.32,4.33,4.4,208,,,,,,,,,,,
07/31/2025,TGCR,4.36,4.25,4.36,4.36,4.4,1111,,,,,,,,,,,
07/31/2025,BGCR,4.36,4.25,4.36,4.36,4.43,1134,,,,,,,,,,,
07/31/2025,SOFR,4.39,4.3,4.36,4.45,4.48,2933,,,,,,,,,,,
07/30/2025,EFFR,4.33,4.31,4.33,4.33,4.35,105,4.25,4.5,,,,,,,,,
07/30/2025,OBFR,4.33,4.27,4.32,4.33,4.38,275,,,,,,,,,,,
07/30/2025,TGCR,4.31,4.26,4.31,4.31,4.37,1098,,,,,,,,,,,
07/30/2025,BGCR,4.31,4.26,4.31,4.31,4.38,1130,,,,,,,,,,,
07/30/2025,SOFR,4.32,4.28,4.31,4.38,4.42,2727,,,,,,,,,,,
07/29/2025,EFFR,4.33,4.31,4.33,4.34,4.4,112,4.25,4.5,,,,,,,,,
07/29/2025,OBFR,4.33,4.27,4.33,4.33,4.38,264,,,,,,,,,,,
07/29/2025,TGCR,4.34,4.26,4.34,4.35,4.37,1098,,,,,,,,,,,
07/29/2025,BGCR,4.34,4.26,4.34,4.35,4.41,1137,,,,,,,,,,,
07/29/2025,SOFR,4.36,4.3,4.34,4.42,4.46,2754,,,,,,,,,,,
07/28/2025,EFFR,4.33,4.31,4.33,4.33,4.4,112,4.25,4.5,,,,,,,,,
07/28/2025,OBFR,4.33,4.28,4.32,4.33,4.38,268,,,,,,,,,,,
07/28/2025,TGCR,4.35,4.27,4.35,4.35,4.38,1101,,,,,,,,,,,
07/28/2025,BGCR,4.35,4.26,4.35,4.35,4.41,1142,,,,,,,,,,,
07/28/2025,SOFR,4.36,4.31,4.35,4.43,4.47,2783,,,,,,,,,,,
07/25/2025,EFFR,4.33,4.31,4.33,4.33,4.4,114,4.25,4.5,,,,,,,,,
07/25/2025,OBFR,4.33,4.25,4.32,4.33,4.38,266,,,,,,,,,,,
07/25/2025,TGCR,4.35,4.26,4.35,4.35,4.38,1110,,,,,,,,,,,
07/25/2025,BGCR,4.35,4.26,4.35,4.35,4.41,1144,,,,,,,,,,,
07/25/2025,SOFR,4.36,4.3,4.35,4.43,4.47,2766,,,,,,,,,,,
07/24/2025,EFFR,4.33,4.31,4.33,4.34,4.4,109,4.25,4.5,,,,,,,,,
07/24/2025,OBFR,4.33,4.25,4.32,4.33,4.38,281,,,,,,,,,,,
07/24/2025,TGCR,4.29,4.25,4.29,4.29,4.32,1108,,,,,,,,,,,
07/24/2025,BGCR,4.29,4.25,4.29,4.29,4.35,1128,,,,,,,,,,,
07/24/2025,SOFR,4.3,4.27,4.29,4.36,4.39,2725,,,,,,,,,,,
07/23/2025,EFFR,4.33,4.31,4.33,4.33,4.35,115,4.25,4.5,,,,,,,,,
07/23/2025,OBFR,4.33,4.28,4.32,4.33,4.38,283,,,,,,,,,,,
07/23/2025,TGCR,4.27,4.25,4.27,4.27,4.3,1088,,,,,,,,,,,
07/23/2025,BGCR,4.27,4.25,4.27,4.27,4.32,1110,,,,,,,,,,,
07/23/2025,SOFR,4.28,4.25,4.27,4.33,4.36,2659,,,,,,,,,,,
07/22/2025,EFFR,4.33,4.31,4.33,4.33,4.35,107,4.25,4.5,,,,,,,,,
07/22/2025,OBFR,4.33,4.28,4.32,4.33,4.38,273,,,,,,,,,,,
07/22/2025,TGCR,4.27,4.24,4.27,4.27,4.3,1092,,,,,,,,,,,
07/22/2025,BGCR,4.27,4.24,4.27,4.27,4.32,1115,,,,,,,,,,,
07/22/2025,SOFR,4.28,4.25,4.27,4.33,4.36,2692,,,,,,,,,,,
07/21/2025,EFFR,4.33,4.31,4.33,4.34,4.44,108,4.25,4.5,,,,,,,,,
07/21/2025,OBFR,4.33,4.28,4.32,4.33,4.38,280,,,,,,,,,,,
07/21/2025,TGCR,4.27,4.21,4.27,4.27,4.32,1077,,,,,,,,,,,
07/21/2025,BGCR,4.27,4.21,4.27,4.27,4.33,1104,,,,,,,,,,,
07/21/2025,SOFR,4.28,4.25,4.27,4.33,4.36,2688,,,,,,,,,,,
07/18/2025,EFFR,4.33,4.31,4.33,4.33,4.4,110,4.25,4.5,,,,,,,,,
07/18/2025,OBFR,4.33,4.25,4.32,4.33,4.38,277,,,,,,,,,,,
07/18/2025,TGCR,4.29,4.24,4.29,4.29,4.35,1085,,,,,,,,,,,
07/18/2025,BGCR,4.29,4.2,4.29,4.29,4.36,1119,,,,,,,,,,,
07/18/2025,SOFR,4.3,4.27,4.29,4.36,4.39,2775,,,,,,,,,,,
07/17/2025,EFFR,4.33,4.31,4.33,4.33,4.4,113,4.25,4.5,,,,,,,,,
07/17/2025,OBFR,4.33,4.28,4.32,4.33,4.38,273,,,,,,,,,,,
07/17/2025,TGCR,4.33,4.26,4.33,4.33,4.36,1110,,,,,,,,,,,
07/17/2025,BGCR,4.33,4.26,4.33,4.33,4.38,1140,,,,,,,,,,,
07/17/2025,SOFR,4.34,4.28,4.33,4.39,4.43,2743,,,,,,,,,,,
07/16/2025,EFFR,4.33,4.31,4.33,4.33,4.4,115,4.25,4.5,,,,,,,,,
07/16/2025,OBFR,4.33,4.28,4.33,4.33,4.39,268,,,,,,,,,,,
07/16/2025,TGCR,4.33,4.26,4.33,4.34,4.38,1108,,,,,,,,,,,
07/16/2025,BGCR,4.33,4.26,4.33,4.34,4.38,1141,,,,,,,,,,,
07/16/2025,SOFR,4.34,4.29,4.33,4.4,4.44,2771,,,,,,,,,,,
07/15/2025,EFFR,4.33,4.31,4.33,4.34,4.43,101,4.25,4.5,,,,,,,,,
07/15/2025,OBFR,4.33,4.28,4.33,4.33,4.4,252,,,,,,,,,,,
07/15/2025,TGCR,4.36,4.28,4.36,4.36,4.39,1107,,,,,,,,,,,
07/15/2025,BGCR,4.36,4.28,4.36,4.36,4.43,1131,,,,,,,,,,,
07/15/2025,SOFR,4.37,4.32,4.36,4.44,4.48,2784,,,,,,,,,,,
07/14/2025,EFFR,4.33,4.31,4.33,4.34,4.43,104,4.25,4.5,,,,,,,,,
07/14/2025,OBFR,4.33,4.27,4.32,4.33,4.4,261,,,,,,,,,,,
07/14/2025,TGCR,4.32,4.26,4.32,4.32,4.35,1094,,,,,,,,,,,
07/14/2025,BGCR,4.32,4.25,4.32,4.32,4.38,1125,,,,,,,,,,,
07/14/2025,SOFR,4.33,4.29,4.32,4.39,4.43,2759,,,,,,,,,,,
07/11/2025,EFFR,4.33,4.31,4.33,4.33,4.4,103,4.25,4.5,,,,,,,,,
07/11/2025,OBFR,4.33,4.28,4.32,4.33,4.39,265,,,,,,,,,,,
07/11/2025,TGCR,4.3,4.26,4.3,4.3,4.34,1094,,,,,,,,,,,
07/11/2025,BGCR,4.3,4.26,4.3,4.3,4.38,1121,,,,,,,,,,,
07/11/2025,SOFR,4.31,4.27,4.3,4.38,4.41,2754,,,,,,,,,,,
07/10/2025,EFFR,4.33,4.31,4.33,4.33,4.4,106,4.25,4.5,,,,,,,,,
07/10/2025,OBFR,4.33,4.25,4.32,4.33,4.39,284,,,,,,,,,,,
07/10/2025,TGCR,4.3,4.25,4.3,4.3,4.33,1098,,,,,,,,,,,
07/10/2025,BGCR,4.3,4.25,4.3,4.3,4.37,1123,,,,,,,,,,,
07/10/2025,SOFR,4.31,4.27,4.3,4.37,4.4,2735,,,,,,,,,,,
07/09/2025,EFFR,4.33,4.31,4.33,4.34,4.45,105,4.25,4.5,,,,,,,,,
07/09/2025,OBFR,4.33,4.27,4.32,4.33,4.4,262,,,,,,,,,,,
07/09/2025,TGCR,4.31,4.26,4.31,4.31,4.35,1101,,,,,,,,,,,
07/09/2025,BGCR,4.31,4.26,4.31,4.31,4.38,1133,,,,,,,,,,,
07/09/2025,SOFR,4.32,4.27,4.31,4.38,4.42,2752,,,,,,,,,,,
07/08/2025,EFFR,4.33,4.31,4.33,4.33,4.45,117,4.25,4.5,,,,,,,,,
07/08/2025,OBFR,4.33,4.27,4.32,4.33,4.4,262,,,,,,,,,,,
07/08/2025,TGCR,4.32,4.26,4.32,4.32,4.35,1088,,,,,,,,,,,
07/08/2025,BGCR,4.32,4.27,4.32,4.32,4.39,1118,,,,,,,,,,,
07/08/2025,SOFR,4.34,4.28,4.32,4.39,4.44,2765,,,,,,,,,,,
07/07/2025,EFFR,4.33,4.31,4.33,4.33,4.43,118,4.25,4.5,,,,,,,,,
07/07/2025,OBFR,4.33,4.28,4.32,4.33,4.4,263,,,,,,,,,,,
07/07/2025,TGCR,4.31,4.26,4.31,4.32,4.36,1106,,,,,,,,,,,
07/07/2025,BGCR,4.31,4.26,4.31,4.32,4.39,1136,,,,,,,,,,,
07/07/2025,SOFR,4.33,4.27,4.31,4.39,4.42,2814,,,,,,,,,,,
07/03/2025,EFFR,4.33,4.31,4.33,4.33,4.43,129,4.25,4.5,,,,,,,,,
07/03/2025,OBFR,4.33,4.25,4.32,4.33,4.39,277,,,,,,,,,,,
07/03/2025,TGCR,4.32,4.26,4.32,4.32,4.41,1109,,,,,,,,,,,
07/03/2025,BGCR,4.32,4.26,4.32,4.32,4.41,1140,,,,,,,,,,,
07/03/2025,SOFR,4.35,4.27,4.32,4.41,4.44,2846,,,,,,,,,,,
07/02/2025,EFFR,4.33,4.31,4.33,4.33,4.43,129,4.25,4.5,,,,,,,,,
07/02/2025,OBFR,4.33,4.2,4.32,4.33,4.4,268,,,,,,,,,,,
07/02/2025,TGCR,4.37,4.28,4.37,4.37,4.45,1104,,,,,,,,,,,
07/02/2025,BGCR,4.37,4.27,4.37,4.37,4.45,1144,,,,,,,,,,,
07/02/2025,SOFR,4.4,4.3,4.37,4.47,4.5,2882,,,,,,,,,,,
07/01/2025,EFFR,4.33,4.31,4.33,4.33,4.45,133,4.25,4.5,,,,,,,,,
07/01/2025,OBFR,4.33,4.27,4.32,4.33,4.4,264,,,,,,,,,,,
07/01/2025,TGCR,4.39,4.3,4.39,4.39,4.46,1084,,,,,,,,,,,
07/01/2025,BGCR,4.39,4.3,4.39,4.4,4.5,1114,,,,,,,,,,,
07/01/2025,SOFR,4.44,4.32,4.39,4.51,4.54,2920,,,,,,,,,,,
06/30/2025,EFFR,4.33,4.3,4.33,4.34,4.45,79,4.25,4.5,,,,,,,,,
06/30/2025,OBFR,4.33,4.25,4.32,4.34,4.45,157,,,,,,,,,,,
06/30/2025,TGCR,4.39,4.3,4.39,4.39,4.43,1038,,,,,,,,,,,
06/30/2025,BGCR,4.39,4.3,4.39,4.39,4.54,1059,,,,,,,,,,,
06/30/2025,SOFR,4.45,4.35,4.39,4.51,4.65,2946,,,,,,,,,,,
06/27/2025,EFFR,4.33,4.31,4.33,4.33,4.45,122,4.25,4.5,,,,,,,,,
06/27/2025,OBFR,4.33,4.25,4.32,4.33,4.4,262,,,,,,,,,,,
06/27/2025,TGCR,4.37,4.28,4.36,4.37,4.41,1058,,,,,,,,,,,
06/27/2025,BGCR,4.37,4.28,4.36,4.37,4.44,1083,,,,,,,,,,,
06/27/2025,SOFR,4.39,4.31,4.37,4.46,4.5,2775,,,,,,,,,,,
06/26/2025,EFFR,4.33,4.31,4.32,4.33,4.45,124,4.25,4.5,,,,,,,,,
06/26/2025,OBFR,4.33,4.28,4.32,4.34,4.39,282,,,,,,,,,,,
06/26/2025,TGCR,4.38,4.26,4.37,4.38,4.41,1071,,,,,,,,,,,
06/26/2025,BGCR,4.38,4.26,4.37,4.38,4.47,1104,,,,,,,,,,,
06/26/2025,SOFR,4.4,4.3,4.38,4.48,4.52,2802,,,,,,,,,,,
06/25/2025,EFFR,4.33,4.31,4.33,4.33,4.45,128,4.25,4.5,,,,,,,,,
06/25/2025,OBFR,4.33,4.28,4.32,4.33,4.39,281,,,,,,,,,,,
06/25/2025,TGCR,4.33,4.28,4.33,4.33,4.36,1062,,,,,,,,,,,
06/25/2025,BGCR,4.33,4.28,4.33,4.33,4.4,1077,,,,,,,,,,,
06/25/2025,SOFR,4.36,4.3,4.33,4.43,4.46,2772,,,,,,,,,,,
06/24/2025,EFFR,4.33,4.31,4.33,4.34,4.45,115,4.25,4.5,,,,,,,,,
06/24/2025,OBFR,4.33,4.28,4.32,4.33,4.39,287,,,,,,,,,,,
06/24/2025,TGCR,4.28,4.25,4.28,4.28,4.33,1066,,,,,,,,,,,
06/24/2025,BGCR,4.28,4.25,4.28,4.28,4.36,1088,,,,,,,,,,,
06/24/2025,SOFR,4.3,4.26,4.28,4.36,4.4,2733,,,,,,,,,,,
06/23/2025,EFFR,4.33,4.31,4.33,4.33,4.45,115,4.25,4.5,,,,,,,,,
06/23/2025,OBFR,4.33,4.28,4.32,4.33,4.39,293,,,,,,,,,,,
06/23/2025,TGCR,4.27,4.24,4.27,4.28,4.33,1055,,,,,,,,,,,
06/23/2025,BGCR,4.27,4.24,4.27,4.28,4.34,1081,,,,,,,,,,,
06/23/2025,SOFR,4.29,4.25,4.27,4.34,4.38,2740,,,,,,,,,,,
06/20/2025,EFFR,4.33,4.31,4.33,4.33,4.45,118,4.25,4.5,,,,,,,,,
06/20/2025,OBFR,4.33,4.25,4.32,4.33,4.38,298,,,,,,,,,,,
06/20/2025,TGCR,4.27,4.23,4.27,4.27,4.32,1060,,,,,,,,,,,
06/20/2025,BGCR,4.27,4.23,4.27,4.27,4.33,1083,,,,,,,,,,,
06/20/2025,SOFR,4.29,4.25,4.27,4.34,4.37,2700,,,,,,,,,,,
06/18/2025,EFFR,4.33,4.31,4.33,4.34,4.45,109,4.25,4.5,,,,,,,,,
06/18/2025,OBFR,4.33,4.25,4.32,4.33,4.38,290,,,,,,,,,,,
06/18/2025,TGCR,4.27,4.25,4.27,4.27,4.33,1062,,,,,,,,,,,
06/18/2025,BGCR,4.27,4.25,4.27,4.27,4.34,1088,,,,,,,,,,,
06/18/2025,SOFR,4.28,4.25,4.27,4.34,4.37,2639,,,,,,,,,,,
06/17/2025,EFFR,4.33,4.31,4.33,4.34,4.45,104,4.25,4.5,,,,,,,,,
06/17/2025,OBFR,4.33,4.28,4.32,4.33,4.39,285,,,,,,,,,,,
06/17/2025,TGCR,4.29,4.25,4.29,4.29,4.33,1063,,,,,,,,,,,
06/17/2025,BGCR,4.29,4.25,4.29,4.29,4.36,1087,,,,,,,,,,,
06/17/2025,SOFR,4.31,4.27,4.29,4.36,4.39,2692,,,,,,,,,,,
06/16/2025,EFFR,4.33,4.31,4.33,4.34,4.45,101,4.25,4.5,,,,,,,,,
06/16/2025,OBFR,4.33,4.28,4.32,4.33,4.39,273,,,,,,,,,,,
06/16/2025,TGCR,4.3,4.26,4.3,4.3,4.34,1065,,,,,,,,,,,
06/16/2025,BGCR,4.3,4.26,4.3,4.3,4.37,1090,,,,,,,,,,,
06/16/2025,SOFR,4.32,4.28,4.3,4.38,4.41,2697,,,,,,,,,,,
06/13/2025,EFFR,4.33,4.31,4.32,4.33,4.45,110,4.25,4.5,,,,,,,,,
06/13/2025,OBFR,4.33,4.25,4.32,4.33,4.39,296,,,,,,,,,,,
06/13/2025,TGCR,4.27,4.24,4.27,4.27,4.33,1062,,,,,,,,,,,
06/13/2025,BGCR,4.27,4.24,4.27,4.27,4.34,1089,,,,,,,,,,,
06/13/2025,SOFR,4.28,4.25,4.27,4.34,4.38,2644,,,,,,,,,,,
06/12/2025,EFFR,4.33,4.31,4.32,4.33,4.45,114,4.25,4.5,,,,,,,,,
06/12/2025,OBFR,4.33,4.25,4.32,4.33,4.4,290,,,,,,,,,,,
06/12/2025,TGCR,4.27,4.24,4.27,4.27,4.32,1062,,,,,,,,,,,
06/12/2025,BGCR,4.27,4.24,4.27,4.27,4.34,1098,,,,,,,,,,,
06/12/2025,SOFR,4.28,4.25,4.27,4.33,4.38,2663,,,,,,,,,,,
06/11/2025,EFFR,4.33,4.31,4.33,4.33,4.45,111,4.25,4.5,,,,,,,,,
06/11/2025,OBFR,4.33,4.28,4.32,4.33,4.4,282,,,,,,,,,,,
06/11/2025,TGCR,4.27,4.24,4.27,4.27,4.31,1042,,,,,,,,,,,
06/11/2025,BGCR,4.27,4.24,4.27,4.27,4.34,1075,,,,,,,,,,,
06/11/2025,SOFR,4.28,4.25,4.27,4.33,4.37,2600,,,,,,,,,,,
06/10/2025,EFFR,4.33,4.31,4.33,4.33,4.45,112,4.25,4.5,,,,,,,,,
06/10/2025,OBFR,4.33,4.28,4.32,4.33,4.4,284,,,,,,,,,,,
06/10/2025,TGCR,4.27,4.24,4.27,4.27,4.32,1051,,,,,,,,,,,
06/10/2025,BGCR,4.27,4.24,4.27,4.27,4.34,1083,,,,,,,,,,,
06/10/2025,SOFR,4.28,4.25,4.27,4.33,4.37,2634,,,,,,,,,,,
06/09/2025,EFFR,4.33,4.31,4.33,4.33,4.45,114,4.25,4.5,,,,,,,,,
06/09/2025,OBFR,4.33,4.28,4.32,4.33,4.4,289,,,,,,,,,,,
06/09/2025,TGCR,4.27,4.23,4.27,4.28,4.33,1038,,,,,,,,,,,
06/09/2025,BGCR,4.27,4.24,4.27,4.28,4.35,1071,,,,,,,,,,,
06/09/2025,SOFR,4.29,4.26,4.27,4.34,4.38,2643,,,,,,,,,,,
06/06/2025,EFFR,4.33,4.31,4.33,4.33,4.4,118,4.25,4.5,,,,,,,,,
06/06/2025,OBFR,4.33,4.25,4.32,4.33,4.38,301,,,,,,,,,,,
06/06/2025,TGCR,4.27,4.25,4.27,4.27,4.32,1043,,,,,,,,,,,
06/06/2025,BGCR,4.27,4.25,4.27,4.27,4.34,1072,,,,,,,,,,,
06/06/2025,SOFR,4.29,4.26,4.27,4.34,4.38,2667,,,,,,,,,,,
06/05/2025,EFFR,4.33,4.31,4.33,4.33,4.4,118,4.25,4.5,,,,,,,,,
06/05/2025,OBFR,4.33,4.25,4.32,4.33,4.4,298,,,,,,,,,,,
06/05/2025,TGCR,4.27,4.24,4.27,4.27,4.32,1054,,,,,,,,,,,
06/05/2025,BGCR,4.27,4.24,4.27,4.27,4.33,1087,,,,,,,,,,,
06/05/2025,SOFR,4.29,4.25,4.27,4.34,4.37,2685,,,,,,,,,,,
06/04/2025,EFFR,4.33,4.31,4.33,4.33,4.45,114,4.25,4.5,,,,,,,,,
06/04/2025,OBFR,4.33,4.28,4.32,4.33,4.4,294,,,,,,,,,,,
06/04/2025,TGCR,4.27,4.22,4.27,4.27,4.33,1033,,,,,,,,,,,
06/04/2025,BGCR,4.27,4.22,4.27,4.27,4.34,1060,,,,,,,,,,,
06/04/2025,SOFR,4.28,4.25,4.27,4.34,4.37,2625,,,,,,,,,,,
06/03/2025,EFFR,4.33,4.31,4.33,4.33,4.4,120,4.25,4.5,,,,,,,,,
06/03/2025,OBFR,4.33,4.28,4.33,4.33,4.4,297,,,,,,,,,,,
06/03/2025,TGCR,4.3,4.26,4.29,4.3,4.36,1045,,,,,,,,,,,
06/03/2025,BGCR,4.3,4.26,4.29,4.3,4.37,1082,,,,,,,,,,,
06/03/2025,SOFR,4.32,4.28,4.3,4.37,4.4,2711,,,,,,,,,,,
06/02/2025,EFFR,4.33,4.31,4.33,4.34,4.45,113,4.25,4.5,,,,,,,,,
06/02/2025,OBFR,4.33,4.28,4.32,4.33,4.4,271,,,,,,,,,,,
06/02/2025,TGCR,4.32,4.26,4.32,4.32,4.36,1046,,,,,,,,,,,
06/02/2025,BGCR,4.32,4.26,4.32,4.32,4.39,1080,,,,,,,,,,,
06/02/2025,SOFR,4.35,4.29,4.32,4.4,4.43,2771,,,,,,,,,,,
05/30/2025,EFFR,4.33,4.31,4.32,4.33,4.45,105,4.25,4.5,,,,,,,,,
05/30/2025,OBFR,4.33,4.25,4.32,4.33,4.42,228,,,,,,,,,,,
05/30/2025,TGCR,4.34,4.25,4.34,4.34,4.37,1013,,,,,,,,,,,
05/30/2025,BGCR,4.34,4.25,4.34,4.34,4.42,1049,,,,,,,,,,,
05/30/2025,SOFR,4.35,4.29,4.34,4.42,4.46,2641,,,,,,,,,,,
05/29/2025,EFFR,4.33,4.31,4.33,4.34,4.45,114,4.25,4.5,,,,,,,,,
05/29/2025,OBFR,4.33,4.23,4.32,4.33,4.4,302,,,,,,,,,,,
05/29/2025,TGCR,4.32,4.26,4.32,4.32,4.35,1021,,,,,,,,,,,
05/29/2025,BGCR,4.32,4.26,4.32,4.32,4.39,1059,,,,,,,,,,,
05/29/2025,SOFR,4.33,4.28,4.32,4.39,4.43,2652,,,,,,,,,,,
05/28/2025,EFFR,4.33,4.31,4.33,4.34,4.45,108,4.25,4.5,,,,,,,,,
05/28/2025,OBFR,4.33,4.27,4.32,4.33,4.4,282,,,,,,,,,,,
05/28/2025,TGCR,4.32,4.26,4.32,4.32,4.35,1020,,,,,,,,,,,
05/28/2025,BGCR,4.32,4.26,4.32,4.32,4.38,1049,,,,,,,,,,,
05/28/2025,SOFR,4.33,4.29,4.32,4.39,4.44,2605,,,,,,,,,,,
05/27/2025,EFFR,4.33,4.31,4.33,4.34,4.45,115,4.25,4.5,,,,,,,,,
05/27/2025,OBFR,4.33,4.27,4.32,4.33,4.4,293,,,,,,,,,,,
05/27/2025,TGCR,4.3,4.25,4.3,4.3,4.33,1025,,,,,,,,,,,
05/27/2025,BGCR,4.3,4.25,4.3,4.3,4.38,1061,,,,,,,,,,,
05/27/2025,SOFR,4.31,4.26,4.3,4.38,4.41,2655,,,,,,,,,,,
05/23/2025,EFFR,4.33,4.31,4.33,4.34,4.45,123,4.25,4.5,,,,,,,,,
05/23/2025,OBFR,4.33,4.25,4.32,4.33,4.39,305,,,,,,,,,,,
05/23/2025,TGCR,4.26,4.22,4.26,4.26,4.29,1013,,,,,,,,,,,
05/23/2025,BGCR,4.26,4.22,4.26,4.26,4.31,1048,,,,,,,,,,,
05/23/2025,SOFR,4.26,4.25,4.26,4.31,4.35,2542,,,,,,,,,,,
05/22/2025,EFFR,4.33,4.25,4.33,4.33,4.4,118,4.25,4.5,,,,,,,,,
05/22/2025,OBFR,4.33,4.25,4.32,4.33,4.39,302,,,,,,,,,,,
05/22/2025,TGCR,4.26,4.23,4.26,4.26,4.29,1017,,,,,,,,,,,
05/22/2025,BGCR,4.26,4.23,4.26,4.26,4.3,1046,,,,,,,,,,,
05/22/2025,SOFR,4.26,4.25,4.26,4.29,4.34,2540,,,,,,,,,,,
05/21/2025,EFFR,4.33,4.31,4.33,4.33,4.4,118,4.25,4.5,,,,,,,,,
05/21/2025,OBFR,4.33,4.28,4.32,4.33,4.39,300,,,,,,,,,,,
05/21/2025,TGCR,4.26,4.22,4.26,4.26,4.29,1013,,,,,,,,,,,
05/21/2025,BGCR,4.26,4.21,4.26,4.26,4.32,1043,,,,,,,,,,,
05/21/2025,SOFR,4.26,4.25,4.26,4.3,4.34,2517,,,,,,,,,,,
05/20/2025,EFFR,4.33,4.31,4.33,4.34,4.45,111,4.25,4.5,,,,,,,,,
05/20/2025,OBFR,4.33,4.28,4.32,4.33,4.39,294,,,,,,,,,,,
05/20/2025,TGCR,4.26,4.24,4.26,4.27,4.3,1023,,,,,,,,,,,
05/20/2025,BGCR,4.26,4.24,4.26,4.27,4.33,1060,,,,,,,,,,,
05/20/2025,SOFR,4.27,4.25,4.26,4.32,4.36,2554,,,,,,,,,,,
05/19/2025,EFFR,4.33,4.31,4.33,4.33,4.45,116,4.25,4.5,,,,,,,,,
05/19/2025,OBFR,4.33,4.28,4.32,4.33,4.39,299,,,,,,,,,,,
05/19/2025,TGCR,4.28,4.23,4.27,4.28,4.31,1018,,,,,,,,,,,
05/19/2025,BGCR,4.28,4.23,4.27,4.28,4.35,1059,,,,,,,,,,,
05/19/2025,SOFR,4.29,4.25,4.28,4.34,4.38,2570,,,,,,,,,,,
05/16/2025,EFFR,4.33,4.31,4.33,4.33,4.45,117,4.25,4.5,,,,,,,,,
05/16/2025,OBFR,4.33,4.25,4.32,4.33,4.4,302,,,,,,,,,,,
05/16/2025,TGCR,4.29,4.26,4.29,4.29,4.32,1024,,,,,,,,,,,
05/16/2025,BGCR,4.29,4.26,4.29,4.29,4.36,1062,,,,,,,,,,,
05/16/2025,SOFR,4.3,4.27,4.29,4.36,4.4,2617,,,,,,,,,,,
05/15/2025,EFFR,4.33,4.31,4.33,4.33,4.45,120,4.25,4.5,,,,,,,,,
05/15/2025,OBFR,4.33,4.25,4.32,4.33,4.4,294,,,,,,,,,,,
05/15/2025,TGCR,4.3,4.25,4.3,4.3,4.32,1040,,,,,,,,,,,
05/15/2025,BGCR,4.3,4.25,4.3,4.3,4.38,1075,,,,,,,,,,,
05/15/2025,SOFR,4.31,4.27,4.3,4.38,4.42,2686,,,,,,,,,,,
05/14/2025,EFFR,4.33,4.31,4.33,4.34,4.45,112,4.25,4.5,,,,,,,,,
05/14/2025,OBFR,4.33,4.28,4.32,4.33,4.4,288,,,,,,,,,,,
05/14/2025,TGCR,4.28,4.25,4.28,4.28,4.31,1028,,,,,,,,,,,
05/14/2025,BGCR,4.28,4.25,4.28,4.28,4.35,1066,,,,,,,,,,,
05/14/2025,SOFR,4.29,4.26,4.28,4.34,4.39,2543,,,,,,,,,,,
05/13/2025,EFFR,4.33,4.31,4.33,4.34,4.45,113,4.25,4.5,,,,,,,,,
05/13/2025,OBFR,4.33,4.28,4.32,4.33,4.4,299,,,,,,,,,,,
05/13/2025,TGCR,4.29,4.25,4.29,4.29,4.32,1035,,,,,,,,,,,
05/13/2025,BGCR,4.29,4.25,4.29,4.29,4.36,1075,,,,,,,,,,,
05/13/2025,SOFR,4.3,4.27,4.29,4.36,4.41,2565,,,,,,,,,,,
05/12/2025,EFFR,4.33,4.31,4.33,4.34,4.45,105,4.25,4.5,,,,,,,,,
05/12/2025,OBFR,4.33,4.28,4.32,4.33,4.4,296,,,,,,,,,,,
05/12/2025,TGCR,4.27,4.25,4.27,4.27,4.31,1037,,,,,,,,,,,
05/12/2025,BGCR,4.27,4.25,4.27,4.27,4.34,1077,,,,,,,,,,,
05/12/2025,SOFR,4.28,4.25,4.27,4.34,4.38,2535,,,,,,,,,,,
05/09/2025,EFFR,4.33,4.31,4.33,4.34,4.45,107,4.25,4.5,,,,,,,,,
05/09/2025,OBFR,4.33,4.25,4.32,4.33,4.39,295,,,,,,,,,,,
05/09/2025,TGCR,4.27,4.25,4.27,4.27,4.33,1035,,,,,,,,,,,
05/09/2025,BGCR,4.27,4.25,4.27,4.27,4.34,1071,,,,,,,,,,,
05/09/2025,SOFR,4.28,4.25,4.27,4.33,4.38,2479,,,,,,,,,,,
05/08/2025,EFFR,4.33,4.31,4.33,4.34,4.45,113,4.25,4.5,,,,,,,,,
05/08/2025,OBFR,4.33,4.25,4.32,4.33,4.38,313,,,,,,,,,,,
05/08/2025,TGCR,4.28,4.23,4.28,4.28,4.33,1034,,,,,,,,,,,
05/08/2025,BGCR,4.28,4.23,4.28,4.28,4.34,1066,,,,,,,,,,,
05/08/2025,SOFR,4.29,4.26,4.28,4.34,4.39,2545,,,,,,,,,,,
05/07/2025,EFFR,4.33,4.31,4.33,4.34,4.45,111,4.25,4.5,,,,,,,,,
05/07/2025,OBFR,4.33,4.28,4.32,4.33,4.38,298,,,,,,,,,,,
05/07/2025,TGCR,4.29,4.24,4.29,4.29,4.33,1023,,,,,,,,,,,
05/07/2025,BGCR,4.29,4.23,4.29,4.29,4.36,1060,,,,,,,,,,,
05/07/2025,SOFR,4.3,4.26,4.29,4.36,4.4,2535,,,,,,,,,,,
05/06/2025,EFFR,4.33,4.31,4.33,4.33,4.45,120,4.25,4.5,,,,,,,,,
05/06/2025,OBFR,4.33,4.28,4.33,4.33,4.4,295,,,,,,,,,,,
05/06/2025,TGCR,4.31,4.25,4.31,4.31,4.34,1035,,,,,,,,,,,
05/06/2025,BGCR,4.31,4.25,4.31,4.31,4.38,1075,,,,,,,,,,,
05/06/2025,SOFR,4.32,4.28,4.31,4.38,4.42,2620,,,,,,,,,,,
05/05/2025,EFFR,4.33,4.31,4.33,4.33,4.45,117,4.25,4.5,,,,,,,,,
05/05/2025,OBFR,4.33,4.28,4.33,4.33,4.4,293,,,,,,,,,,,
05/05/2025,TGCR,4.31,4.25,4.31,4.31,4.37,1026,,,,,,,,,,,
05/05/2025,BGCR,4.31,4.26,4.31,4.31,4.38,1072,,,,,,,,,,,
05/05/2025,SOFR,4.33,4.29,4.31,4.38,4.42,2632,,,,,,,,,,,
05/02/2025,EFFR,4.33,4.31,4.33,4.34,4.45,111,4.25,4.5,,,,,,,,,
05/02/2025,OBFR,4.33,4.25,4.33,4.33,4.42,279,,,,,,,,,,,
05/02/2025,TGCR,4.33,4.26,4.33,4.34,4.4,1036,,,,,,,,,,,
05/02/2025,BGCR,4.33,4.26,4.33,4.34,4.41,1073,,,,,,,,,,,
05/02/2025,SOFR,4.36,4.3,4.33,4.42,4.46,2694,,,,,,,,,,,
05/01/2025,EFFR,4.33,4.31,4.33,4.34,4.46,107,4.25,4.5,,,,,,,,,
05/01/2025,OBFR,4.33,4.25,4.32,4.33,4.4,247,,,,,,,,,,,
05/01/2025,TGCR,4.35,4.27,4.35,4.35,4.42,1044,,,,,,,,,,,
05/01/2025,BGCR,4.35,4.27,4.35,4.35,4.45,1084,,,,,,,,,,,
05/01/2025,SOFR,4.39,4.31,4.35,4.45,4.48,2789,,,,,,,,,,,
04/30/2025,EFFR,4.33,4.31,4.33,4.34,4.46,92,4.25,4.5,,,,,,,,,
04/30/2025,OBFR,4.33,4.27,4.32,4.33,4.45,215,,,,,,,,,,,
04/30/2025,TGCR,4.37,4.26,4.37,4.37,4.4,1047,,,,,,,,,,,
04/30/2025,BGCR,4.37,4.26,4.37,4.37,4.52,1088,,,,,,,,,,,
04/30/2025,SOFR,4.41,4.33,4.37,4.48,4.52,2830,,,,,,,,,,,
04/29/2025,EFFR,4.33,4.31,4.33,4.34,4.46,104,4.25,4.5,,,,,,,,,
04/29/2025,OBFR,4.33,4.25,4.32,4.33,4.4,273,,,,,,,,,,,
04/29/2025,TGCR,4.35,4.25,4.35,4.35,4.38,1018,,,,,,,,,,,
04/29/2025,BGCR,4.35,4.25,4.35,4.35,4.42,1059,,,,,,,,,,,
04/29/2025,SOFR,4.36,4.3,4.35,4.44,4.49,2623,,,,,,,,,,,
04/28/2025,EFFR,4.33,4.31,4.33,4.34,4.45,105,4.25,4.5,,,,,,,,,
04/28/2025,OBFR,4.33,4.28,4.33,4.33,4.4,279,,,,,,,,,,,
04/28/2025,TGCR,4.35,4.26,4.35,4.36,4.38,1011,,,,,,,,,,,
04/28/2025,BGCR,4.35,4.26,4.35,4.36,4.44,1047,,,,,,,,,,,
04/28/2025,SOFR,4.36,4.3,4.35,4.43,4.48,2567,,,,,,,,,,,
04/25/2025,EFFR,4.33,4.31,4.33,4.34,4.46,112,4.25,4.5,,,,,,,,,
04/25/2025,OBFR,4.33,4.28,4.33,4.33,4.45,298,,,,,,,,,,,
04/25/2025,TGCR,4.32,4.26,4.31,4.32,4.34,1023,,,,,,,,,,,
04/25/2025,BGCR,4.32,4.26,4.31,4.32,4.39,1055,,,,,,,,,,,
04/25/2025,SOFR,4.33,4.28,4.32,4.39,4.44,2565,,,,,,,,,,,
04/24/2025,EFFR,4.33,4.31,4.33,4.34,4.45,103,4.25,4.5,,,,,,,,,
04/24/2025,OBFR,4.33,4.27,4.32,4.33,4.4,303,,,,,,,,,,,
04/24/2025,TGCR,4.28,4.23,4.27,4.28,4.31,1012,,,,,,,,,,,
04/24/2025,BGCR,4.28,4.24,4.27,4.28,4.35,1049,,,,,,,,,,,
04/24/2025,SOFR,4.29,4.25,4.28,4.34,4.38,2542,,,,,,,,,,,
04/23/2025,EFFR,4.33,4.31,4.33,4.34,4.45,107,4.25,4.5,,,,,,,,,
04/23/2025,OBFR,4.33,4.28,4.33,4.33,4.4,290,,,,,,,,,,,
04/23/2025,TGCR,4.27,4.22,4.27,4.27,4.34,989,,,,,,,,,,,
04/23/2025,BGCR,4.27,4.22,4.27,4.27,4.34,1025,,,,,,,,,,,
04/23/2025,SOFR,4.28,4.25,4.27,4.33,4.37,2475,,,,,,,,,,,
04/22/2025,EFFR,4.33,4.31,4.33,4.34,4.45,99,4.25,4.5,,,,,,,,,
04/22/2025,OBFR,4.33,4.27,4.33,4.33,4.4,287,,,,,,,,,,,
04/22/2025,TGCR,4.29,4.24,4.29,4.3,4.33,993,,,,,,,,,,,
04/22/2025,BGCR,4.29,4.24,4.29,4.3,4.37,1034,,,,,,,,,,,
04/22/2025,SOFR,4.3,4.27,4.29,4.36,4.4,2527,,,,,,,,,,,
04/21/2025,EFFR,4.33,4.31,4.33,4.34,4.44,96,4.25,4.5,,,,,,,,,
04/21/2025,OBFR,4.33,4.28,4.33,4.33,4.4,273,,,,,,,,,,,
04/21/2025,TGCR,4.32,4.25,4.32,4.32,4.35,987,,,,,,,,,,,
04/21/2025,BGCR,4.32,4.25,4.32,4.32,4.38,1027,,,,,,,,,,,
04/21/2025,SOFR,4.32,4.28,4.32,4.38,4.42,2469,,,,,,,,,,,
04/18/2025,EFFR,4.33,4.31,4.33,4.34,4.4,94,4.25,4.5,,,,,,,,,
04/18/2025,OBFR,4.33,4.25,4.32,4.33,4.4,114,,,,,,,,,,,
04/17/2025,EFFR,4.33,4.31,4.33,4.34,4.4,99,4.25,4.5,,,,,,,,,
04/17/2025,OBFR,4.33,4.25,4.32,4.33,4.4,128,,,,,,,,,,,
04/17/2025,TGCR,4.31,4.26,4.31,4.31,4.36,1016,,,,,,,,,,,
04/17/2025,BGCR,4.31,4.27,4.31,4.32,4.39,1047,,,,,,,,,,,
04/17/2025,SOFR,4.32,4.29,4.31,4.38,4.42,2505,,,,,,,,,,,
04/16/2025,EFFR,4.33,4.31,4.33,4.34,4.4,88,4.25,4.5,,,,,,,,,
04/16/2025,OBFR,4.33,4.27,4.32,4.33,4.38,258,,,,,,,,,,,
04/16/2025,TGCR,4.3,4.25,4.3,4.3,4.37,1016,,,,,,,,,,,
04/16/2025,BGCR,4.3,4.25,4.3,4.3,4.37,1047,,,,,,,,,,,
04/16/2025,SOFR,4.31,4.28,4.3,4.37,4.41,2513,,,,,,,,,,,
04/15/2025,EFFR,4.33,4.31,4.33,4.34,4.4,96,4.25,4.5,,,,,,,,,
04/15/2025,OBFR,4.33,4.25,4.33,4.33,4.4,242,,,,,,,,,,,
04/15/2025,TGCR,4.35,4.26,4.35,4.36,4.38,999,,,,,,,,,,,
04/15/2025,BGCR,4.35,4.26,4.35,4.36,4.46,1039,,,,,,,,,,,
04/15/2025,SOFR,4.36,4.3,4.35,4.44,4.48,2526,,,,,,,,,,,
04/14/2025,EFFR,4.33,4.31,4.33,4.34,4.4,99,4.25,4.5,,,,,,,,,
04/14/2025,OBFR,4.33,4.27,4.33,4.33,4.4,266,,,,,,,,,,,
04/14/2025,TGCR,4.33,4.25,4.32,4.33,4.35,1002,,,,,,,,,,,
04/14/2025,BGCR,4.33,4.24,4.32,4.33,4.39,1042,,,,,,,,,,,
04/14/2025,SOFR,4.33,4.26,4.33,4.39,4.44,2561,,,,,,,,,,,
04/11/2025,EFFR,4.33,4.31,4.33,4.34,4.4,105,4.25,4.5,,,,,,,,,
04/11/2025,OBFR,4.33,4.27,4.33,4.33,4.4,275,,,,,,,,,,,
04/11/2025,TGCR,4.32,4.25,4.32,4.33,4.38,1007,,,,,,,,,,,
04/11/2025,BGCR,4.32,4.25,4.32,4.33,4.39,1046,,,,,,,,,,,
04/11/2025,SOFR,4.33,4.28,4.32,4.38,4.44,2584,,,,,,,,,,,
04/10/2025,EFFR,4.33,4.31,4.33,4.34,4.35,98,4.25,4.5,,,,,,,,,
04/10/2025,OBFR,4.33,4.25,4.33,4.33,4.4,256,,,,,,,,,,,
04/10/2025,TGCR,4.36,4.25,4.36,4.36,4.43,1020,,,,,,,,,,,
04/10/2025,BGCR,4.36,4.25,4.36,4.36,4.43,1061,,,,,,,,,,,
04/10/2025,SOFR,4.37,4.28,4.36,4.43,4.49,2657,,,,,,,,,,,
04/09/2025,EFFR,4.33,4.31,4.33,4.34,4.4,92,4.25,4.5,,,,,,,,,
04/09/2025,OBFR,4.33,4.27,4.33,4.34,4.4,241,,,,,,,,,,,
04/09/2025,TGCR,4.4,4.28,4.4,4.41,4.43,1011,,,,,,,,,,,
04/09/2025,BGCR,4.4,4.26,4.4,4.41,4.46,1052,,,,,,,,,,,
04/09/2025,SOFR,4.42,4.32,4.4,4.5,4.58,2663,,,,,,,,,,,
04/08/2025,EFFR,4.33,4.31,4.33,4.34,4.4,93,4.25,4.5,,,,,,,,,
04/08/2025,OBFR,4.33,4.25,4.33,4.33,4.39,233,,,,,,,,,,,
04/08/2025,TGCR,4.37,4.27,4.37,4.38,4.41,1020,,,,,,,,,,,
04/08/2025,BGCR,4.37,4.28,4.37,4.38,4.46,1062,,,,,,,,,,,
04/08/2025,SOFR,4.4,4.31,4.38,4.47,4.51,2658,,,,,,,,,,,
04/07/2025,EFFR,4.33,4.31,4.33,4.34,4.4,93,4.25,4.5,,,,,,,,,
04/07/2025,OBFR,4.33,4.27,4.33,4.33,4.4,266,,,,,,,,,,,
04/07/2025,TGCR,4.31,4.26,4.3,4.31,4.36,997,,,,,,,,,,,
04/07/2025,BGCR,4.31,4.26,4.3,4.31,4.43,1029,,,,,,,,,,,
04/07/2025,SOFR,4.33,4.28,4.31,4.38,4.45,2630,,,,,,,,,,,
04/04/2025,EFFR,4.33,4.31,4.33,4.34,4.4,95,4.25,4.5,,,,,,,,,
04/04/2025,OBFR,4.33,4.25,4.33,4.33,4.39,269,,,,,,,,,,,
04/04/2025,TGCR,4.33,4.26,4.33,4.34,4.4,968,,,,,,,,,,,
04/04/2025,BGCR,4.33,4.26,4.33,4.34,4.4,1005,,,,,,,,,,,
04/04/2025,SOFR,4.35,4.29,4.33,4.41,4.44,2587,,,,,,,,,,,
04/03/2025,EFFR,4.33,4.31,4.33,4.34,4.4,103,4.25,4.5,,,,,,,,,
04/03/2025,OBFR,4.33,4.25,4.33,4.33,4.39,263,,,,,,,,,,,
04/03/2025,TGCR,4.36,4.27,4.36,4.37,4.39,976,,,,,,,,,,,
04/03/2025,BGCR,4.37,4.28,4.36,4.37,4.44,1011,,,,,,,,,,,
04/03/2025,SOFR,4.39,4.31,4.37,4.46,4.5,2577,,,,,,,,,,,
04/02/2025,EFFR,4.33,4.31,4.33,4.33,4.4,104,4.25,4.5,,,,,,,,,
04/02/2025,OBFR,4.33,4.28,4.33,4.33,4.39,258,,,,,,,,,,,
04/02/2025,TGCR,4.34,4.27,4.34,4.34,4.4,952,,,,,,,,,,,
04/02/2025,BGCR,4.34,4.27,4.34,4.34,4.43,983,,,,,,,,,,,
04/02/2025,SOFR,4.37,4.31,4.34,4.43,4.45,2555,,,,,,,,,,,
04/01/2025,EFFR,4.33,4.31,4.33,4.33,4.4,112,4.25,4.5,,,,,,,,,
04/01/2025,OBFR,4.33,4.28,4.33,4.33,4.39,264,,,,,,,,,,,
04/01/2025,TGCR,4.35,4.28,4.34,4.35,4.42,936,,,,,,,,,,,
04/01/2025,BGCR,4.35,4.28,4.34,4.35,4.44,972,,,,,,,,,,,
04/01/2025,SOFR,4.39,4.3,4.35,4.44,4.47,2589,,,,,,,,,,,
03/31/2025,EFFR,4.33,4.3,4.32,4.34,4.45,78,4.25,4.5,,,,,,,,,
03/31/2025,OBFR,4.33,4.25,4.32,4.34,4.45,182,,,,,,,,,,,
03/31/2025,TGCR,4.36,4.3,4.36,4.37,4.4,898,,,,,,,,,,,
03/31/2025,BGCR,4.36,4.3,4.36,4.37,4.55,945,,,,,,,,,,,
03/31/2025,SOFR,4.41,4.34,4.37,4.47,4.57,2636,,,,,,,,,,,
03/28/2025,EFFR,4.33,4.31,4.33,4.33,4.35,112,4.25,4.5,,,,,,,,,
03/28/2025,OBFR,4.33,4.27,4.33,4.33,4.38,286,,,,,,,,,,,
03/28/2025,TGCR,4.33,4.26,4.33,4.33,4.37,915,,,,,,,,,,,
03/28/2025,BGCR,4.33,4.26,4.33,4.33,4.4,946,,,,,,,,,,,
03/28/2025,SOFR,4.34,4.28,4.33,4.4,4.44,2440,,,,,,,,,,,
03/27/2025,EFFR,4.33,4.31,4.33,4.33,4.35,109,4.25,4.5,,,,,,,,,
03/27/2025,OBFR,4.33,4.25,4.33,4.33,4.38,276,,,,,,,,,,,
03/27/2025,TGCR,4.34,4.25,4.34,4.34,4.37,926,,,,,,,,,,,
03/27/2025,BGCR,4.34,4.26,4.34,4.34,4.42,962,,,,,,,,,,,
03/27/2025,SOFR,4.36,4.3,4.34,4.41,4.46,2468,,,,,,,,,,,
03/26/2025,EFFR,4.33,4.31,4.33,4.34,4.4,104,4.25,4.5,,,,,,,,,
03/26/2025,OBFR,4.33,4.27,4.33,4.33,4.38,273,,,,,,,,,,,
03/26/2025,TGCR,4.34,4.27,4.34,4.34,4.37,921,,,,,,,,,,,
03/26/2025,BGCR,4.34,4.27,4.34,4.34,4.41,950,,,,,,,,,,,
03/26/2025,SOFR,4.35,4.31,4.34,4.42,4.47,2472,,,,,,,,,,,
03/25/2025,EFFR,4.33,4.31,4.33,4.33,4.4,105,4.25,4.5,,,,,,,,,
03/25/2025,OBFR,4.33,4.26,4.32,4.33,4.39,283,,,,,,,,,,,
03/25/2025,TGCR,4.31,4.27,4.31,4.32,4.35,939,,,,,,,,,,,
03/25/2025,BGCR,4.31,4.27,4.31,4.32,4.39,966,,,,,,,,,,,
03/25/2025,SOFR,4.33,4.28,4.31,4.39,4.42,2460,,,,,,,,,,,
03/24/2025,EFFR,4.33,4.31,4.32,4.33,4.4,107,4.25,4.5,,,,,,,,,
03/24/2025,OBFR,4.33,4.27,4.32,4.33,4.39,301,,,,,,,,,,,
03/24/2025,TGCR,4.3,4.25,4.3,4.3,4.33,926,,,,,,,,,,,
03/24/2025,BGCR,4.3,4.25,4.3,4.3,4.35,954,,,,,,,,,,,
03/24/2025,SOFR,4.31,4.26,4.3,4.35,4.4,2457,,,,,,,,,,,
03/21/2025,EFFR,4.33,4.31,4.33,4.34,4.4,106,4.25,4.5,,,,,,,,,
03/21/2025,OBFR,4.33,4.27,4.32,4.33,4.39,296,,,,,,,,,,,
03/21/2025,TGCR,4.29,4.24,4.29,4.29,4.32,933,,,,,,,,,,,
03/21/2025,BGCR,4.29,4.25,4.29,4.29,4.34,954,,,,,,,,,,,
03/21/2025,SOFR,4.3,4.26,4.29,4.35,4.39,2444,,,,,,,,,,,
03/20/2025,EFFR,4.33,4.31,4.32,4.33,4.4,109,4.25,4.5,,,,,,,,,
03/20/2025,OBFR,4.33,4.25,4.32,4.33,4.38,300,,,,,,,,,,,
03/20/2025,TGCR,4.28,4.23,4.28,4.28,4.32,932,,,,,,,,,,,
03/20/2025,BGCR,4.28,4.23,4.28,4.28,4.35,954,,,,,,,,,,,
03/20/2025,SOFR,4.29,4.25,4.28,4.34,4.37,2438,,,,,,,,,,,
03/19/2025,EFFR,4.33,4.31,4.33,4.33,4.4,106,4.25,4.5,,,,,,,,,
03/19/2025,OBFR,4.33,4.28,4.32,4.33,4.38,285,,,,,,,,,,,
03/19/2025,TGCR,4.28,4.23,4.28,4.29,4.32,920,,,,,,,,,,,
03/19/2025,BGCR,4.28,4.23,4.28,4.29,4.34,943,,,,,,,,,,,
03/19/2025,SOFR,4.29,4.26,4.28,4.34,4.38,2376,,,,,,,,,,,
03/18/2025,EFFR,4.33,4.31,4.33,4.33,4.35,113,4.25,4.5,,,,,,,,,
03/18/2025,OBFR,4.33,4.28,4.33,4.33,4.39,292,,,,,,,,,,,
03/18/2025,TGCR,4.3,4.24,4.3,4.31,4.33,934,,,,,,,,,,,
03/18/2025,BGCR,4.3,4.24,4.3,4.31,4.37,954,,,,,,,,,,,
03/18/2025,SOFR,4.31,4.27,4.3,4.37,4.4,2465,,,,,,,,,,,
03/17/2025,EFFR,4.33,4.31,4.33,4.34,4.4,106,4.25,4.5,,,,,,,,,
03/17/2025,OBFR,4.33,4.28,4.33,4.33,4.39,279,,,,,,,,,,,
03/17/2025,TGCR,4.31,4.26,4.31,4.31,4.34,952,,,,,,,,,,,
03/17/2025,BGCR,4.31,4.26,4.31,4.31,4.37,977,,,,,,,,,,,
03/17/2025,SOFR,4.32,4.29,4.31,4.39,4.44,2473,,,,,,,,,,,
03/14/2025,EFFR,4.33,4.31,4.33,4.34,4.4,104,4.25,4.5,,,,,,,,,
03/14/2025,OBFR,4.33,4.27,4.32,4.33,4.39,277,,,,,,,,,,,
03/14/2025,TGCR,4.29,4.24,4.29,4.29,4.32,933,,,,,,,,,,,
03/14/2025,BGCR,4.29,4.24,4.29,4.29,4.35,953,,,,,,,,,,,
03/14/2025,SOFR,4.3,4.27,4.29,4.35,4.39,2441,,,,,,,,,,,
03/13/2025,EFFR,4.33,4.31,4.33,4.33,4.4,105,4.25,4.5,,,,,,,,,
03/13/2025,OBFR,4.33,4.28,4.32,4.33,4.39,287,,,,,,,,,,,
03/13/2025,TGCR,4.29,4.24,4.29,4.29,4.32,938,,,,,,,,,,,
03/13/2025,BGCR,4.29,4.24,4.29,4.29,4.34,960,,,,,,,,,,,
03/13/2025,SOFR,4.3,4.26,4.29,4.35,4.38,2462,,,,,,,,,,,
03/12/2025,EFFR,4.33,4.31,4.33,4.34,4.4,98,4.25,4.5,,,,,,,,,
03/12/2025,OBFR,4.33,4.28,4.33,4.33,4.39,273,,,,,,,,,,,
03/12/2025,TGCR,4.3,4.25,4.3,4.3,4.33,946,,,,,,,,,,,
03/12/2025,BGCR,4.3,4.25,4.3,4.3,4.35,968,,,,,,,,,,,
03/12/2025,SOFR,4.31,4.27,4.3,4.36,4.4,2489,,,,,,,,,,,
03/11/2025,EFFR,4.33,4.31,4.33,4.34,4.4,97,4.25,4.5,,,,,,,,,
03/11/2025,OBFR,4.33,4.28,4.33,4.33,4.39,282,,,,,,,,,,,
03/11/2025,TGCR,4.31,4.26,4.31,4.31,4.34,947,,,,,,,,,,,
03/11/2025,BGCR,4.31,4.26,4.31,4.31,4.37,971,,,,,,,,,,,
03/11/2025,SOFR,4.32,4.28,4.31,4.37,4.41,2502,,,,,,,,,,,
03/10/2025,EFFR,4.33,4.31,4.33,4.34,4.4,105,4.25,4.5,,,,,,,,,
03/10/2025,OBFR,4.33,4.27,4.33,4.33,4.39,292,,,,,,,,,,,
03/10/2025,TGCR,4.32,4.26,4.32,4.32,4.35,931,,,,,,,,,,,
03/10/2025,BGCR,4.32,4.26,4.32,4.32,4.38,960,,,,,,,,,,,
03/10/2025,SOFR,4.33,4.28,4.32,4.38,4.42,2505,,,,,,,,,,,
03/07/2025,EFFR,4.33,4.31,4.33,4.34,4.4,110,4.25,4.5,,,,,,,,,
03/07/2025,OBFR,4.33,4.25,4.32,4.33,4.38,284,,,,,,,,,,,
03/07/2025,TGCR,4.33,4.26,4.33,4.33,4.36,940,,,,,,,,,,,
03/07/2025,BGCR,4.33,4.26,4.33,4.33,4.38,959,,,,,,,,,,,
03/07/2025,SOFR,4.34,4.29,4.33,4.4,4.44,2477,,,,,,,,,,,
03/06/2025,EFFR,4.33,4.31,4.33,4.33,4.4,115,4.25,4.5,,,,,,,,,
03/06/2025,OBFR,4.33,4.25,4.32,4.33,4.38,283,,,,,,,,,,,
03/06/2025,TGCR,4.34,4.26,4.34,4.34,4.36,951,,,,,,,,,,,
03/06/2025,BGCR,4.34,4.26,4.34,4.34,4.4,975,,,,,,,,,,,
03/06/2025,SOFR,4.35,4.29,4.34,4.4,4.45,2558,,,,,,,,,,,
03/05/2025,EFFR,4.33,4.31,4.33,4.34,4.4,112,4.25,4.5,,,,,,,,,
03/05/2025,OBFR,4.33,4.27,4.33,4.33,4.38,284,,,,,,,,,,,
03/05/2025,TGCR,4.33,4.27,4.32,4.33,4.35,946,,,,,,,,,,,
03/05/2025,BGCR,4.33,4.27,4.32,4.33,4.39,962,,,,,,,,,,,
03/05/2025,SOFR,4.34,4.3,4.33,4.39,4.43,2525,,,,,,,,,,,
03/04/2025,EFFR,4.33,4.31,4.33,4.34,4.4,104,4.25,4.5,,,,,,,,,
03/04/2025,OBFR,4.33,4.28,4.32,4.33,4.4,288,,,,,,,,,,,
03/04/2025,TGCR,4.32,4.26,4.31,4.32,4.34,933,,,,,,,,,,,
03/04/2025,BGCR,4.32,4.26,4.31,4.32,4.38,947,,,,,,,,,,,
03/04/2025,SOFR,4.33,4.29,4.32,4.39,4.44,2562,,,,,,,,,,,
03/03/2025,EFFR,4.33,4.31,4.33,4.34,4.4,110,4.25,4.5,,,,,,,,,
03/03/2025,OBFR,4.33,4.28,4.32,4.33,4.4,287,,,,,,,,,,,
03/03/2025,TGCR,4.31,4.26,4.31,4.31,4.4,930,,,,,,,,,,,
03/03/2025,BGCR,4.31,4.26,4.31,4.31,4.4,949,,,,,,,,,,,
03/03/2025,SOFR,4.33,4.29,4.31,4.39,4.42,2636,,,,,,,,,,,
02/28/2025,EFFR,4.33,4.31,4.32,4.34,4.4,95,4.25,4.5,,,,,,,,,
02/28/2025,OBFR,4.33,4.25,4.32,4.33,4.4,234,,,,,,,,,,,
02/28/2025,TGCR,4.36,4.27,4.36,4.36,4.39,938,,,,,,,,,,,
02/28/2025,BGCR,4.36,4.27,4.36,4.36,4.44,969,,,,,,,,,,,
02/28/2025,SOFR,4.39,4.3,4.36,4.46,4.49,2684,,,,,,,,,,,
02/27/2025,EFFR,4.33,4.31,4.33,4.34,4.4,110,4.25,4.5,,,,,,,,,
02/27/2025,OBFR,4.33,4.2,4.32,4.33,4.38,280,,,,,,,,,,,
02/27/2025,TGCR,4.34,4.25,4.34,4.34,4.36,925,,,,,,,,,,,
02/27/2025,BGCR,4.34,4.25,4.34,4.34,4.42,954,,,,,,,,,,,
02/27/2025,SOFR,4.36,4.29,4.34,4.41,4.45,2557,,,,,,,,,,,
02/26/2025,EFFR,4.33,4.31,4.33,4.34,4.4,108,4.25,4.5,,,,,,,,,
02/26/2025,OBFR,4.33,4.25,4.32,4.33,4.38,297,,,,,,,,,,,
02/26/2025,TGCR,4.31,4.26,4.31,4.32,4.35,929,,,,,,,,,,,
02/26/2025,BGCR,4.31,4.26,4.31,4.32,4.38,945,,,,,,,,,,,
02/26/2025,SOFR,4.33,4.28,4.32,4.39,4.42,2487,,,,,,,,,,,
02/25/2025,EFFR,4.33,4.31,4.33,4.34,4.45,108,4.25,4.5,,,,,,,,,
02/25/2025,OBFR,4.33,4.25,4.33,4.33,4.4,302,,,,,,,,,,,
02/25/2025,TGCR,4.31,4.26,4.3,4.31,4.35,924,,,,,,,,,,,
02/25/2025,BGCR,4.31,4.26,4.31,4.31,4.38,943,,,,,,,,,,,
02/25/2025,SOFR,4.33,4.27,4.31,4.38,4.42,2467,,,,,,,,,,,
02/24/2025,EFFR,4.33,4.31,4.33,4.34,4.4,99,4.25,4.5,,,,,,,,,
02/24/2025,OBFR,4.33,4.27,4.32,4.33,4.4,292,,,,,,,,,,,
02/24/2025,TGCR,4.32,4.26,4.32,4.32,4.35,912,,,,,,,,,,,
02/24/2025,BGCR,4.32,4.26,4.32,4.32,4.38,936,,,,,,,,,,,
02/24/2025,SOFR,4.34,4.29,4.32,4.39,4.43,2425,,,,,,,,,,,
02/21/2025,EFFR,4.33,4.31,4.33,4.34,4.4,103,4.25,4.5,,,,,,,,,
02/21/2025,OBFR,4.33,4.25,4.33,4.33,4.4,293,,,,,,,,,,,
02/21/2025,TGCR,4.32,4.26,4.31,4.32,4.35,906,,,,,,,,,,,
02/21/2025,BGCR,4.32,4.26,4.31,4.32,4.38,922,,,,,,,,,,,
02/21/2025,SOFR,4.34,4.28,4.32,4.39,4.42,2400,,,,,,,,,,,
02/20/2025,EFFR,4.33,4.31,4.33,4.34,4.4,98,4.25,4.5,,,,,,,,,
02/20/2025,OBFR,4.33,4.25,4.33,4.33,4.4,283,,,,,,,,,,,
02/20/2025,TGCR,4.31,4.26,4.31,4.31,4.36,914,,,,,,,,,,,
02/20/2025,BGCR,4.31,4.26,4.31,4.31,4.39,934,,,,,,,,,,,
02/20/2025,SOFR,4.33,4.28,4.31,4.39,4.42,2403,,,,,,,,,,,
02/19/2025,EFFR,4.33,4.31,4.33,4.34,4.45,95,4.25,4.5,,,,,,,,,
02/19/2025,OBFR,4.33,4.27,4.33,4.33,4.4,255,,,,,,,,,,,
02/19/2025,TGCR,4.33,4.26,4.33,4.34,4.38,914,,,,,,,,,,,
02/19/2025,BGCR,4.33,4.26,4.33,4.34,4.39,928,,,,,,,,,,,
02/19/2025,SOFR,4.35,4.29,4.33,4.41,4.46,2394,,,,,,,,,,,
02/18/2025,EFFR,4.33,4.31,4.33,4.34,4.45,89,4.25,4.5,,,,,,,,,
02/18/2025,OBFR,4.33,4.27,4.33,4.33,4.4,246,,,,,,,,,,,
02/18/2025,TGCR,4.34,4.29,4.34,4.35,4.37,913,,,,,,,,,,,
02/18/2025,BGCR,4.34,4.29,4.34,4.35,4.43,936,,,,,,,,,,,
02/18/2025,SOFR,4.37,4.3,4.35,4.43,4.47,2452,,,,,,,,,,,
02/14/2025,EFFR,4.33,4.31,4.33,4.34,4.4,91,4.25,4.5,,,,,,,,,
02/14/2025,OBFR,4.33,4.25,4.33,4.33,4.4,268,,,,,,,,,,,
02/14/2025,TGCR,4.31,4.26,4.31,4.31,4.35,913,,,,,,,,,,,
02/14/2025,BGCR,4.31,4.26,4.31,4.31,4.38,932,,,,,,,,,,,
02/14/2025,SOFR,4.33,4.29,4.31,4.39,4.43,2319,,,,,,,,,,,
02/13/2025,EFFR,4.33,4.31,4.33,4.34,4.4,94,4.25,4.5,,,,,,,,,
02/13/2025,OBFR,4.33,4.25,4.33,4.33,4.4,273,,,,,,,,,,,
02/13/2025,TGCR,4.32,4.26,4.32,4.32,4.35,907,,,,,,,,,,,
02/13/2025,BGCR,4.32,4.26,4.32,4.32,4.38,930,,,,,,,,,,,
02/13/2025,SOFR,4.33,4.28,4.32,4.39,4.43,2329,,,,,,,,,,,
02/12/2025,EFFR,4.33,4.31,4.33,4.34,4.4,94,4.25,4.5,,,,,,,,,
02/12/2025,OBFR,4.33,4.27,4.33,4.33,4.4,285,,,,,,,,,,,
02/12/2025,TGCR,4.31,4.25,4.31,4.31,4.35,902,,,,,,,,,,,
02/12/2025,BGCR,4.31,4.25,4.31,4.31,4.38,922,,,,,,,,,,,
02/12/2025,SOFR,4.32,4.28,4.31,4.38,4.42,2313,,,,,,,,,,,
02/11/2025,EFFR,4.33,4.31,4.33,4.34,4.4,92,4.25,4.5,,,,,,,,,
02/11/2025,OBFR,4.33,4.26,4.33,4.33,4.4,278,,,,,,,,,,,
02/11/2025,TGCR,4.32,4.26,4.32,4.33,4.36,894,,,,,,,,,,,
02/11/2025,BGCR,4.32,4.26,4.32,4.33,4.39,911,,,,,,,,,,,
02/11/2025,SOFR,4.34,4.28,4.32,4.4,4.44,2321,,,,,,,,,,,
02/10/2025,EFFR,4.33,4.31,4.33,4.34,4.4,96,4.25,4.5,,,,,,,,,
02/10/2025,OBFR,4.33,4.27,4.33,4.33,4.4,273,,,,,,,,,,,
02/10/2025,TGCR,4.33,4.25,4.33,4.34,4.37,899,,,,,,,,,,,
02/10/2025,BGCR,4.33,4.25,4.33,4.34,4.4,916,,,,,,,,,,,
02/10/2025,SOFR,4.35,4.29,4.34,4.41,4.45,2316,,,,,,,,,,,
02/07/2025,EFFR,4.33,4.31,4.33,4.34,4.4,107,4.25,4.5,,,,,,,,,
02/07/2025,OBFR,4.33,4.25,4.32,4.33,4.4,286,,,,,,,,,,,
02/07/2025,TGCR,4.34,4.26,4.33,4.34,4.37,901,,,,,,,,,,,
02/07/2025,BGCR,4.34,4.27,4.33,4.34,4.41,929,,,,,,,,,,,
02/07/2025,SOFR,4.35,4.29,4.34,4.41,4.46,2336,,,,,,,,,,,
02/06/2025,EFFR,4.33,4.31,4.33,4.34,4.4,105,4.25,4.5,,,,,,,,,
02/06/2025,OBFR,4.33,4.25,4.33,4.34,4.39,281,,,,,,,,,,,
02/06/2025,TGCR,4.34,4.26,4.34,4.34,4.37,899,,,,,,,,,,,
02/06/2025,BGCR,4.34,4.27,4.34,4.34,4.41,913,,,,,,,,,,,
02/06/2025,SOFR,4.36,4.3,4.34,4.43,4.46,2365,,,,,,,,,,,
02/05/2025,EFFR,4.33,4.31,4.33,4.34,4.4,105,4.25,4.5,,,,,,,,,
02/05/2025,OBFR,4.33,4.27,4.32,4.33,4.39,296,,,,,,,,,,,
02/05/2025,TGCR,4.31,4.26,4.31,4.32,4.34,895,,,,,,,,,,,
02/05/2025,BGCR,4.31,4.26,4.31,4.32,4.38,910,,,,,,,,,,,
02/05/2025,SOFR,4.33,4.28,4.31,4.38,4.42,2343,,,,,,,,,,,
02/04/2025,EFFR,4.33,4.31,4.33,4.34,4.4,104,4.25,4.5,,,,,,,,,
02/04/2025,OBFR,4.33,4.25,4.33,4.33,4.4,281,,,,,,,,,,,
02/04/2025,TGCR,4.31,4.26,4.31,4.32,4.36,894,,,,,,,,,,,
02/04/2025,BGCR,4.31,4.26,4.31,4.32,4.38,909,,,,,,,,,,,
02/04/2025,SOFR,4.33,4.28,4.32,4.38,4.42,2344,,,,,,,,,,,
02/03/2025,EFFR,4.33,4.31,4.33,4.34,4.4,94,4.25,4.5,,,,,,,,,
02/03/2025,OBFR,4.33,4.25,4.32,4.33,4.4,264,,,,,,,,,,,
02/03/2025,TGCR,4.33,4.26,4.33,4.34,4.39,890,,,,,,,,,,,
02/03/2025,BGCR,4.33,4.26,4.33,4.34,4.4,913,,,,,,,,,,,
02/03/2025,SOFR,4.35,4.28,4.33,4.41,4.45,2413,,,,,,,,,,,
01/31/2025,EFFR,4.33,4.32,4.32,4.34,4.42,83,4.25,4.5,,,,,,,,,
01/31/2025,OBFR,4.33,4.25,4.32,4.33,4.4,227,,,,,,,,,,,
01/31/2025,TGCR,4.34,4.25,4.34,4.35,4.37,892,,,,,,,,,,,
01/31/2025,BGCR,4.34,4.25,4.34,4.35,4.43,918,,,,,,,,,,,
01/31/2025,SOFR,4.38,4.3,4.34,4.44,4.47,2533,,,,,,,,,,,
01/30/2025,EFFR,4.33,4.31,4.33,4.34,4.4,103,4.25,4.5,,,,,,,,,
01/30/2025,OBFR,4.33,4.2,4.32,4.33,4.38,280,,,,,,,,,,,
01/30/2025,TGCR,4.34,4.25,4.34,4.35,4.37,870,,,,,,,,,,,
01/30/2025,BGCR,4.34,4.25,4.34,4.35,4.43,902,,,,,,,,,,,
01/30/2025,SOFR,4.36,4.3,4.35,4.43,4.48,2369,,,,,,,,,,,
01/29/2025,EFFR,4.33,4.31,4.33,4.34,4.4,92,4.25,4.5,,,,,,,,,
01/29/2025,OBFR,4.33,4.25,4.32,4.33,4.4,274,,,,,,,,,,,
01/29/2025,TGCR,4.33,4.25,4.32,4.33,4.36,859,,,,,,,,,,,
01/29/2025,BGCR,4.33,4.25,4.32,4.33,4.4,897,,,,,,,,,,,
01/29/2025,SOFR,4.35,4.28,4.33,4.41,4.45,2323,,,,,,,,,,,
01/28/2025,EFFR,4.33,4.31,4.33,4.34,4.4,95,4.25,4.5,,,,,,,,,
01/28/2025,OBFR,4.33,4.25,4.32,4.33,4.4,255,,,,,,,,,,,
01/28/2025,TGCR,4.34,4.27,4.34,4.34,4.36,865,,,,,,,,,,,
01/28/2025,BGCR,4.34,4.27,4.34,4.34,4.42,888,,,,,,,,,,,
01/28/2025,SOFR,4.35,4.3,4.34,4.43,4.47,2283,,,,,,,,,,,
01/27/2025,EFFR,4.33,4.31,4.33,4.34,4.4,97,4.25,4.5,,,,,,,,,
01/27/2025,OBFR,4.33,4.25,4.32,4.33,4.38,276,,,,,,,,,,,
01/27/2025,TGCR,4.32,4.26,4.32,4.33,4.35,868,,,,,,,,,,,
01/27/2025,BGCR,4.32,4.26,4.32,4.33,4.4,899,,,,,,,,,,,
01/27/2025,SOFR,4.34,4.28,4.33,4.4,4.45,2338,,,,,,,,,,,
01/24/2025,EFFR,4.33,4.31,4.33,4.34,4.4,97,4.25,4.5,,,,,,,,,
01/24/2025,OBFR,4.33,4.25,4.32,4.33,4.4,277,,,,,,,,,,,
01/24/2025,TGCR,4.33,4.26,4.32,4.33,4.36,875,,,,,,,,,,,
01/24/2025,BGCR,4.33,4.26,4.32,4.33,4.39,912,,,,,,,,,,,
01/24/2025,SOFR,4.34,4.28,4.33,4.4,4.45,2289,,,,,,,,,,,
01/23/2025,EFFR,4.33,4.31,4.33,4.34,4.4,93,4.25,4.5,,,,,,,,,
01/23/2025,OBFR,4.33,4.25,4.32,4.33,4.4,260,,,,,,,,,,,
01/23/2025,TGCR,4.34,4.26,4.33,4.34,4.36,877,,,,,,,,,,,
01/23/2025,BGCR,4.34,4.26,4.33,4.34,4.41,906,,,,,,,,,,,
01/23/2025,SOFR,4.35,4.29,4.34,4.43,4.48,2269,,,,,,,,,,,
01/22/2025,EFFR,4.33,4.31,4.33,4.34,4.43,101,4.25,4.5,,,,,,,,,
01/22/2025,OBFR,4.33,4.25,4.32,4.33,4.38,307,,,,,,,,,,,
01/22/2025,TGCR,4.28,4.23,4.28,4.29,4.32,865,,,,,,,,,,,
01/22/2025,BGCR,4.28,4.21,4.28,4.29,4.36,883,,,,,,,,,,,
01/22/2025,SOFR,4.3,4.26,4.29,4.37,4.4,2269,,,,,,,,,,,
01/21/2025,EFFR,4.33,4.31,4.32,4.34,4.4,100,4.25,4.5,,,,,,,,,
01/21/2025,OBFR,4.33,4.27,4.32,4.33,4.4,298,,,,,,,,,,,
01/21/2025,TGCR,4.27,4.22,4.27,4.27,4.31,875,,,,,,,,,,,
01/21/2025,BGCR,4.27,4.22,4.27,4.27,4.32,894,,,,,,,,,,,
01/21/2025,SOFR,4.29,4.25,4.27,4.35,4.38,2361,,,,,,,,,,,
01/17/2025,EFFR,4.33,4.31,4.32,4.34,4.38,102,4.25,4.5,,,,,,,,,
01/17/2025,OBFR,4.33,4.25,4.32,4.33,4.4,299,,,,,,,,,,,
01/17/2025,TGCR,4.27,4.22,4.27,4.27,4.31,869,,,,,,,,,,,
01/17/2025,BGCR,4.27,4.22,4.27,4.27,4.32,884,,,,,,,,,,,
01/17/2025,SOFR,4.29,4.25,4.27,4.34,4.38,2326,,,,,,,,,,,
01/16/2025,EFFR,4.33,4.31,4.32,4.34,4.35,105,4.25,4.5,,,,,,,,,
01/16/2025,OBFR,4.33,4.23,4.32,4.33,4.38,309,,,,,,,,,,,
01/16/2025,TGCR,4.27,4.24,4.27,4.28,4.32,864,,,,,,,,,,,
01/16/2025,BGCR,4.27,4.24,4.27,4.28,4.34,884,,,,,,,,,,,
01/16/2025,SOFR,4.29,4.25,4.27,4.35,4.38,2318,,,,,,,,,,,
01/15/2025,EFFR,4.33,4.31,4.32,4.34,4.35,108,4.25,4.5,,,,,,,,,
01/15/2025,OBFR,4.33,4.25,4.32,4.33,4.38,300,,,,,,,,,,,
01/15/2025,TGCR,4.26,4.21,4.26,4.27,4.31,844,,,,,,,,,,,
01/15/2025,BGCR,4.26,4.21,4.26,4.27,4.31,859,,,,,,,,,,,
01/15/2025,SOFR,4.28,4.25,4.27,4.34,4.37,2280,,,,,,,,,,,
01/14/2025,EFFR,4.33,4.31,4.32,4.33,4.35,112,4.25,4.5,,,,,,,,,
01/14/2025,OBFR,4.33,4.27,4.32,4.33,4.39,306,,,,,,,,,,,
01/14/2025,TGCR,4.27,4.2,4.27,4.27,4.31,825,,,,,,,,,,,
01/14/2025,BGCR,4.27,4.2,4.27,4.27,4.32,840,,,,,,,,,,,
01/14/2025,SOFR,4.28,4.24,4.27,4.33,4.37,2179,,,,,,,,,,,
01/13/2025,EFFR,4.33,4.31,4.33,4.33,4.35,104,4.25,4.5,,,,,,,,,
01/13/2025,OBFR,4.33,4.27,4.32,4.33,4.39,306,,,,,,,,,,,
01/13/2025,TGCR,4.28,4.22,4.28,4.28,4.31,837,,,,,,,,,,,
01/13/2025,BGCR,4.28,4.22,4.28,4.28,4.33,852,,,,,,,,,,,
01/13/2025,SOFR,4.29,4.25,4.28,4.34,4.39,2211,,,,,,,,,,,
01/10/2025,EFFR,4.33,4.31,4.33,4.34,4.35,102,4.25,4.5,,,,,,,,,
01/10/2025,OBFR,4.33,4.27,4.32,4.33,4.38,302,,,,,,,,,,,
01/10/2025,TGCR,4.29,4.24,4.29,4.29,4.32,837,,,,,,,,,,,
01/10/2025,BGCR,4.29,4.24,4.29,4.29,4.35,853,,,,,,,,,,,
01/10/2025,SOFR,4.3,4.26,4.29,4.37,4.41,2204,,,,,,,,,,,
01/09/2025,EFFR,4.33,4.31,4.33,4.34,4.35,104,4.25,4.5,,,,,,,,,
01/09/2025,OBFR,4.33,4.27,4.32,4.33,4.38,296,,,,,,,,,,,
01/09/2025,TGCR,4.28,4.23,4.28,4.29,4.31,805,,,,,,,,,,,
01/09/2025,BGCR,4.28,4.23,4.28,4.29,4.36,829,,,,,,,,,,,
01/09/2025,SOFR,4.3,4.26,4.28,4.36,4.4,2211,,,,,,,,,,,
01/08/2025,EFFR,4.33,4.31,4.33,4.34,4.35,105,4.25,4.5,,,,,,,,,
01/08/2025,OBFR,4.33,4.27,4.33,4.33,4.38,293,,,,,,,,,,,
01/08/2025,TGCR,4.27,4.22,4.27,4.28,4.31,798,,,,,,,,,,,
01/08/2025,BGCR,4.27,4.22,4.27,4.28,4.34,818,,,,,,,,,,,
01/08/2025,SOFR,4.29,4.25,4.27,4.35,4.39,2213,,,,,,,,,,,
01/07/2025,EFFR,4.33,4.31,4.33,4.34,4.4,99,4.25,4.5,,,,,,,,,
01/07/2025,OBFR,4.33,4.27,4.33,4.33,4.4,284,,,,,,,,,,,
01/07/2025,TGCR,4.26,4.22,4.26,4.27,4.3,842,,,,,,,,,,,
01/07/2025,BGCR,4.26,4.22,4.26,4.27,4.32,858,,,,,,,,,,,
01/07/2025,SOFR,4.27,4.25,4.26,4.32,4.36,2322,,,,,,,,,,,
01/06/2025,EFFR,4.33,4.31,4.33,4.34,4.4,98,4.25,4.5,,,,,,,,,
01/06/2025,OBFR,4.33,4.27,4.33,4.33,4.4,280,,,,,,,,,,,
01/06/2025,TGCR,4.26,4.23,4.26,4.26,4.32,829,,,,,,,,,,,
01/06/2025,BGCR,4.26,4.23,4.26,4.27,4.32,844,,,,,,,,,,,
01/06/2025,SOFR,4.27,4.25,4.26,4.31,4.35,2349,,,,,,,,,,,
01/03/2025,EFFR,4.33,4.31,4.33,4.34,4.4,102,4.25,4.5,,,,,,,,,
01/03/2025,OBFR,4.33,4.25,4.32,4.33,4.4,289,,,,,,,,,,,
01/03/2025,TGCR,4.29,4.24,4.29,4.3,4.41,821,,,,,,,,,,,
01/03/2025,BGCR,4.29,4.24,4.29,4.3,4.41,845,,,,,,,,,,,
01/03/2025,SOFR,4.31,4.26,4.3,4.38,4.43,2398,,,,,,,,,,,
01/02/2025,EFFR,4.33,4.31,4.33,4.34,4.35,106,4.25,4.5,,,,,,,,,
01/02/2025,OBFR,4.33,4.25,4.33,4.34,4.4,264,,,,,,,,,,,
01/02/2025,TGCR,4.36,4.2,4.35,4.37,4.5,820,,,,,,,,,,,
01/02/2025,BGCR,4.36,4.2,4.35,4.37,4.5,853,,,,,,,,,,,
01/02/2025,SOFR,4.4,4.28,4.36,4.48,4.56,2501,,,,,,,,,,,
12/31/2024,EFFR,4.33,4.31,4.33,4.35,4.45,53,4.25,4.5,,,,,,,,,
12/31/2024,OBFR,4.33,4.2,4.33,4.34,4.4,111,,,,,,,,,,,
12/31/2024,TGCR,4.45,4.25,4.45,4.46,4.5,778,,,,,,,,,,,
12/31/2024,BGCR,4.45,4.25,4.45,4.46,4.65,812,,,,,,,,,,,
12/31/2024,SOFR,4.49,4.36,4.45,4.65,4.75,2474,,,,,,,,,,,
12/30/2024,EFFR,4.33,4.31,4.33,4.33,4.35,108,4.25,4.5,,,,,,,,,
12/30/2024,OBFR,4.33,4.27,4.32,4.34,4.38,250,,,,,,,,,,,
12/30/2024,TGCR,4.35,4.25,4.35,4.36,4.47,798,,,,,,,,,,,
12/30/2024,BGCR,4.35,4.25,4.35,4.36,4.47,844,,,,,,,,,,,
12/30/2024,SOFR,4.37,4.3,4.35,4.48,4.55,2290,,,,,,,,,,,
12/27/2024,EFFR,4.33,4.31,4.33,4.34,4.35,119,4.25,4.5,,,,,,,,,
12/27/2024,OBFR,4.33,4.28,4.33,4.34,4.43,271,,,,,,,,,,,
12/27/2024,TGCR,4.45,4.3,4.44,4.45,4.54,803,,,,,,,,,,,
12/27/2024,BGCR,4.45,4.25,4.44,4.45,4.6,840,,,,,,,,,,,
12/27/2024,SOFR,4.46,4.3,4.45,4.62,4.73,2275,,,,,,,,,,,
12/26/2024,EFFR,4.33,4.31,4.32,4.33,4.35,128,4.25,4.5,,,,,,,,,
12/26/2024,OBFR,4.33,4.25,4.32,4.34,4.4,261,,,,,,,,,,,
12/26/2024,TGCR,4.5,4,4.5,4.52,4.56,814,,,,,,,,,,,
12/26/2024,BGCR,4.5,4.1,4.5,4.53,4.7,867,,,,,,,,,,,
12/26/2024,SOFR,4.53,4.35,4.5,4.7,4.8,2320,,,,,,,,,,,
12/24/2024,EFFR,4.33,4.31,4.33,4.33,4.35,118,4.25,4.5,,,,,,,,,
12/24/2024,OBFR,4.33,4.25,4.32,4.34,4.4,252,,,,,,,,,,,
12/24/2024,TGCR,4.39,4.26,4.38,4.39,4.42,825,,,,,,,,,,,
12/24/2024,BGCR,4.39,4.26,4.38,4.4,4.5,858,,,,,,,,,,,
12/24/2024,SOFR,4.4,4.31,4.39,4.5,4.58,2282,,,,,,,,,,,
12/23/2024,EFFR,4.33,4.31,4.33,4.33,4.35,119,4.25,4.5,,,,,,,,,
12/23/2024,OBFR,4.33,4.25,4.32,4.33,4.4,282,,,,,,,,,,,
12/23/2024,TGCR,4.29,4.2,4.29,4.3,4.35,815,,,,,,,,,,,
12/23/2024,BGCR,4.29,4.2,4.29,4.3,4.38,846,,,,,,,,,,,
12/23/2024,SOFR,4.31,4.25,4.3,4.38,4.43,2337,,,,,,,,,,,
12/20/2024,EFFR,4.33,4.31,4.33,4.34,4.35,113,4.25,4.5,,,,,,,,,
12/20/2024,OBFR,4.33,4.25,4.32,4.33,4.38,272,,,,,,,,,,,
12/20/2024,TGCR,4.28,4.1,4.28,4.29,4.35,817,,,,,,,,,,,
12/20/2024,BGCR,4.28,4.1,4.28,4.29,4.36,849,,,,,,,,,,,
12/20/2024,SOFR,4.3,4.25,4.28,4.37,4.4,2330,,,,,,,,,,,
12/19/2024,EFFR,4.33,4.31,4.33,4.34,4.35,104,4.25,4.5,,,,,,,,,
12/19/2024,OBFR,4.33,4.22,4.32,4.33,4.4,266,,,,,,,,,,,
12/19/2024,TGCR,4.26,4.23,4.26,4.27,4.6,827,,,,,,,,,,,
12/19/2024,BGCR,4.27,4.23,4.26,4.27,4.6,864,,,,,,,,,,,
12/19/2024,SOFR,4.3,4.25,4.27,4.35,4.58,2390,,,,,,,,,,,
12/18/2024,EFFR,4.58,4.56,4.58,4.59,4.6,112,4.5,4.75,,,,,,,,,
12/18/2024,OBFR,4.58,4.5,4.57,4.59,4.65,251,,,,,,,,,,,
12/18/2024,TGCR,4.56,4.5,4.56,4.56,4.66,820,,,,,,,,,,,
12/18/2024,BGCR,4.56,4.5,4.56,4.57,4.66,847,,,,,,,,,,,
12/18/2024,SOFR,4.57,4.55,4.56,4.62,4.66,2291,,,,,,,,,,,
12/17/2024,EFFR,4.58,4.56,4.58,4.59,4.6,103,4.5,4.75,,,,,,,,,
12/17/2024,OBFR,4.58,4.52,4.57,4.59,4.65,225,,,,,,,,,,,
12/17/2024,TGCR,4.59,4.5,4.59,4.59,4.7,830,,,,,,,,,,,
12/17/2024,BGCR,4.59,4.52,4.59,4.59,4.7,856,,,,,,,,,,,
12/17/2024,SOFR,4.62,4.55,4.59,4.68,4.71,2341,,,,,,,,,,,
12/16/2024,EFFR,4.58,4.56,4.58,4.59,4.6,99,4.5,4.75,,,,,,,,,
12/16/2024,OBFR,4.58,4.5,4.57,4.59,4.65,224,,,,,,,,,,,
12/16/2024,TGCR,4.61,4.55,4.61,4.61,4.65,818,,,,,,,,,,,
12/16/2024,BGCR,4.61,4.55,4.61,4.62,4.7,842,,,,,,,,,,,
12/16/2024,SOFR,4.65,4.56,4.61,4.71,4.75,2360,,,,,,,,,,,
12/13/2024,EFFR,4.58,4.56,4.58,4.59,4.6,102,4.5,4.75,,,,,,,,,
12/13/2024,OBFR,4.58,4.5,4.57,4.59,4.65,249,,,,,,,,,,,
12/13/2024,TGCR,4.59,4.5,4.59,4.59,4.65,815,,,,,,,,,,,
12/13/2024,BGCR,4.59,4.5,4.59,4.59,4.66,844,,,,,,,,,,,
12/13/2024,SOFR,4.6,4.55,4.59,4.66,4.7,2255,,,,,,,,,,,
12/12/2024,EFFR,4.58,4.56,4.58,4.59,4.6,111,4.5,4.75,,,,,,,,,
12/12/2024,OBFR,4.58,4.5,4.57,4.58,4.65,259,,,,,,,,,,,
12/12/2024,TGCR,4.6,4.52,4.6,4.61,4.66,812,,,,,,,,,,,
12/12/2024,BGCR,4.6,4.52,4.6,4.61,4.67,842,,,,,,,,,,,
12/12/2024,SOFR,4.62,4.55,4.6,4.68,4.72,2262,,,,,,,,,,,
12/11/2024,EFFR,4.58,4.56,4.58,4.59,4.6,106,4.5,4.75,,,,,,,,,
12/11/2024,OBFR,4.58,4.52,4.58,4.59,4.66,244,,,,,,,,,,,
12/11/2024,TGCR,4.6,4.52,4.59,4.6,4.65,820,,,,,,,,,,,
12/11/2024,BGCR,4.6,4.52,4.59,4.6,4.68,855,,,,,,,,,,,
12/11/2024,SOFR,4.62,4.56,4.6,4.68,4.72,2287,,,,,,,,,,,
12/10/2024,EFFR,4.58,4.56,4.58,4.59,4.7,102,4.5,4.75,,,,,,,,,
12/10/2024,OBFR,4.58,4.52,4.57,4.59,4.66,230,,,,,,,,,,,
12/10/2024,TGCR,4.61,4.54,4.61,4.61,4.66,832,,,,,,,,,,,
12/10/2024,BGCR,4.61,4.54,4.61,4.62,4.69,864,,,,,,,,,,,
12/10/2024,SOFR,4.64,4.56,4.61,4.72,4.76,2308,,,,,,,,,,,
12/09/2024,EFFR,4.58,4.56,4.58,4.59,4.6,100,4.5,4.75,,,,,,,,,
12/09/2024,OBFR,4.58,4.52,4.57,4.58,4.63,258,,,,,,,,,,,
12/09/2024,TGCR,4.6,4.5,4.59,4.6,4.64,811,,,,,,,,,,,
12/09/2024,BGCR,4.6,4.51,4.59,4.6,4.67,845,,,,,,,,,,,
12/09/2024,SOFR,4.63,4.56,4.6,4.69,4.74,2305,,,,,,,,,,,
12/06/2024,EFFR,4.58,4.56,4.57,4.59,4.6,107,4.5,4.75,,,,,,,,,
12/06/2024,OBFR,4.58,4.5,4.57,4.58,4.63,270,,,,,,,,,,,
12/06/2024,TGCR,4.58,4.53,4.58,4.59,4.63,809,,,,,,,,,,,
12/06/2024,BGCR,4.58,4.53,4.58,4.59,4.65,838,,,,,,,,,,,
12/06/2024,SOFR,4.6,4.55,4.58,4.68,4.7,2277,,,,,,,,,,,
12/05/2024,EFFR,4.58,4.56,4.57,4.59,4.6,109,4.5,4.75,,,,,,,,,
12/05/2024,OBFR,4.58,4.5,4.57,4.58,4.65,280,,,,,,,,,,,
12/05/2024,TGCR,4.57,4.52,4.57,4.57,4.61,822,,,,,,,,,,,
12/05/2024,BGCR,4.57,4.52,4.57,4.58,4.65,853,,,,,,,,,,,
12/05/2024,SOFR,4.59,4.55,4.57,4.65,4.68,2325,,,,,,,,,,,
12/04/2024,EFFR,4.58,4.56,4.58,4.59,4.6,99,4.5,4.75,,,,,,,,,
12/04/2024,OBFR,4.58,4.53,4.57,4.58,4.65,261,,,,,,,,,,,
12/04/2024,TGCR,4.58,4.5,4.57,4.58,4.65,808,,,,,,,,,,,
12/04/2024,BGCR,4.58,4.5,4.57,4.58,4.65,836,,,,,,,,,,,
12/04/2024,SOFR,4.59,4.55,4.58,4.66,4.69,2265,,,,,,,,,,,
12/03/2024,EFFR,4.58,4.56,4.57,4.59,4.6,94,4.5,4.75,,,,,,,,,
12/03/2024,OBFR,4.58,4.52,4.57,4.58,4.65,248,,,,,,,,,,,
12/03/2024,TGCR,4.6,4.55,4.6,4.61,4.65,798,,,,,,,,,,,
12/03/2024,BGCR,4.6,4.55,4.6,4.61,4.69,832,,,,,,,,,,,
12/03/2024,SOFR,4.64,4.55,4.6,4.7,4.75,2329,,,,,,,,,,,
12/02/2024,EFFR,4.58,4.56,4.58,4.59,4.64,92,4.5,4.75,,,,,,,,,
12/02/2024,OBFR,4.58,4.51,4.57,4.58,4.64,256,,,,,,,,,,,
12/02/2024,TGCR,4.6,4.53,4.6,4.61,4.64,791,,,,,,,,,,,
12/02/2024,BGCR,4.6,4.54,4.6,4.61,4.7,841,,,,,,,,,,,
12/02/2024,SOFR,4.64,4.57,4.6,4.72,4.75,2440,,,,,,,,,,,
11/29/2024,EFFR,4.58,4.55,4.58,4.59,4.6,95,4.5,4.75,,,,,,,,,
11/29/2024,OBFR,4.58,4.5,4.57,4.58,4.66,254,,,,,,,,,,,
11/29/2024,TGCR,4.58,4.5,4.58,4.58,4.62,750,,,,,,,,,,,
11/29/2024,BGCR,4.58,4.5,4.58,4.58,4.65,773,,,,,,,,,,,
11/29/2024,SOFR,4.59,4.55,4.58,4.66,4.7,2209,,,,,,,,,,,
11/27/2024,EFFR,4.58,4.56,4.57,4.59,4.6,103,4.5,4.75,,,,,,,,,
11/27/2024,OBFR,4.58,4.52,4.57,4.58,4.64,279,,,,,,,,,,,
11/27/2024,TGCR,4.56,4.5,4.56,4.57,4.6,753,,,,,,,,,,,
11/27/2024,BGCR,4.56,4.5,4.56,4.57,4.61,767,,,,,,,,,,,
11/27/2024,SOFR,4.57,4.54,4.56,4.63,4.66,2136,,,,,,,,,,,
11/26/2024,EFFR,4.58,4.56,4.57,4.59,4.6,101,4.5,4.75,,,,,,,,,
11/26/2024,OBFR,4.58,4.52,4.57,4.58,4.64,279,,,,,,,,,,,
11/26/2024,TGCR,4.57,4.5,4.57,4.57,4.61,777,,,,,,,,,,,
11/26/2024,BGCR,4.57,4.5,4.57,4.58,4.63,804,,,,,,,,,,,
11/26/2024,SOFR,4.58,4.54,4.57,4.64,4.69,2214,,,,,,,,,,,
11/25/2024,EFFR,4.58,4.56,4.58,4.59,4.6,103,4.5,4.75,,,,,,,,,
11/25/2024,OBFR,4.58,4.51,4.57,4.58,4.64,283,,,,,,,,,,,
11/25/2024,TGCR,4.57,4.5,4.57,4.58,4.61,760,,,,,,,,,,,
11/25/2024,BGCR,4.57,4.5,4.57,4.58,4.63,796,,,,,,,,,,,
11/25/2024,SOFR,4.58,4.55,4.57,4.64,4.69,2206,,,,,,,,,,,
11/22/2024,EFFR,4.58,4.56,4.57,4.59,4.7,100,4.5,4.75,,,,,,,,,
11/22/2024,OBFR,4.58,4.5,4.57,4.58,4.64,281,,,,,,,,,,,
11/22/2024,TGCR,4.56,4.48,4.56,4.56,4.6,773,,,,,,,,,,,
11/22/2024,BGCR,4.56,4.48,4.56,4.57,4.62,802,,,,,,,,,,,
11/22/2024,SOFR,4.57,4.53,4.56,4.62,4.66,2188,,,,,,,,,,,
11/21/2024,EFFR,4.58,4.56,4.57,4.59,4.6,101,4.5,4.75,,,,,,,,,
11/21/2024,OBFR,4.58,4.5,4.57,4.58,4.63,281,,,,,,,,,,,
11/21/2024,TGCR,4.56,4.5,4.56,4.56,4.6,771,,,,,,,,,,,
11/21/2024,BGCR,4.56,4.5,4.56,4.56,4.61,798,,,,,,,,,,,
11/21/2024,SOFR,4.57,4.55,4.56,4.62,4.66,2291,,,,,,,,,,,
11/20/2024,EFFR,4.58,4.56,4.57,4.59,4.6,102,4.5,4.75,,,,,,,,,
11/20/2024,OBFR,4.58,4.52,4.57,4.58,4.63,277,,,,,,,,,,,
11/20/2024,TGCR,4.56,4.5,4.56,4.56,4.6,763,,,,,,,,,,,
11/20/2024,BGCR,4.56,4.5,4.56,4.56,4.6,790,,,,,,,,,,,
11/20/2024,SOFR,4.56,4.54,4.56,4.61,4.65,2155,,,,,,,,,,,
11/19/2024,EFFR,4.58,4.56,4.57,4.59,4.6,99,4.5,4.75,,,,,,,,,
11/19/2024,OBFR,4.58,4.52,4.57,4.58,4.64,269,,,,,,,,,,,
11/19/2024,TGCR,4.56,4.5,4.56,4.56,4.6,780,,,,,,,,,,,
11/19/2024,BGCR,4.56,4.51,4.56,4.56,4.6,812,,,,,,,,,,,
11/19/2024,SOFR,4.57,4.55,4.56,4.62,4.66,2275,,,,,,,,,,,
11/18/2024,EFFR,4.58,4.56,4.57,4.59,4.6,103,4.5,4.75,,,,,,,,,
11/18/2024,OBFR,4.58,4.5,4.57,4.58,4.68,281,,,,,,,,,,,
11/18/2024,TGCR,4.56,4.5,4.56,4.56,4.6,783,,,,,,,,,,,
11/18/2024,BGCR,4.56,4.5,4.56,4.56,4.61,811,,,,,,,,,,,
11/18/2024,SOFR,4.57,4.54,4.56,4.62,4.65,2297,,,,,,,,,,,
11/15/2024,EFFR,4.58,4.56,4.57,4.59,4.65,104,4.5,4.75,,,,,,,,,
11/15/2024,OBFR,4.58,4.5,4.57,4.58,4.63,282,,,,,,,,,,,
11/15/2024,TGCR,4.56,4.51,4.56,4.57,4.6,799,,,,,,,,,,,
11/15/2024,BGCR,4.56,4.51,4.56,4.57,4.61,833,,,,,,,,,,,
11/15/2024,SOFR,4.57,4.55,4.56,4.62,4.65,2425,,,,,,,,,,,
11/14/2024,EFFR,4.58,4.56,4.57,4.59,4.64,107,4.5,4.75,,,,,,,,,
11/14/2024,OBFR,4.58,4.5,4.57,4.58,4.63,286,,,,,,,,,,,
11/14/2024,TGCR,4.57,4.51,4.56,4.57,4.6,800,,,,,,,,,,,
11/14/2024,BGCR,4.57,4.51,4.56,4.57,4.62,827,,,,,,,,,,,
11/14/2024,SOFR,4.58,4.55,4.57,4.62,4.66,2177,,,,,,,,,,,
11/13/2024,EFFR,4.58,4.56,4.57,4.59,4.65,105,4.5,4.75,,,,,,,,,
11/13/2024,OBFR,4.58,4.52,4.57,4.58,4.63,287,,,,,,,,,,,
11/13/2024,TGCR,4.58,4.51,4.57,4.58,4.61,788,,,,,,,,,,,
11/13/2024,BGCR,4.58,4.51,4.57,4.58,4.64,820,,,,,,,,,,,
11/13/2024,SOFR,4.59,4.55,4.58,4.64,4.69,2233,,,,,,,,,,,
11/12/2024,EFFR,4.58,4.56,4.57,4.59,4.6,101,4.5,4.75,,,,,,,,,
11/12/2024,OBFR,4.58,4.52,4.57,4.58,4.63,294,,,,,,,,,,,
11/12/2024,TGCR,4.58,4.5,4.58,4.59,4.61,788,,,,,,,,,,,
11/12/2024,BGCR,4.58,4.5,4.58,4.59,4.65,822,,,,,,,,,,,
11/12/2024,SOFR,4.6,4.55,4.58,4.66,4.7,2298,,,,,,,,,,,
11/08/2024,EFFR,4.58,4.56,4.57,4.59,4.6,103,4.5,4.75,,,,,,,,,
11/08/2024,OBFR,4.58,4.5,4.57,4.58,4.63,287,,,,,,,,,,,
11/08/2024,TGCR,4.57,4.51,4.57,4.58,4.83,785,,,,,,,,,,,
11/08/2024,BGCR,4.57,4.52,4.57,4.58,4.83,816,,,,,,,,,,,
11/08/2024,SOFR,4.6,4.55,4.58,4.66,4.83,2184,,,,,,,,,,,
11/07/2024,EFFR,4.83,4.81,4.82,4.84,4.9,100,4.75,5,,,,,,,,,
11/07/2024,OBFR,4.83,4.75,4.82,4.83,4.88,295,,,,,,,,,,,
11/07/2024,TGCR,4.82,4.75,4.81,4.82,4.84,784,,,,,,,,,,,
11/07/2024,BGCR,4.82,4.75,4.81,4.82,4.85,807,,,,,,,,,,,
11/07/2024,SOFR,4.82,4.79,4.81,4.87,4.91,2266,,,,,,,,,,,
11/06/2024,EFFR,4.83,4.81,4.82,4.84,4.9,102,4.75,5,,,,,,,,,
11/06/2024,OBFR,4.83,4.76,4.82,4.83,4.89,285,,,,,,,,,,,
11/06/2024,TGCR,4.81,4.75,4.81,4.81,4.83,774,,,,,,,,,,,
11/06/2024,BGCR,4.81,4.75,4.81,4.81,4.84,797,,,,,,,,,,,
11/06/2024,SOFR,4.81,4.78,4.81,4.85,4.88,2128,,,,,,,,,,,
11/05/2024,EFFR,4.83,4.81,4.82,4.84,4.9,104,4.75,5,,,,,,,,,
11/05/2024,OBFR,4.83,4.77,4.82,4.83,4.9,281,,,,,,,,,,,
11/05/2024,TGCR,4.81,4.75,4.81,4.81,4.83,778,,,,,,,,,,,
11/05/2024,BGCR,4.81,4.75,4.81,4.82,4.85,803,,,,,,,,,,,
11/05/2024,SOFR,4.82,4.79,4.81,4.85,4.89,2235,,,,,,,,,,,
11/04/2024,EFFR,4.83,4.81,4.83,4.84,4.9,98,4.75,5,,,,,,,,,
11/04/2024,OBFR,4.83,4.78,4.83,4.83,4.9,270,,,,,,,,,,,
11/04/2024,TGCR,4.82,4.75,4.82,4.82,4.87,764,,,,,,,,,,,
11/04/2024,BGCR,4.82,4.75,4.82,4.82,4.88,796,,,,,,,,,,,
11/04/2024,SOFR,4.82,4.79,4.82,4.87,4.91,2308,,,,,,,,,,,
11/01/2024,EFFR,4.83,4.81,4.83,4.84,4.89,99,4.75,5,,,,,,,,,
11/01/2024,OBFR,4.83,4.75,4.82,4.83,4.89,257,,,,,,,,,,,
11/01/2024,TGCR,4.84,4.78,4.84,4.84,4.91,761,,,,,,,,,,,
11/01/2024,BGCR,4.84,4.78,4.84,4.84,4.91,788,,,,,,,,,,,
11/01/2024,SOFR,4.86,4.8,4.84,4.93,4.97,2164,,,,,,,,,,,
10/31/2024,EFFR,4.83,4.81,4.83,4.84,4.92,96,4.75,5,,,,,,,,,
10/31/2024,OBFR,4.83,4.73,4.82,4.83,4.89,230,,,,,,,,,,,
10/31/2024,TGCR,4.85,4.75,4.85,4.86,4.89,763,,,,,,,,,,,
10/31/2024,BGCR,4.85,4.75,4.85,4.86,4.96,795,,,,,,,,,,,
10/31/2024,SOFR,4.9,4.8,4.86,4.98,5.03,2244,,,,,,,,,,,
10/30/2024,EFFR,4.83,4.81,4.83,4.84,4.85,104,4.75,5,,,,,,,,,
10/30/2024,OBFR,4.83,4.75,4.82,4.83,4.88,269,,,,,,,,,,,
10/30/2024,TGCR,4.81,4.75,4.8,4.81,4.83,768,,,,,,,,,,,
10/30/2024,BGCR,4.81,4.75,4.8,4.81,4.85,798,,,,,,,,,,,
10/30/2024,SOFR,4.81,4.78,4.81,4.85,4.89,2045,,,,,,,,,,,
10/29/2024,EFFR,4.83,4.81,4.83,4.84,4.9,100,4.75,5,,,,,,,,,
10/29/2024,OBFR,4.83,4.75,4.82,4.83,4.89,264,,,,,,,,,,,
10/29/2024,TGCR,4.81,4.75,4.81,4.81,4.83,763,,,,,,,,,,,
10/29/2024,BGCR,4.81,4.75,4.81,4.81,4.85,794,,,,,,,,,,,
10/29/2024,SOFR,4.82,4.78,4.81,4.86,4.9,2116,,,,,,,,,,,
10/28/2024,EFFR,4.83,4.81,4.83,4.84,4.92,99,4.75,5,,,,,,,,,
10/28/2024,OBFR,4.83,4.75,4.82,4.83,4.88,256,,,,,,,,,,,
10/28/2024,TGCR,4.81,4.75,4.81,4.82,4.84,757,,,,,,,,,,,
10/28/2024,BGCR,4.81,4.76,4.81,4.82,4.89,791,,,,,,,,,,,
10/28/2024,SOFR,4.82,4.79,4.81,4.88,4.92,2194,,,,,,,,,,,
10/25/2024,EFFR,4.83,4.81,4.82,4.84,4.9,104,4.75,5,,,,,,,,,
10/25/2024,OBFR,4.83,4.75,4.82,4.83,4.89,267,,,,,,,,,,,
10/25/2024,TGCR,4.82,4.75,4.82,4.83,4.85,765,,,,,,,,,,,
10/25/2024,BGCR,4.82,4.75,4.82,4.83,4.89,799,,,,,,,,,,,
10/25/2024,SOFR,4.83,4.79,4.82,4.89,4.94,2188,,,,,,,,,,,
10/24/2024,EFFR,4.83,4.81,4.82,4.84,4.85,98,4.75,5,,,,,,,,,
10/24/2024,OBFR,4.83,4.75,4.82,4.83,4.88,264,,,,,,,,,,,
10/24/2024,TGCR,4.83,4.65,4.82,4.83,4.85,785,,,,,,,,,,,
10/24/2024,BGCR,4.83,4.65,4.82,4.83,4.9,816,,,,,,,,,,,
10/24/2024,SOFR,4.83,4.77,4.83,4.89,4.94,2246,,,,,,,,,,,
10/23/2024,EFFR,4.83,4.81,4.83,4.84,4.85,99,4.75,5,,,,,,,,,
10/23/2024,OBFR,4.83,4.75,4.82,4.83,4.88,259,,,,,,,,,,,
10/23/2024,TGCR,4.82,4.75,4.82,4.82,4.84,773,,,,,,,,,,,
10/23/2024,BGCR,4.82,4.75,4.82,4.82,4.89,808,,,,,,,,,,,
10/23/2024,SOFR,4.83,4.79,4.82,4.89,4.92,2129,,,,,,,,,,,
10/22/2024,EFFR,4.83,4.81,4.83,4.84,4.85,98,4.75,5,,,,,,,,,
10/22/2024,OBFR,4.83,4.75,4.82,4.83,4.88,250,,,,,,,,,,,
10/22/2024,TGCR,4.82,4.75,4.82,4.82,4.84,780,,,,,,,,,,,
10/22/2024,BGCR,4.82,4.76,4.82,4.82,4.91,811,,,,,,,,,,,
10/22/2024,SOFR,4.83,4.79,4.82,4.89,4.92,2226,,,,,,,,,,,
10/21/2024,EFFR,4.83,4.81,4.83,4.84,4.85,96,4.75,5,,,,,,,,,
10/21/2024,OBFR,4.83,4.75,4.82,4.83,4.88,258,,,,,,,,,,,
10/21/2024,TGCR,4.81,4.76,4.81,4.82,4.85,783,,,,,,,,,,,
10/21/2024,BGCR,4.81,4.76,4.81,4.82,4.95,818,,,,,,,,,,,
10/21/2024,SOFR,4.82,4.8,4.81,4.87,4.91,2322,,,,,,,,,,,
10/18/2024,EFFR,4.83,4.81,4.83,4.84,4.85,98,4.75,5,,,,,,,,,
10/18/2024,OBFR,4.83,4.74,4.82,4.84,4.89,254,,,,,,,,,,,
10/18/2024,TGCR,4.82,4.77,4.82,4.83,4.86,785,,,,,,,,,,,
10/18/2024,BGCR,4.82,4.77,4.82,4.83,4.9,824,,,,,,,,,,,
10/18/2024,SOFR,4.84,4.8,4.82,4.9,4.94,2168,,,,,,,,,,,
10/17/2024,EFFR,4.83,4.81,4.83,4.84,4.85,96,4.75,5,,,,,,,,,
10/17/2024,OBFR,4.83,4.75,4.82,4.84,4.88,249,,,,,,,,,,,
10/17/2024,TGCR,4.84,4.78,4.84,4.84,4.88,794,,,,,,,,,,,
10/17/2024,BGCR,4.84,4.78,4.84,4.84,4.94,826,,,,,,,,,,,
10/17/2024,SOFR,4.85,4.81,4.84,4.94,4.98,2334,,,,,,,,,,,
10/16/2024,EFFR,4.83,4.81,4.83,4.84,4.85,97,4.75,5,,,,,,,,,
10/16/2024,OBFR,4.83,4.75,4.82,4.83,4.88,250,,,,,,,,,,,
10/16/2024,TGCR,4.84,4.78,4.83,4.84,4.87,785,,,,,,,,,,,
10/16/2024,BGCR,4.84,4.78,4.83,4.84,4.96,822,,,,,,,,,,,
10/16/2024,SOFR,4.86,4.81,4.84,4.94,4.97,2317,,,,,,,,,,,
10/15/2024,EFFR,4.83,4.81,4.83,4.84,4.85,91,4.75,5,,,,,,,,,
10/15/2024,OBFR,4.83,4.75,4.82,4.83,4.88,239,,,,,,,,,,,
10/15/2024,TGCR,4.83,4.79,4.83,4.84,4.87,795,,,,,,,,,,,
10/15/2024,BGCR,4.83,4.8,4.83,4.84,4.96,834,,,,,,,,,,,
10/15/2024,SOFR,4.86,4.81,4.84,4.94,5,2272,,,,,,,,,,,
10/11/2024,EFFR,4.83,4.81,4.82,4.84,4.85,94,4.75,5,,,,,,,,,
10/11/2024,OBFR,4.83,4.75,4.82,4.83,4.88,246,,,,,,,,,,,
10/11/2024,TGCR,4.81,4.76,4.81,4.81,4.83,772,,,,,,,,,,,
10/11/2024,BGCR,4.81,4.76,4.81,4.81,4.86,805,,,,,,,,,,,
10/11/2024,SOFR,4.81,4.79,4.81,4.85,4.89,2058,,,,,,,,,,,
10/10/2024,EFFR,4.83,4.81,4.82,4.84,4.85,98,4.75,5,,,,,,,,,
10/10/2024,OBFR,4.83,4.77,4.82,4.83,4.88,258,,,,,,,,,,,
10/10/2024,TGCR,4.81,4.75,4.81,4.81,4.84,769,,,,,,,,,,,
10/10/2024,BGCR,4.81,4.75,4.81,4.81,4.87,805,,,,,,,,,,,
10/10/2024,SOFR,4.82,4.79,4.81,4.86,4.91,2198,,,,,,,,,,,
10/09/2024,EFFR,4.83,4.81,4.83,4.84,4.85,94,4.75,5,,,,,,,,,
10/09/2024,OBFR,4.83,4.75,4.82,4.83,4.88,239,,,,,,,,,,,
10/09/2024,TGCR,4.82,4.77,4.82,4.82,4.85,768,,,,,,,,,,,
10/09/2024,BGCR,4.82,4.75,4.82,4.82,4.89,808,,,,,,,,,,,
10/09/2024,SOFR,4.83,4.8,4.82,4.88,4.93,2220,,,,,,,,,,,
10/08/2024,EFFR,4.83,4.81,4.83,4.84,4.85,90,4.75,5,,,,,,,,,
10/08/2024,OBFR,4.83,4.75,4.82,4.83,4.88,226,,,,,,,,,,,
10/08/2024,TGCR,4.83,4.77,4.82,4.83,4.85,771,,,,,,,,,,,
10/08/2024,BGCR,4.83,4.77,4.82,4.83,4.9,807,,,,,,,,,,,
10/08/2024,SOFR,4.84,4.8,4.83,4.9,4.94,2166,,,,,,,,,,,
10/07/2024,EFFR,4.83,4.81,4.83,4.84,4.85,86,4.75,5,,,,,,,,,
10/07/2024,OBFR,4.83,4.75,4.82,4.84,4.88,222,,,,,,,,,,,
10/07/2024,TGCR,4.82,4.77,4.82,4.82,4.84,773,,,,,,,,,,,
10/07/2024,BGCR,4.82,4.77,4.82,4.82,4.89,811,,,,,,,,,,,
10/07/2024,SOFR,4.83,4.8,4.82,4.88,4.93,2350,,,,,,,,,,,
10/04/2024,EFFR,4.83,4.81,4.83,4.84,4.85,84,4.75,5,,,,,,,,,
10/04/2024,OBFR,4.83,4.75,4.82,4.84,4.88,229,,,,,,,,,,,
10/04/2024,TGCR,4.82,4.77,4.82,4.83,4.86,779,,,,,,,,,,,
10/04/2024,BGCR,4.82,4.77,4.82,4.83,4.89,812,,,,,,,,,,,
10/04/2024,SOFR,4.83,4.8,4.82,4.89,4.93,2377,,,,,,,,,,,
10/03/2024,EFFR,4.83,4.81,4.83,4.84,4.85,81,4.75,5,,,,,,,,,
10/03/2024,OBFR,4.83,4.75,4.82,4.84,4.88,226,,,,,,,,,,,
10/03/2024,TGCR,4.82,4.78,4.82,4.83,4.93,787,,,,,,,,,,,
10/03/2024,BGCR,4.82,4.78,4.82,4.83,4.93,821,,,,,,,,,,,
10/03/2024,SOFR,4.85,4.8,4.83,4.91,4.96,2182,,,,,,,,,,,
10/02/2024,EFFR,4.83,4.81,4.83,4.84,4.85,81,4.75,5,,,,,,,,,
10/02/2024,OBFR,4.83,4.75,4.82,4.84,4.88,204,,,,,,,,,,,
10/02/2024,TGCR,4.87,4.78,4.86,4.87,5.06,777,,,,,,,,,,,
10/02/2024,BGCR,4.87,4.8,4.86,4.87,5.06,816,,,,,,,,,,,
10/02/2024,SOFR,4.92,4.83,4.87,5.01,5.09,2426,,,,,,,,,,,
10/01/2024,EFFR,4.83,4.81,4.83,4.84,4.85,85,4.75,5,,,,,,,,,
10/01/2024,OBFR,4.83,4.75,4.82,4.83,4.88,206,,,,,,,,,,,
10/01/2024,TGCR,4.92,4.8,4.9,4.92,4.98,771,,,,,,,,,,,
10/01/2024,BGCR,4.92,4.8,4.9,4.92,5.25,801,,,,,,,,,,,
10/01/2024,SOFR,5.05,4.85,4.92,5.14,5.28,2395,,,,,,,,,,,
09/30/2024,EFFR,4.83,4.8,4.82,4.84,4.95,73,4.75,5,,,,,,,,,
09/30/2024,OBFR,4.83,4.73,4.82,4.83,4.9,172,,,,,,,,,,,
09/30/2024,TGCR,4.88,4.8,4.86,4.88,4.95,742,,,,,,,,,,,
09/30/2024,BGCR,4.88,4.8,4.86,4.88,5.5,790,,,,,,,,,,,
09/30/2024,SOFR,4.96,4.83,4.88,5.02,5.45,2523,,,,,,,,,,,
09/27/2024,EFFR,4.83,4.81,4.82,4.84,4.86,94,4.75,5,,,,,,,,,
09/27/2024,OBFR,4.83,4.75,4.82,4.83,4.89,248,,,,,,,,,,,
09/27/2024,TGCR,4.83,4.78,4.82,4.83,4.87,753,,,,,,,,,,,
09/27/2024,BGCR,4.83,4.78,4.82,4.83,4.9,787,,,,,,,,,,,
09/27/2024,SOFR,4.84,4.8,4.83,4.9,4.95,2077,,,,,,,,,,,
09/26/2024,EFFR,4.83,4.81,4.82,4.84,4.85,100,4.75,5,,,,,,,,,
09/26/2024,OBFR,4.83,4.75,4.82,4.83,4.88,256,,,,,,,,,,,
09/26/2024,TGCR,4.83,4.76,4.82,4.83,4.85,747,,,,,,,,,,,
09/26/2024,BGCR,4.83,4.77,4.82,4.83,4.9,782,,,,,,,,,,,
09/26/2024,SOFR,4.83,4.8,4.82,4.89,4.95,2329,,,,,,,,,,,
09/25/2024,EFFR,4.83,4.81,4.82,4.83,4.85,103,4.75,5,,,,,,,,,
09/25/2024,OBFR,4.83,4.75,4.82,4.83,4.88,264,,,,,,,,,,,
09/25/2024,TGCR,4.83,4.75,4.82,4.83,4.86,756,,,,,,,,,,,
09/25/2024,BGCR,4.83,4.76,4.82,4.83,4.91,793,,,,,,,,,,,
09/25/2024,SOFR,4.84,4.79,4.83,4.91,4.95,2133,,,,,,,,,,,
09/24/2024,EFFR,4.83,4.81,4.82,4.84,4.85,94,4.75,5,,,,,,,,,
09/24/2024,OBFR,4.83,4.75,4.82,4.83,4.88,269,,,,,,,,,,,
09/24/2024,TGCR,4.83,4.76,4.82,4.83,4.85,768,,,,,,,,,,,
09/24/2024,BGCR,4.83,4.76,4.82,4.83,4.9,811,,,,,,,,,,,
09/24/2024,SOFR,4.84,4.79,4.83,4.91,4.95,2171,,,,,,,,,,,
09/23/2024,EFFR,4.83,4.81,4.82,4.84,4.92,95,4.75,5,,,,,,,,,
09/23/2024,OBFR,4.83,4.78,4.82,4.83,4.88,294,,,,,,,,,,,
09/23/2024,TGCR,4.82,4.75,4.82,4.82,4.85,781,,,,,,,,,,,
09/23/2024,BGCR,4.82,4.75,4.82,4.82,4.88,811,,,,,,,,,,,
09/23/2024,SOFR,4.83,4.78,4.82,4.89,4.93,2198,,,,,,,,,,,
09/20/2024,EFFR,4.83,4.81,4.82,4.84,4.95,93,4.75,5,,,,,,,,,
09/20/2024,OBFR,4.83,4.75,4.82,4.83,4.88,284,,,,,,,,,,,
09/20/2024,TGCR,4.81,4.75,4.81,4.82,4.84,789,,,,,,,,,,,
09/20/2024,BGCR,4.81,4.75,4.81,4.82,4.87,824,,,,,,,,,,,
09/20/2024,SOFR,4.83,4.78,4.82,4.88,4.92,2147,,,,,,,,,,,
09/19/2024,EFFR,4.83,4.81,4.82,4.84,4.95,90,4.75,5,,,,,,,,,
09/19/2024,OBFR,4.83,4.75,4.82,4.83,4.88,281,,,,,,,,,,,
09/19/2024,TGCR,4.81,4.75,4.81,4.81,5.34,815,,,,,,,,,,,
09/19/2024,BGCR,4.81,4.76,4.81,4.81,5.34,844,,,,,,,,,,,
09/19/2024,SOFR,4.82,4.79,4.81,4.86,5.34,2378,,,,,,,,,,,
09/18/2024,EFFR,5.33,5.31,5.32,5.33,5.4,102,5.25,5.5,,,,,,,,,
09/18/2024,OBFR,5.33,5.26,5.32,5.33,5.38,283,,,,,,,,,,,
09/18/2024,TGCR,5.32,5.24,5.31,5.32,5.39,783,,,,,,,,,,,
09/18/2024,BGCR,5.32,5.25,5.31,5.32,5.39,817,,,,,,,,,,,
09/18/2024,SOFR,5.33,5.28,5.32,5.38,5.42,2194,,,,,,,,,,,
09/17/2024,EFFR,5.33,5.31,5.32,5.33,5.35,103,5.25,5.5,,,,,,,,,
09/17/2024,OBFR,5.33,5.25,5.32,5.33,5.38,264,,,,,,,,,,,
09/17/2024,TGCR,5.33,5.27,5.33,5.33,5.39,770,,,,,,,,,,,
09/17/2024,BGCR,5.33,5.27,5.33,5.33,5.43,803,,,,,,,,,,,
09/17/2024,SOFR,5.38,5.3,5.33,5.43,5.47,2161,,,,,,,,,,,
09/16/2024,EFFR,5.33,5.31,5.32,5.33,5.35,96,5.25,5.5,,,,,,,,,
09/16/2024,OBFR,5.33,5.25,5.32,5.33,5.4,249,,,,,,,,,,,
09/16/2024,TGCR,5.33,5.28,5.33,5.34,5.36,783,,,,,,,,,,,
09/16/2024,BGCR,5.33,5.28,5.33,5.34,5.44,818,,,,,,,,,,,
09/16/2024,SOFR,5.38,5.3,5.33,5.44,5.48,2212,,,,,,,,,,,
09/13/2024,EFFR,5.33,5.31,5.32,5.33,5.35,105,5.25,5.5,,,,,,,,,
09/13/2024,OBFR,5.33,5.25,5.32,5.33,5.4,257,,,,,,,,,,,
09/13/2024,TGCR,5.32,5.26,5.31,5.32,5.34,779,,,,,,,,,,,
09/13/2024,BGCR,5.32,5.26,5.31,5.32,5.43,810,,,,,,,,,,,
09/13/2024,SOFR,5.33,5.3,5.32,5.39,5.43,2232,,,,,,,,,,,
09/12/2024,EFFR,5.33,5.31,5.32,5.33,5.35,111,5.25,5.5,,,,,,,,,
09/12/2024,OBFR,5.33,5.24,5.32,5.33,5.4,265,,,,,,,,,,,
09/12/2024,TGCR,5.31,5.25,5.31,5.31,5.33,785,,,,,,,,,,,
09/12/2024,BGCR,5.31,5.25,5.31,5.31,5.43,820,,,,,,,,,,,
09/12/2024,SOFR,5.33,5.28,5.31,5.39,5.42,2087,,,,,,,,,,,
09/11/2024,EFFR,5.33,5.31,5.32,5.33,5.35,105,5.25,5.5,,,,,,,,,
09/11/2024,OBFR,5.33,5.25,5.32,5.33,5.4,251,,,,,,,,,,,
09/11/2024,TGCR,5.31,5.25,5.31,5.31,5.34,769,,,,,,,,,,,
09/11/2024,BGCR,5.31,5.25,5.31,5.31,5.38,805,,,,,,,,,,,
09/11/2024,SOFR,5.32,5.29,5.31,5.37,5.41,2308,,,,,,,,,,,
09/10/2024,EFFR,5.33,5.31,5.32,5.33,5.35,101,5.25,5.5,,,,,,,,,
09/10/2024,OBFR,5.33,5.25,5.32,5.33,5.4,253,,,,,,,,,,,
09/10/2024,TGCR,5.31,5.26,5.31,5.32,5.35,766,,,,,,,,,,,
09/10/2024,BGCR,5.31,5.26,5.31,5.32,5.39,808,,,,,,,,,,,
09/10/2024,SOFR,5.33,5.29,5.32,5.38,5.43,2161,,,,,,,,,,,
09/09/2024,EFFR,5.33,5.31,5.32,5.34,5.35,95,5.25,5.5,,,,,,,,,
09/09/2024,OBFR,5.33,5.25,5.32,5.33,5.4,243,,,,,,,,,,,
09/09/2024,TGCR,5.32,5.25,5.32,5.33,5.35,768,,,,,,,,,,,
09/09/2024,BGCR,5.32,5.25,5.32,5.33,5.41,800,,,,,,,,,,,
09/09/2024,SOFR,5.34,5.29,5.32,5.41,5.45,2094,,,,,,,,,,,
09/06/2024,EFFR,5.33,5.31,5.32,5.33,5.35,100,5.25,5.5,,,,,,,,,
09/06/2024,OBFR,5.33,5.25,5.32,5.33,5.4,250,,,,,,,,,,,
09/06/2024,TGCR,5.32,5.27,5.32,5.33,5.36,770,,,,,,,,,,,
09/06/2024,BGCR,5.33,5.27,5.32,5.33,5.42,807,,,,,,,,,,,
09/06/2024,SOFR,5.34,5.3,5.33,5.42,5.46,2119,,,,,,,,,,,
09/05/2024,EFFR,5.33,5.31,5.32,5.33,5.35,102,5.25,5.5,,,,,,,,,
09/05/2024,OBFR,5.33,5.25,5.32,5.33,5.4,252,,,,,,,,,,,
09/05/2024,TGCR,5.32,5.27,5.32,5.33,5.36,773,,,,,,,,,,,
09/05/2024,BGCR,5.32,5.27,5.32,5.33,5.45,803,,,,,,,,,,,
09/05/2024,SOFR,5.35,5.3,5.33,5.43,5.46,2205,,,,,,,,,,,
09/04/2024,EFFR,5.33,5.31,5.32,5.33,5.35,103,5.25,5.5,,,,,,,,,
09/04/2024,OBFR,5.33,5.27,5.32,5.33,5.4,238,,,,,,,,,,,
09/04/2024,TGCR,5.32,5.27,5.32,5.33,5.35,760,,,,,,,,,,,
09/04/2024,BGCR,5.32,5.27,5.32,5.33,5.45,793,,,,,,,,,,,
09/04/2024,SOFR,5.35,5.3,5.33,5.43,5.46,2169,,,,,,,,,,,
09/03/2024,EFFR,5.33,5.31,5.32,5.33,5.35,100,5.25,5.5,,,,,,,,,
09/03/2024,OBFR,5.33,5.25,5.32,5.33,5.4,238,,,,,,,,,,,
09/03/2024,TGCR,5.33,5.28,5.33,5.33,5.38,757,,,,,,,,,,,
09/03/2024,BGCR,5.33,5.28,5.33,5.33,5.49,783,,,,,,,,,,,
09/03/2024,SOFR,5.34,5.3,5.33,5.45,5.5,2403,,,,,,,,,,,
08/30/2024,EFFR,5.33,5.31,5.32,5.33,5.35,89,5.25,5.5,,,,,,,,,
08/30/2024,OBFR,5.32,5.25,5.32,5.33,5.38,244,,,,,,,,,,,
08/30/2024,TGCR,5.32,5.25,5.31,5.32,5.34,732,,,,,,,,,,,
08/30/2024,BGCR,5.32,5.25,5.31,5.32,5.42,767,,,,,,,,,,,
08/30/2024,SOFR,5.32,5.28,5.32,5.38,5.43,2011,,,,,,,,,,,
08/29/2024,EFFR,5.33,5.31,5.32,5.33,5.35,97,5.25,5.5,,,,,,,,,
08/29/2024,OBFR,5.32,5.24,5.32,5.33,5.38,260,,,,,,,,,,,
08/29/2024,TGCR,5.32,5.26,5.32,5.32,5.36,745,,,,,,,,,,,
08/29/2024,BGCR,5.32,5.27,5.32,5.32,5.42,777,,,,,,,,,,,
08/29/2024,SOFR,5.33,5.29,5.32,5.39,5.46,2088,,,,,,,,,,,
08/28/2024,EFFR,5.33,5.31,5.32,5.33,5.35,95,5.25,5.5,,,,,,,,,
08/28/2024,OBFR,5.33,5.25,5.32,5.33,5.4,245,,,,,,,,,,,
08/28/2024,TGCR,5.34,5.28,5.33,5.34,5.37,752,,,,,,,,,,,
08/28/2024,BGCR,5.34,5.28,5.33,5.34,5.43,778,,,,,,,,,,,
08/28/2024,SOFR,5.35,5.3,5.34,5.44,5.49,2030,,,,,,,,,,,
08/27/2024,EFFR,5.33,5.31,5.32,5.34,5.35,86,5.25,5.5,,,,,,,,,
08/27/2024,OBFR,5.33,5.25,5.32,5.34,5.4,249,,,,,,,,,,,
08/27/2024,TGCR,5.34,5.28,5.34,5.35,5.37,753,,,,,,,,,,,
08/27/2024,BGCR,5.34,5.28,5.34,5.35,5.45,783,,,,,,,,,,,
08/27/2024,SOFR,5.35,5.3,5.34,5.46,5.5,2227,,,,,,,,,,,
08/26/2024,EFFR,5.33,5.31,5.32,5.33,5.45,94,5.25,5.5,,,,,,,,,
08/26/2024,OBFR,5.33,5.27,5.32,5.33,5.4,264,,,,,,,,,,,
08/26/2024,TGCR,5.32,5.27,5.32,5.32,5.35,766,,,,,,,,,,,
08/26/2024,BGCR,5.32,5.27,5.32,5.32,5.4,787,,,,,,,,,,,
08/26/2024,SOFR,5.34,5.3,5.32,5.4,5.44,2039,,,,,,,,,,,
08/23/2024,EFFR,5.33,5.31,5.32,5.33,5.38,93,5.25,5.5,,,,,,,,,
08/23/2024,OBFR,5.32,5.25,5.32,5.33,5.4,275,,,,,,,,,,,
08/23/2024,TGCR,5.32,5.26,5.31,5.32,5.34,760,,,,,,,,,,,
08/23/2024,BGCR,5.32,5.27,5.31,5.32,5.39,779,,,,,,,,,,,
08/23/2024,SOFR,5.33,5.3,5.32,5.39,5.44,2152,,,,,,,,,,,
08/22/2024,EFFR,5.33,5.31,5.32,5.33,5.35,91,5.25,5.5,,,,,,,,,
08/22/2024,OBFR,5.32,5.25,5.32,5.33,5.38,274,,,,,,,,,,,
08/22/2024,TGCR,5.31,5.25,5.3,5.31,5.33,761,,,,,,,,,,,
08/22/2024,BGCR,5.31,5.25,5.3,5.31,5.38,783,,,,,,,,,,,
08/22/2024,SOFR,5.31,5.28,5.31,5.37,5.41,2037,,,,,,,,,,,
08/21/2024,EFFR,5.33,5.31,5.32,5.34,5.45,93,5.25,5.5,,,,,,,,,
08/21/2024,OBFR,5.33,5.27,5.32,5.33,5.4,273,,,,,,,,,,,
08/21/2024,TGCR,5.3,5.25,5.3,5.31,5.33,762,,,,,,,,,,,
08/21/2024,BGCR,5.3,5.25,5.3,5.31,5.35,785,,,,,,,,,,,
08/21/2024,SOFR,5.31,5.28,5.31,5.35,5.39,1975,,,,,,,,,,,
08/20/2024,EFFR,5.33,5.31,5.32,5.33,5.5,90,5.25,5.5,,,,,,,,,
08/20/2024,OBFR,5.33,5.25,5.32,5.33,5.4,257,,,,,,,,,,,
08/20/2024,TGCR,5.31,5.25,5.31,5.32,5.33,765,,,,,,,,,,,
08/20/2024,BGCR,5.31,5.25,5.31,5.32,5.37,784,,,,,,,,,,,
08/20/2024,SOFR,5.32,5.29,5.31,5.38,5.43,2101,,,,,,,,,,,
08/19/2024,EFFR,5.33,5.31,5.32,5.33,5.35,95,5.25,5.5,,,,,,,,,
08/19/2024,OBFR,5.33,5.25,5.32,5.33,5.4,257,,,,,,,,,,,
08/19/2024,TGCR,5.31,5.26,5.31,5.32,5.34,776,,,,,,,,,,,
08/19/2024,BGCR,5.31,5.26,5.31,5.32,5.38,798,,,,,,,,,,,
08/19/2024,SOFR,5.32,5.29,5.31,5.38,5.42,2118,,,,,,,,,,,
08/16/2024,EFFR,5.33,5.31,5.32,5.33,5.35,93,5.25,5.5,,,,,,,,,
08/16/2024,OBFR,5.33,5.25,5.32,5.33,5.4,261,,,,,,,,,,,
08/16/2024,TGCR,5.31,5.25,5.31,5.32,5.36,778,,,,,,,,,,,
08/16/2024,BGCR,5.32,5.26,5.31,5.32,5.38,799,,,,,,,,,,,
08/16/2024,SOFR,5.32,5.29,5.32,5.39,5.43,2131,,,,,,,,,,,
08/15/2024,EFFR,5.33,5.31,5.32,5.33,5.35,96,5.25,5.5,,,,,,,,,
08/15/2024,OBFR,5.32,5.22,5.32,5.33,5.4,253,,,,,,,,,,,
08/15/2024,TGCR,5.32,5.26,5.32,5.33,5.36,797,,,,,,,,,,,
08/15/2024,BGCR,5.32,5.27,5.32,5.33,5.41,817,,,,,,,,,,,
08/15/2024,SOFR,5.35,5.3,5.32,5.42,5.45,2118,,,,,,,,,,,
08/14/2024,EFFR,5.33,5.31,5.32,5.33,5.35,99,5.25,5.5,,,,,,,,,
08/14/2024,OBFR,5.32,5.25,5.32,5.33,5.4,247,,,,,,,,,,,
08/14/2024,TGCR,5.32,5.25,5.32,5.32,5.35,781,,,,,,,,,,,
08/14/2024,BGCR,5.32,5.25,5.32,5.32,5.38,801,,,,,,,,,,,
08/14/2024,SOFR,5.33,5.28,5.32,5.39,5.44,2108,,,,,,,,,,,
08/13/2024,EFFR,5.33,5.31,5.32,5.33,5.35,100,5.25,5.5,,,,,,,,,
08/13/2024,OBFR,5.33,5.25,5.32,5.33,5.4,237,,,,,,,,,,,
08/13/2024,TGCR,5.34,5.27,5.33,5.34,5.37,780,,,,,,,,,,,
08/13/2024,BGCR,5.34,5.27,5.33,5.34,5.41,808,,,,,,,,,,,
08/13/2024,SOFR,5.34,5.3,5.34,5.43,5.48,2082,,,,,,,,,,,
08/12/2024,EFFR,5.33,5.31,5.32,5.33,5.35,102,5.25,5.5,,,,,,,,,
08/12/2024,OBFR,5.32,5.25,5.32,5.33,5.4,247,,,,,,,,,,,
08/12/2024,TGCR,5.33,5.26,5.33,5.33,5.35,787,,,,,,,,,,,
08/12/2024,BGCR,5.33,5.27,5.33,5.33,5.41,814,,,,,,,,,,,
08/12/2024,SOFR,5.34,5.3,5.33,5.41,5.46,2138,,,,,,,,,,,
08/09/2024,EFFR,5.33,5.31,5.32,5.33,5.35,104,5.25,5.5,,,,,,,,,
08/09/2024,OBFR,5.32,5.25,5.32,5.33,5.4,239,,,,,,,,,,,
08/09/2024,TGCR,5.33,5.27,5.33,5.33,5.35,795,,,,,,,,,,,
08/09/2024,BGCR,5.33,5.27,5.33,5.33,5.41,816,,,,,,,,,,,
08/09/2024,SOFR,5.34,5.3,5.33,5.42,5.46,2170,,,,,,,,,,,
08/08/2024,EFFR,5.33,5.31,5.32,5.33,5.35,106,5.25,5.5,,,,,,,,,
08/08/2024,OBFR,5.32,5.25,5.32,5.33,5.4,242,,,,,,,,,,,
08/08/2024,TGCR,5.33,5.27,5.33,5.33,5.36,796,,,,,,,,,,,
08/08/2024,BGCR,5.33,5.27,5.33,5.33,5.42,816,,,,,,,,,,,
08/08/2024,SOFR,5.34,5.3,5.33,5.43,5.47,2196,,,,,,,,,,,
08/07/2024,EFFR,5.33,5.31,5.32,5.34,5.35,96,5.25,5.5,,,,,,,,,
08/07/2024,OBFR,5.32,5.25,5.32,5.33,5.4,231,,,,,,,,,,,
08/07/2024,TGCR,5.32,5.26,5.31,5.32,5.34,789,,,,,,,,,,,
08/07/2024,BGCR,5.32,5.26,5.31,5.32,5.39,809,,,,,,,,,,,
08/07/2024,SOFR,5.33,5.3,5.32,5.39,5.44,2042,,,,,,,,,,,
08/06/2024,EFFR,5.33,5.31,5.32,5.34,5.45,89,5.25,5.5,,,,,,,,,
08/06/2024,OBFR,5.32,5.25,5.32,5.33,5.4,220,,,,,,,,,,,
08/06/2024,TGCR,5.32,5.27,5.31,5.32,5.34,791,,,,,,,,,,,
08/06/2024,BGCR,5.32,5.27,5.31,5.32,5.4,812,,,,,,,,,,,
08/06/2024,SOFR,5.33,5.3,5.32,5.4,5.43,2086,,,,,,,,,,,
08/05/2024,EFFR,5.33,5.31,5.32,5.34,5.45,86,5.25,5.5,,,,,,,,,
08/05/2024,OBFR,5.32,5.25,5.32,5.33,5.4,231,,,,,,,,,,,
08/05/2024,TGCR,5.32,5.25,5.31,5.32,5.36,789,,,,,,,,,,,
08/05/2024,BGCR,5.32,5.25,5.31,5.32,5.38,809,,,,,,,,,,,
08/05/2024,SOFR,5.32,5.29,5.31,5.38,5.42,2199,,,,,,,,,,,
08/02/2024,EFFR,5.33,5.31,5.32,5.34,5.45,89,5.25,5.5,,,,,,,,,
08/02/2024,OBFR,5.32,5.25,5.32,5.33,5.4,234,,,,,,,,,,,
08/02/2024,TGCR,5.33,5.28,5.33,5.33,5.36,784,,,,,,,,,,,
08/02/2024,BGCR,5.33,5.28,5.33,5.33,5.43,808,,,,,,,,,,,
08/02/2024,SOFR,5.35,5.3,5.33,5.43,5.48,2077,,,,,,,,,,,
08/01/2024,EFFR,5.33,5.31,5.32,5.34,5.35,83,5.25,5.5,,,,,,,,,
08/01/2024,OBFR,5.32,5.25,5.32,5.33,5.4,221,,,,,,,,,,,
08/01/2024,TGCR,5.34,5.28,5.34,5.35,5.39,803,,,,,,,,,,,
08/01/2024,BGCR,5.34,5.28,5.34,5.35,5.46,825,,,,,,,,,,,
08/01/2024,SOFR,5.35,5.3,5.34,5.46,5.51,2211,,,,,,,,,,,
07/31/2024,EFFR,5.33,5.31,5.32,5.33,5.45,78,5.25,5.5,,,,,,,,,
07/31/2024,OBFR,5.32,5.24,5.31,5.33,5.4,220,,,,,,,,,,,
07/31/2024,TGCR,5.34,5.28,5.34,5.34,5.39,797,,,,,,,,,,,
07/31/2024,BGCR,5.34,5.28,5.34,5.34,5.49,820,,,,,,,,,,,
07/31/2024,SOFR,5.38,5.3,5.34,5.47,5.51,2185,,,,,,,,,,,
07/30/2024,EFFR,5.33,5.31,5.32,5.34,5.35,87,5.25,5.5,,,,,,,,,
07/30/2024,OBFR,5.32,5.24,5.32,5.33,5.4,240,,,,,,,,,,,
07/30/2024,TGCR,5.32,5.26,5.32,5.32,5.34,786,,,,,,,,,,,
07/30/2024,BGCR,5.32,5.27,5.32,5.32,5.4,808,,,,,,,,,,,
07/30/2024,SOFR,5.33,5.3,5.32,5.4,5.45,1978,,,,,,,,,,,
07/29/2024,EFFR,5.33,5.31,5.32,5.33,5.46,90,5.25,5.5,,,,,,,,,
07/29/2024,OBFR,5.32,5.24,5.31,5.33,5.4,241,,,,,,,,,,,
07/29/2024,TGCR,5.33,5.26,5.32,5.33,5.36,770,,,,,,,,,,,
07/29/2024,BGCR,5.33,5.26,5.32,5.33,5.4,795,,,,,,,,,,,
07/29/2024,SOFR,5.33,5.3,5.33,5.41,5.46,1982,,,,,,,,,,,
07/26/2024,EFFR,5.33,5.31,5.32,5.34,5.44,85,5.25,5.5,,,,,,,,,
07/26/2024,OBFR,5.32,5.24,5.31,5.33,5.4,223,,,,,,,,,,,
07/26/2024,TGCR,5.34,5.25,5.34,5.34,5.36,779,,,,,,,,,,,
07/26/2024,BGCR,5.34,5.25,5.34,5.34,5.44,806,,,,,,,,,,,
07/26/2024,SOFR,5.35,5.3,5.34,5.45,5.5,2027,,,,,,,,,,,
07/25/2024,EFFR,5.33,5.31,5.32,5.34,5.45,88,5.25,5.5,,,,,,,,,
07/25/2024,OBFR,5.32,5.24,5.31,5.33,5.4,226,,,,,,,,,,,
07/25/2024,TGCR,5.34,5.27,5.34,5.34,5.37,791,,,,,,,,,,,
07/25/2024,BGCR,5.34,5.27,5.34,5.34,5.43,813,,,,,,,,,,,
07/25/2024,SOFR,5.35,5.3,5.34,5.45,5.49,2129,,,,,,,,,,,
07/24/2024,EFFR,5.33,5.31,5.32,5.34,5.45,86,5.25,5.5,,,,,,,,,
07/24/2024,OBFR,5.32,5.24,5.32,5.33,5.4,219,,,,,,,,,,,
07/24/2024,TGCR,5.33,5.27,5.33,5.33,5.35,778,,,,,,,,,,,
07/24/2024,BGCR,5.33,5.27,5.33,5.33,5.4,799,,,,,,,,,,,
07/24/2024,SOFR,5.34,5.3,5.33,5.42,5.47,2083,,,,,,,,,,,
07/23/2024,EFFR,5.33,5.31,5.32,5.34,5.45,85,5.25,5.5,,,,,,,,,
07/23/2024,OBFR,5.32,5.25,5.31,5.33,5.4,225,,,,,,,,,,,
07/23/2024,TGCR,5.32,5.27,5.32,5.32,5.35,773,,,,,,,,,,,
07/23/2024,BGCR,5.32,5.27,5.32,5.32,5.4,796,,,,,,,,,,,
07/23/2024,SOFR,5.34,5.3,5.32,5.41,5.45,2011,,,,,,,,,,,
07/22/2024,EFFR,5.33,5.31,5.32,5.34,5.45,84,5.25,5.5,,,,,,,,,
07/22/2024,OBFR,5.32,5.25,5.31,5.33,5.38,226,,,,,,,,,,,
07/22/2024,TGCR,5.32,5.25,5.32,5.32,5.35,769,,,,,,,,,,,
07/22/2024,BGCR,5.32,5.25,5.32,5.32,5.4,792,,,,,,,,,,,
07/22/2024,SOFR,5.33,5.28,5.32,5.4,5.44,2120,,,,,,,,,,,
07/19/2024,EFFR,5.33,5.31,5.32,5.34,5.45,79,5.25,5.5,,,,,,,,,
07/19/2024,OBFR,5.32,5.25,5.31,5.33,5.4,223,,,,,,,,,,,
07/19/2024,TGCR,5.32,5.27,5.32,5.32,5.35,770,,,,,,,,,,,
07/19/2024,BGCR,5.32,5.27,5.32,5.32,5.4,791,,,,,,,,,,,
07/19/2024,SOFR,5.34,5.3,5.32,5.41,5.45,1992,,,,,,,,,,,
07/18/2024,EFFR,5.33,5.31,5.32,5.34,5.35,83,5.25,5.5,,,,,,,,,
07/18/2024,OBFR,5.32,5.24,5.31,5.33,5.4,241,,,,,,,,,,,
07/18/2024,TGCR,5.32,5.27,5.32,5.33,5.36,778,,,,,,,,,,,
07/18/2024,BGCR,5.32,5.27,5.32,5.33,5.42,799,,,,,,,,,,,
07/18/2024,SOFR,5.34,5.3,5.32,5.41,5.46,2014,,,,,,,,,,,
07/17/2024,EFFR,5.33,5.31,5.33,5.34,5.45,80,5.25,5.5,,,,,,,,,
07/17/2024,OBFR,5.32,5.24,5.31,5.33,5.4,235,,,,,,,,,,,
07/17/2024,TGCR,5.33,5.27,5.33,5.34,5.37,770,,,,,,,,,,,
07/17/2024,BGCR,5.33,5.27,5.33,5.34,5.43,788,,,,,,,,,,,
07/17/2024,SOFR,5.35,5.3,5.34,5.44,5.49,2025,,,,,,,,,,,
07/16/2024,EFFR,5.33,5.31,5.32,5.34,5.45,85,5.25,5.5,,,,,,,,,
07/16/2024,OBFR,5.32,5.25,5.31,5.33,5.4,234,,,,,,,,,,,
07/16/2024,TGCR,5.33,5.28,5.33,5.34,5.39,776,,,,,,,,,,,
07/16/2024,BGCR,5.34,5.28,5.33,5.34,5.43,790,,,,,,,,,,,
07/16/2024,SOFR,5.35,5.3,5.34,5.45,5.49,2061,,,,,,,,,,,
07/15/2024,EFFR,5.33,5.31,5.32,5.34,5.45,88,5.25,5.5,,,,,,,,,
07/15/2024,OBFR,5.32,5.24,5.31,5.33,5.4,245,,,,,,,,,,,
07/15/2024,TGCR,5.33,5.28,5.33,5.33,5.37,770,,,,,,,,,,,
07/15/2024,BGCR,5.33,5.28,5.33,5.33,5.43,792,,,,,,,,,,,
07/15/2024,SOFR,5.34,5.3,5.33,5.44,5.48,2175,,,,,,,,,,,
07/12/2024,EFFR,5.33,5.31,5.32,5.34,5.45,88,5.25,5.5,,,,,,,,,
07/12/2024,OBFR,5.32,5.24,5.31,5.33,5.4,263,,,,,,,,,,,
07/12/2024,TGCR,5.32,5.27,5.32,5.33,5.36,756,,,,,,,,,,,
07/12/2024,BGCR,5.32,5.27,5.32,5.33,5.41,774,,,,,,,,,,,
07/12/2024,SOFR,5.34,5.3,5.32,5.41,5.45,1900,,,,,,,,,,,
07/11/2024,EFFR,5.33,5.31,5.32,5.34,5.45,90,5.25,5.5,,,,,,,,,
07/11/2024,OBFR,5.32,5.25,5.31,5.33,5.4,270,,,,,,,,,,,
07/11/2024,TGCR,5.32,5.27,5.32,5.33,5.35,755,,,,,,,,,,,
07/11/2024,BGCR,5.32,5.27,5.32,5.33,5.41,773,,,,,,,,,,,
07/11/2024,SOFR,5.34,5.3,5.32,5.41,5.45,1920,,,,,,,,,,,
07/10/2024,EFFR,5.33,5.31,5.32,5.34,5.45,88,5.25,5.5,,,,,,,,,
07/10/2024,OBFR,5.32,5.25,5.31,5.33,5.4,257,,,,,,,,,,,
07/10/2024,TGCR,5.33,5.27,5.32,5.33,5.35,745,,,,,,,,,,,
07/10/2024,BGCR,5.33,5.27,5.32,5.33,5.42,767,,,,,,,,,,,
07/10/2024,SOFR,5.34,5.3,5.33,5.42,5.46,1949,,,,,,,,,,,
07/09/2024,EFFR,5.33,5.31,5.32,5.34,5.45,84,5.25,5.5,,,,,,,,,
07/09/2024,OBFR,5.32,5.24,5.31,5.33,5.4,252,,,,,,,,,,,
07/09/2024,TGCR,5.33,5.27,5.32,5.33,5.35,743,,,,,,,,,,,
07/09/2024,BGCR,5.33,5.27,5.32,5.33,5.42,758,,,,,,,,,,,
07/09/2024,SOFR,5.34,5.3,5.33,5.42,5.47,1913,,,,,,,,,,,
07/08/2024,EFFR,5.33,5.31,5.32,5.34,5.45,80,5.25,5.5,,,,,,,,,
07/08/2024,OBFR,5.32,5.24,5.31,5.33,5.4,252,,,,,,,,,,,
07/08/2024,TGCR,5.31,5.26,5.31,5.31,5.34,758,,,,,,,,,,,
07/08/2024,BGCR,5.31,5.26,5.31,5.31,5.38,772,,,,,,,,,,,
07/08/2024,SOFR,5.32,5.29,5.31,5.39,5.43,2090,,,,,,,,,,,
07/05/2024,EFFR,5.33,5.31,5.32,5.34,5.45,89,5.25,5.5,,,,,,,,,
07/05/2024,OBFR,5.32,5.25,5.31,5.33,5.4,262,,,,,,,,,,,
07/05/2024,TGCR,5.31,5.26,5.31,5.31,5.34,748,,,,,,,,,,,
07/05/2024,BGCR,5.31,5.26,5.31,5.31,5.38,763,,,,,,,,,,,
07/05/2024,SOFR,5.32,5.29,5.31,5.39,5.44,2126,,,,,,,,,,,
07/03/2024,EFFR,5.33,5.31,5.32,5.34,5.45,88,5.25,5.5,,,,,,,,,
07/03/2024,OBFR,5.32,5.25,5.31,5.33,5.4,257,,,,,,,,,,,
07/03/2024,TGCR,5.32,5.26,5.32,5.32,5.36,742,,,,,,,,,,,
07/03/2024,BGCR,5.32,5.25,5.32,5.32,5.39,756,,,,,,,,,,,
07/03/2024,SOFR,5.33,5.29,5.32,5.41,5.46,2007,,,,,,,,,,,
07/02/2024,EFFR,5.33,5.31,5.32,5.34,5.45,85,5.25,5.5,,,,,,,,,
07/02/2024,OBFR,5.32,5.25,5.31,5.33,5.4,243,,,,,,,,,,,
07/02/2024,TGCR,5.33,5.27,5.33,5.34,5.41,744,,,,,,,,,,,
07/02/2024,BGCR,5.33,5.27,5.33,5.34,5.44,758,,,,,,,,,,,
07/02/2024,SOFR,5.35,5.3,5.33,5.46,5.5,2110,,,,,,,,,,,
07/01/2024,EFFR,5.33,5.31,5.32,5.34,5.45,85,5.25,5.5,,,,,,,,,
07/01/2024,OBFR,5.32,5.25,5.31,5.33,5.4,239,,,,,,,,,,,
07/01/2024,TGCR,5.33,5.25,5.33,5.34,5.37,733,,,,,,,,,,,
07/01/2024,BGCR,5.33,5.25,5.33,5.34,5.46,752,,,,,,,,,,,
07/01/2024,SOFR,5.4,5.29,5.33,5.47,5.51,1967,,,,,,,,,,,
06/28/2024,EFFR,5.33,5.31,5.32,5.34,5.55,67,5.25,5.5,,,,,,,,,
06/28/2024,OBFR,5.32,5.24,5.31,5.33,5.45,157,,,,,,,,,,,
06/28/2024,TGCR,5.32,5.25,5.32,5.32,5.35,682,,,,,,,,,,,
06/28/2024,BGCR,5.32,5.25,5.32,5.33,5.4,706,,,,,,,,,,,
06/28/2024,SOFR,5.33,5.29,5.32,5.41,5.47,2024,,,,,,,,,,,
06/27/2024,EFFR,5.33,5.31,5.32,5.34,5.45,83,5.25,5.5,,,,,,,,,
06/27/2024,OBFR,5.32,5.25,5.31,5.33,5.4,244,,,,,,,,,,,
06/27/2024,TGCR,5.32,5.25,5.32,5.33,5.35,719,,,,,,,,,,,
06/27/2024,BGCR,5.32,5.25,5.32,5.33,5.39,732,,,,,,,,,,,
06/27/2024,SOFR,5.34,5.29,5.32,5.41,5.48,1888,,,,,,,,,,,
06/26/2024,EFFR,5.33,5.31,5.32,5.34,5.45,82,5.25,5.5,,,,,,,,,
06/26/2024,OBFR,5.32,5.25,5.31,5.33,5.4,248,,,,,,,,,,,
06/26/2024,TGCR,5.33,5.27,5.33,5.34,5.37,725,,,,,,,,,,,
06/26/2024,BGCR,5.33,5.26,5.33,5.34,5.44,740,,,,,,,,,,,
06/26/2024,SOFR,5.34,5.3,5.33,5.45,5.5,1897,,,,,,,,,,,
06/25/2024,EFFR,5.33,5.31,5.32,5.34,5.45,85,5.25,5.5,,,,,,,,,
06/25/2024,OBFR,5.32,5.24,5.31,5.33,5.4,252,,,,,,,,,,,
06/25/2024,TGCR,5.32,5.27,5.32,5.33,5.37,739,,,,,,,,,,,
06/25/2024,BGCR,5.32,5.27,5.32,5.33,5.42,751,,,,,,,,,,,
06/25/2024,SOFR,5.33,5.3,5.32,5.41,5.46,1968,,,,,,,,,,,
06/24/2024,EFFR,5.33,5.31,5.32,5.34,5.46,76,5.25,5.5,,,,,,,,,
06/24/2024,OBFR,5.32,5.23,5.31,5.33,5.4,263,,,,,,,,,,,
06/24/2024,TGCR,5.3,5.25,5.3,5.31,5.33,737,,,,,,,,,,,
06/24/2024,BGCR,5.3,5.25,5.3,5.31,5.37,755,,,,,,,,,,,
06/24/2024,SOFR,5.31,5.28,5.3,5.36,5.4,1992,,,,,,,,,,,
06/21/2024,EFFR,5.33,5.31,5.32,5.34,5.5,78,5.25,5.5,,,,,,,,,
06/21/2024,OBFR,5.32,5.25,5.31,5.33,5.4,265,,,,,,,,,,,
06/21/2024,TGCR,5.3,5.25,5.3,5.31,5.33,746,,,,,,,,,,,
06/21/2024,BGCR,5.3,5.25,5.3,5.31,5.37,760,,,,,,,,,,,
06/21/2024,SOFR,5.31,5.28,5.3,5.35,5.41,1991,,,,,,,,,,,
06/20/2024,EFFR,5.33,5.31,5.32,5.34,5.46,83,5.25,5.5,,,,,,,,,
06/20/2024,OBFR,5.32,5.25,5.31,5.33,5.4,260,,,,,,,,,,,
06/20/2024,TGCR,5.31,5.25,5.31,5.31,5.34,749,,,,,,,,,,,
06/20/2024,BGCR,5.31,5.25,5.31,5.31,5.36,767,,,,,,,,,,,
06/20/2024,SOFR,5.32,5.27,5.31,5.37,5.42,2052,,,,,,,,,,,
06/18/2024,EFFR,5.33,5.31,5.32,5.34,5.45,85,5.25,5.5,,,,,,,,,
06/18/2024,OBFR,5.32,5.24,5.31,5.33,5.4,259,,,,,,,,,,,
06/18/2024,TGCR,5.32,5.25,5.32,5.32,5.36,746,,,,,,,,,,,
06/18/2024,BGCR,5.32,5.25,5.32,5.32,5.41,763,,,,,,,,,,,
06/18/2024,SOFR,5.33,5.29,5.32,5.4,5.45,2021,,,,,,,,,,,
06/17/2024,EFFR,5.33,5.31,5.32,5.34,5.45,83,5.25,5.5,,,,,,,,,
06/17/2024,OBFR,5.32,5.24,5.31,5.33,5.4,261,,,,,,,,,,,
06/17/2024,TGCR,5.32,5.26,5.31,5.32,5.35,756,,,,,,,,,,,
06/17/2024,BGCR,5.32,5.26,5.31,5.32,5.42,772,,,,,,,,,,,
06/17/2024,SOFR,5.33,5.3,5.32,5.41,5.46,1975,,,,,,,,,,,
06/14/2024,EFFR,5.33,5.31,5.32,5.34,5.45,87,5.25,5.5,,,,,,,,,
06/14/2024,OBFR,5.32,5.25,5.31,5.33,5.39,270,,,,,,,,,,,
06/14/2024,TGCR,5.3,5.25,5.3,5.31,5.34,771,,,,,,,,,,,
06/14/2024,BGCR,5.3,5.25,5.3,5.31,5.37,785,,,,,,,,,,,
06/14/2024,SOFR,5.31,5.28,5.31,5.37,5.41,1855,,,,,,,,,,,
06/13/2024,EFFR,5.33,5.31,5.32,5.34,5.35,99,5.25,5.5,,,,,,,,,
06/13/2024,OBFR,5.32,5.24,5.31,5.33,5.38,280,,,,,,,,,,,
06/13/2024,TGCR,5.31,5.25,5.3,5.31,5.34,756,,,,,,,,,,,
06/13/2024,BGCR,5.31,5.25,5.3,5.31,5.37,769,,,,,,,,,,,
06/13/2024,SOFR,5.31,5.29,5.3,5.36,5.41,2035,,,,,,,,,,,
06/12/2024,EFFR,5.33,5.31,5.32,5.34,5.45,93,5.25,5.5,,,,,,,,,
06/12/2024,OBFR,5.32,5.24,5.31,5.33,5.38,268,,,,,,,,,,,
06/12/2024,TGCR,5.31,5.25,5.3,5.31,5.33,737,,,,,,,,,,,
06/12/2024,BGCR,5.31,5.25,5.3,5.31,5.37,755,,,,,,,,,,,
06/12/2024,SOFR,5.31,5.28,5.3,5.35,5.41,1957,,,,,,,,,,,
06/11/2024,EFFR,5.33,5.31,5.32,5.34,5.45,95,5.25,5.5,,,,,,,,,
06/11/2024,OBFR,5.32,5.24,5.31,5.33,5.39,271,,,,,,,,,,,
06/11/2024,TGCR,5.31,5.25,5.31,5.31,5.33,735,,,,,,,,,,,
06/11/2024,BGCR,5.31,5.25,5.31,5.31,5.38,750,,,,,,,,,,,
06/11/2024,SOFR,5.32,5.28,5.31,5.37,5.42,1946,,,,,,,,,,,
06/10/2024,EFFR,5.33,5.31,5.32,5.34,5.45,93,5.25,5.5,,,,,,,,,
06/10/2024,OBFR,5.32,5.25,5.31,5.33,5.38,263,,,,,,,,,,,
06/10/2024,TGCR,5.32,5.25,5.32,5.32,5.34,737,,,,,,,,,,,
06/10/2024,BGCR,5.32,5.25,5.32,5.32,5.39,751,,,,,,,,,,,
06/10/2024,SOFR,5.32,5.27,5.32,5.38,5.43,1847,,,,,,,,,,,
06/07/2024,EFFR,5.33,5.31,5.32,5.34,5.45,100,5.25,5.5,,,,,,,,,
06/07/2024,OBFR,5.32,5.25,5.31,5.33,5.38,281,,,,,,,,,,,
06/07/2024,TGCR,5.32,5.26,5.32,5.32,5.34,742,,,,,,,,,,,
06/07/2024,BGCR,5.32,5.26,5.32,5.32,5.41,758,,,,,,,,,,,
06/07/2024,SOFR,5.33,5.29,5.32,5.4,5.44,1934,,,,,,,,,,,
06/06/2024,EFFR,5.33,5.31,5.32,5.34,5.45,105,5.25,5.5,,,,,,,,,
06/06/2024,OBFR,5.32,5.25,5.31,5.33,5.39,285,,,,,,,,,,,
06/06/2024,TGCR,5.32,5.27,5.32,5.32,5.35,750,,,,,,,,,,,
06/06/2024,BGCR,5.32,5.27,5.32,5.32,5.41,771,,,,,,,,,,,
06/06/2024,SOFR,5.33,5.29,5.32,5.4,5.44,2008,,,,,,,,,,,
06/05/2024,EFFR,5.33,5.31,5.32,5.34,5.46,105,5.25,5.5,,,,,,,,,
06/05/2024,OBFR,5.32,5.25,5.31,5.33,5.38,278,,,,,,,,,,,
06/05/2024,TGCR,5.32,5.27,5.31,5.32,5.35,745,,,,,,,,,,,
06/05/2024,BGCR,5.32,5.27,5.32,5.32,5.4,762,,,,,,,,,,,
06/05/2024,SOFR,5.33,5.3,5.32,5.39,5.43,1989,,,,,,,,,,,
06/04/2024,EFFR,5.33,5.31,5.32,5.34,5.46,100,5.25,5.5,,,,,,,,,
06/04/2024,OBFR,5.32,5.25,5.31,5.33,5.38,280,,,,,,,,,,,
06/04/2024,TGCR,5.32,5.27,5.32,5.32,5.36,769,,,,,,,,,,,
06/04/2024,BGCR,5.32,5.27,5.32,5.32,5.4,787,,,,,,,,,,,
06/04/2024,SOFR,5.33,5.29,5.32,5.4,5.44,2092,,,,,,,,,,,
06/03/2024,EFFR,5.33,5.31,5.32,5.34,5.46,93,5.25,5.5,,,,,,,,,
06/03/2024,OBFR,5.32,5.25,5.31,5.33,5.38,275,,,,,,,,,,,
06/03/2024,TGCR,5.32,5.27,5.32,5.32,5.35,764,,,,,,,,,,,
06/03/2024,BGCR,5.32,5.27,5.32,5.32,5.41,781,,,,,,,,,,,
06/03/2024,SOFR,5.35,5.29,5.32,5.4,5.44,1912,,,,,,,,,,,
05/31/2024,EFFR,5.33,5.3,5.32,5.34,5.47,99,5.25,5.5,,,,,,,,,
05/31/2024,OBFR,5.32,5.25,5.31,5.33,5.4,267,,,,,,,,,,,
05/31/2024,TGCR,5.33,5.28,5.32,5.33,5.36,771,,,,,,,,,,,
05/31/2024,BGCR,5.33,5.28,5.32,5.33,5.43,794,,,,,,,,,,,
05/31/2024,SOFR,5.34,5.3,5.33,5.43,5.48,2061,,,,,,,,,,,
05/30/2024,EFFR,5.33,5.31,5.32,5.34,5.46,96,5.25,5.5,,,,,,,,,
05/30/2024,OBFR,5.32,5.25,5.31,5.33,5.38,280,,,,,,,,,,,
05/30/2024,TGCR,5.32,5.27,5.32,5.33,5.36,725,,,,,,,,,,,
05/30/2024,BGCR,5.32,5.27,5.32,5.33,5.41,746,,,,,,,,,,,
05/30/2024,SOFR,5.33,5.29,5.32,5.4,5.46,1824,,,,,,,,,,,
05/29/2024,EFFR,5.33,5.31,5.32,5.34,5.5,88,5.25,5.5,,,,,,,,,
05/29/2024,OBFR,5.32,5.25,5.31,5.33,5.38,271,,,,,,,,,,,
05/29/2024,TGCR,5.32,5.26,5.31,5.32,5.35,719,,,,,,,,,,,
05/29/2024,BGCR,5.32,5.26,5.31,5.32,5.41,736,,,,,,,,,,,
05/29/2024,SOFR,5.33,5.28,5.32,5.4,5.44,1807,,,,,,,,,,,
05/28/2024,EFFR,5.33,5.31,5.32,5.34,5.5,88,5.25,5.5,,,,,,,,,
05/28/2024,OBFR,5.32,5.25,5.31,5.33,5.4,272,,,,,,,,,,,
05/28/2024,TGCR,5.31,5.26,5.31,5.32,5.34,735,,,,,,,,,,,
05/28/2024,BGCR,5.31,5.27,5.31,5.32,5.4,748,,,,,,,,,,,
05/28/2024,SOFR,5.32,5.28,5.31,5.39,5.43,2013,,,,,,,,,,,
05/24/2024,EFFR,5.33,5.31,5.32,5.34,5.5,90,5.25,5.5,,,,,,,,,
05/24/2024,OBFR,5.32,5.25,5.31,5.33,5.4,268,,,,,,,,,,,
05/24/2024,TGCR,5.31,5.26,5.31,5.31,5.33,718,,,,,,,,,,,
05/24/2024,BGCR,5.31,5.26,5.31,5.31,5.37,728,,,,,,,,,,,
05/24/2024,SOFR,5.32,5.28,5.31,5.37,5.41,1909,,,,,,,,,,,
05/23/2024,EFFR,5.33,5.31,5.32,5.34,5.5,82,5.25,5.5,,,,,,,,,
05/23/2024,OBFR,5.32,5.25,5.31,5.33,5.4,267,,,,,,,,,,,
05/23/2024,TGCR,5.3,5.25,5.3,5.31,5.33,715,,,,,,,,,,,
05/23/2024,BGCR,5.3,5.25,5.3,5.31,5.36,725,,,,,,,,,,,
05/23/2024,SOFR,5.31,5.28,5.3,5.35,5.39,1916,,,,,,,,,,,
05/22/2024,EFFR,5.33,5.31,5.33,5.34,5.5,80,5.25,5.5,,,,,,,,,
05/22/2024,OBFR,5.32,5.25,5.31,5.33,5.4,265,,,,,,,,,,,
05/22/2024,TGCR,5.3,5.25,5.3,5.31,5.33,713,,,,,,,,,,,
05/22/2024,BGCR,5.3,5.25,5.3,5.31,5.35,725,,,,,,,,,,,
05/22/2024,SOFR,5.31,5.28,5.3,5.35,5.39,1900,,,,,,,,,,,
05/21/2024,EFFR,5.33,5.31,5.33,5.34,5.5,76,5.25,5.5,,,,,,,,,
05/21/2024,OBFR,5.32,5.25,5.31,5.33,5.38,265,,,,,,,,,,,
05/21/2024,TGCR,5.3,5.25,5.3,5.31,5.33,715,,,,,,,,,,,
05/21/2024,BGCR,5.3,5.25,5.3,5.31,5.35,726,,,,,,,,,,,
05/21/2024,SOFR,5.31,5.28,5.3,5.35,5.39,1929,,,,,,,,,,,
05/20/2024,EFFR,5.33,5.31,5.32,5.34,5.5,75,5.25,5.5,,,,,,,,,
05/20/2024,OBFR,5.32,5.25,5.31,5.33,5.38,265,,,,,,,,,,,
05/20/2024,TGCR,5.3,5.25,5.3,5.31,5.33,707,,,,,,,,,,,
05/20/2024,BGCR,5.3,5.25,5.3,5.31,5.35,717,,,,,,,,,,,
05/20/2024,SOFR,5.31,5.28,5.3,5.35,5.39,1866,,,,,,,,,,,
05/17/2024,EFFR,5.33,5.31,5.32,5.34,5.5,77,5.25,5.5,,,,,,,,,
05/17/2024,OBFR,5.32,5.24,5.31,5.33,5.37,269,,,,,,,,,,,
05/17/2024,TGCR,5.3,5.25,5.3,5.31,5.33,711,,,,,,,,,,,
05/17/2024,BGCR,5.3,5.25,5.3,5.31,5.36,722,,,,,,,,,,,
05/17/2024,SOFR,5.31,5.28,5.3,5.35,5.39,1964,,,,,,,,,,,
05/16/2024,EFFR,5.33,5.31,5.32,5.34,5.5,78,5.25,5.5,,,,,,,,,
05/16/2024,OBFR,5.32,5.24,5.31,5.33,5.4,265,,,,,,,,,,,
05/16/2024,TGCR,5.3,5.25,5.3,5.31,5.33,737,,,,,,,,,,,
05/16/2024,BGCR,5.3,5.25,5.3,5.31,5.39,753,,,,,,,,,,,
05/16/2024,SOFR,5.31,5.28,5.3,5.35,5.41,2001,,,,,,,,,,,
05/15/2024,EFFR,5.33,5.31,5.33,5.34,5.5,78,5.25,5.5,,,,,,,,,
05/15/2024,OBFR,5.32,5.24,5.31,5.33,5.4,266,,,,,,,,,,,
05/15/2024,TGCR,5.3,5.25,5.3,5.3,5.33,719,,,,,,,,,,,
05/15/2024,BGCR,5.3,5.25,5.3,5.31,5.37,735,,,,,,,,,,,
05/15/2024,SOFR,5.31,5.28,5.3,5.34,5.38,1936,,,,,,,,,,,
05/14/2024,EFFR,5.33,5.31,5.33,5.34,5.5,76,5.25,5.5,,,,,,,,,
05/14/2024,OBFR,5.32,5.25,5.31,5.33,5.4,265,,,,,,,,,,,
05/14/2024,TGCR,5.3,5.25,5.3,5.3,5.33,713,,,,,,,,,,,
05/14/2024,BGCR,5.3,5.25,5.3,5.31,5.35,736,,,,,,,,,,,
05/14/2024,SOFR,5.31,5.28,5.3,5.34,5.38,1838,,,,,,,,,,,
05/13/2024,EFFR,5.33,5.31,5.33,5.34,5.5,76,5.25,5.5,,,,,,,,,
05/13/2024,OBFR,5.32,5.25,5.31,5.33,5.4,269,,,,,,,,,,,
05/13/2024,TGCR,5.3,5.25,5.3,5.3,5.33,702,,,,,,,,,,,
05/13/2024,BGCR,5.3,5.25,5.3,5.3,5.34,719,,,,,,,,,,,
05/13/2024,SOFR,5.31,5.27,5.3,5.33,5.38,1805,,,,,,,,,,,
05/10/2024,EFFR,5.33,5.31,5.32,5.34,5.5,79,5.25,5.5,,,,,,,,,
05/10/2024,OBFR,5.32,5.25,5.31,5.33,5.38,265,,,,,,,,,,,
05/10/2024,TGCR,5.3,5.25,5.3,5.31,5.33,709,,,,,,,,,,,
05/10/2024,BGCR,5.3,5.25,5.3,5.31,5.35,722,,,,,,,,,,,
05/10/2024,SOFR,5.31,5.28,5.3,5.34,5.39,1816,,,,,,,,,,,
05/09/2024,EFFR,5.33,5.31,5.32,5.34,5.5,79,5.25,5.5,,,,,,,,,
05/09/2024,OBFR,5.32,5.25,5.31,5.33,5.38,271,,,,,,,,,,,
05/09/2024,TGCR,5.3,5.25,5.3,5.31,5.33,706,,,,,,,,,,,
05/09/2024,BGCR,5.3,5.25,5.3,5.31,5.35,717,,,,,,,,,,,
05/09/2024,SOFR,5.31,5.28,5.3,5.35,5.39,1871,,,,,,,,,,,
05/08/2024,EFFR,5.33,5.31,5.32,5.34,5.5,77,5.25,5.5,,,,,,,,,
05/08/2024,OBFR,5.32,5.25,5.31,5.33,5.4,259,,,,,,,,,,,
05/08/2024,TGCR,5.3,5.25,5.3,5.31,5.33,705,,,,,,,,,,,
05/08/2024,BGCR,5.3,5.25,5.3,5.31,5.36,716,,,,,,,,,,,
05/08/2024,SOFR,5.31,5.27,5.3,5.35,5.39,1845,,,,,,,,,,,
05/07/2024,EFFR,5.33,5.31,5.32,5.34,5.5,78,5.25,5.5,,,,,,,,,
05/07/2024,OBFR,5.32,5.25,5.31,5.33,5.4,258,,,,,,,,,,,
05/07/2024,TGCR,5.3,5.25,5.3,5.31,5.33,703,,,,,,,,,,,
05/07/2024,BGCR,5.3,5.25,5.3,5.31,5.36,714,,,,,,,,,,,
05/07/2024,SOFR,5.31,5.28,5.3,5.35,5.4,1864,,,,,,,,,,,
05/06/2024,EFFR,5.33,5.31,5.32,5.34,5.5,75,5.25,5.5,,,,,,,,,
05/06/2024,OBFR,5.32,5.24,5.31,5.33,5.4,259,,,,,,,,,,,
05/06/2024,TGCR,5.3,5.25,5.3,5.31,5.33,700,,,,,,,,,,,
05/06/2024,BGCR,5.3,5.25,5.3,5.31,5.35,712,,,,,,,,,,,
05/06/2024,SOFR,5.31,5.28,5.3,5.35,5.4,1855,,,,,,,,,,,
05/03/2024,EFFR,5.33,5.31,5.32,5.34,5.5,82,5.25,5.5,,,,,,,,,
05/03/2024,OBFR,5.32,5.25,5.31,5.33,5.4,265,,,,,,,,,,,
05/03/2024,TGCR,5.3,5.25,5.3,5.31,5.33,695,,,,,,,,,,,
05/03/2024,BGCR,5.3,5.25,5.3,5.31,5.35,706,,,,,,,,,,,
05/03/2024,SOFR,5.31,5.28,5.3,5.35,5.4,1863,,,,,,,,,,,
05/02/2024,EFFR,5.33,5.31,5.32,5.34,5.5,83,5.25,5.5,,,,,,,,,
05/02/2024,OBFR,5.32,5.25,5.31,5.33,5.4,268,,,,,,,,,,,
05/02/2024,TGCR,5.31,5.25,5.3,5.31,5.33,697,,,,,,,,,,,
05/02/2024,BGCR,5.31,5.25,5.3,5.31,5.37,703,,,,,,,,,,,
05/02/2024,SOFR,5.31,5.28,5.31,5.36,5.41,1838,,,,,,,,,,,
05/01/2024,EFFR,5.33,5.31,5.32,5.34,5.5,83,5.25,5.5,,,,,,,,,
05/01/2024,OBFR,5.32,5.25,5.31,5.33,5.38,250,,,,,,,,,,,
05/01/2024,TGCR,5.31,5.25,5.31,5.31,5.35,693,,,,,,,,,,,
05/01/2024,BGCR,5.31,5.25,5.31,5.31,5.38,708,,,,,,,,,,,
05/01/2024,SOFR,5.32,5.28,5.31,5.38,5.43,1955,,,,,,,,,,,
04/30/2024,EFFR,5.33,5.3,5.32,5.34,5.5,82,5.25,5.5,,,,,,,,,
04/30/2024,OBFR,5.32,5.22,5.31,5.33,5.42,241,,,,,,,,,,,
04/30/2024,TGCR,5.31,5.27,5.31,5.32,5.36,701,,,,,,,,,,,
04/30/2024,BGCR,5.31,5.27,5.31,5.32,5.42,718,,,,,,,,,,,
04/30/2024,SOFR,5.34,5.29,5.31,5.4,5.5,1831,,,,,,,,,,,
04/29/2024,EFFR,5.33,5.31,5.32,5.34,5.5,78,5.25,5.5,,,,,,,,,
04/29/2024,OBFR,5.32,5.25,5.31,5.33,5.4,257,,,,,,,,,,,
04/29/2024,TGCR,5.31,5.25,5.31,5.31,5.34,666,,,,,,,,,,,
04/29/2024,BGCR,5.31,5.25,5.31,5.31,5.38,696,,,,,,,,,,,
04/29/2024,SOFR,5.32,5.28,5.31,5.38,5.43,1781,,,,,,,,,,,
04/26/2024,EFFR,5.33,5.31,5.32,5.34,5.5,94,5.25,5.5,,,,,,,,,
04/26/2024,OBFR,5.32,5.25,5.31,5.33,5.4,270,,,,,,,,,,,
04/26/2024,TGCR,5.31,5.25,5.31,5.31,5.34,673,,,,,,,,,,,
04/26/2024,BGCR,5.31,5.25,5.31,5.31,5.37,688,,,,,,,,,,,
04/26/2024,SOFR,5.32,5.28,5.31,5.38,5.43,1795,,,,,,,,,,,
04/25/2024,EFFR,5.33,5.31,5.32,5.34,5.5,89,5.25,5.5,,,,,,,,,
04/25/2024,OBFR,5.32,5.24,5.31,5.33,5.4,264,,,,,,,,,,,
04/25/2024,TGCR,5.31,5.25,5.31,5.31,5.34,681,,,,,,,,,,,
04/25/2024,BGCR,5.31,5.25,5.31,5.31,5.37,690,,,,,,,,,,,
04/25/2024,SOFR,5.31,5.28,5.31,5.37,5.42,1774,,,,,,,,,,,
04/24/2024,EFFR,5.33,5.31,5.33,5.34,5.55,71,5.25,5.5,,,,,,,,,
04/24/2024,OBFR,5.32,5.24,5.31,5.33,5.42,248,,,,,,,,,,,
04/24/2024,TGCR,5.3,5.25,5.3,5.31,5.33,664,,,,,,,,,,,
04/24/2024,BGCR,5.3,5.25,5.3,5.31,5.35,673,,,,,,,,,,,
04/24/2024,SOFR,5.31,5.28,5.3,5.35,5.4,1778,,,,,,,,,,,
04/23/2024,EFFR,5.33,5.31,5.32,5.34,5.5,74,5.25,5.5,,,,,,,,,
04/23/2024,OBFR,5.32,5.24,5.31,5.33,5.4,253,,,,,,,,,,,
04/23/2024,TGCR,5.3,5.24,5.3,5.3,5.33,679,,,,,,,,,,,
04/23/2024,BGCR,5.3,5.24,5.3,5.3,5.34,689,,,,,,,,,,,
04/23/2024,SOFR,5.31,5.27,5.3,5.34,5.39,1757,,,,,,,,,,,
04/22/2024,EFFR,5.33,5.31,5.32,5.34,5.46,79,5.25,5.5,,,,,,,,,
04/22/2024,OBFR,5.32,5.24,5.31,5.33,5.4,255,,,,,,,,,,,
04/22/2024,TGCR,5.3,5.25,5.3,5.3,5.32,687,,,,,,,,,,,
04/22/2024,BGCR,5.3,5.25,5.3,5.3,5.33,697,,,,,,,,,,,
04/22/2024,SOFR,5.31,5.27,5.3,5.34,5.38,1746,,,,,,,,,,,
04/19/2024,EFFR,5.33,5.31,5.32,5.34,5.45,85,5.25,5.5,,,,,,,,,
04/19/2024,OBFR,5.32,5.24,5.31,5.33,5.39,256,,,,,,,,,,,
04/19/2024,TGCR,5.3,5.25,5.3,5.3,5.32,689,,,,,,,,,,,
04/19/2024,BGCR,5.3,5.25,5.3,5.3,5.33,701,,,,,,,,,,,
04/19/2024,SOFR,5.31,5.27,5.3,5.34,5.38,1780,,,,,,,,,,,
04/18/2024,EFFR,5.33,5.31,5.32,5.34,5.46,82,5.25,5.5,,,,,,,,,
04/18/2024,OBFR,5.32,5.24,5.31,5.33,5.4,246,,,,,,,,,,,
04/18/2024,TGCR,5.3,5.25,5.3,5.3,5.33,690,,,,,,,,,,,
04/18/2024,BGCR,5.3,5.25,5.3,5.3,5.33,702,,,,,,,,,,,
04/18/2024,SOFR,5.3,5.28,5.3,5.33,5.39,1764,,,,,,,,,,,
04/17/2024,EFFR,5.33,5.31,5.32,5.34,5.45,80,5.25,5.5,,,,,,,,,
04/17/2024,OBFR,5.32,5.24,5.31,5.33,5.38,243,,,,,,,,,,,
04/17/2024,TGCR,5.3,5.25,5.3,5.3,5.33,685,,,,,,,,,,,
04/17/2024,BGCR,5.3,5.25,5.3,5.31,5.33,701,,,,,,,,,,,
04/17/2024,SOFR,5.31,5.27,5.3,5.33,5.39,1731,,,,,,,,,,,
04/16/2024,EFFR,5.33,5.31,5.32,5.34,5.46,83,5.25,5.5,,,,,,,,,
04/16/2024,OBFR,5.32,5.24,5.31,5.33,5.4,244,,,,,,,,,,,
04/16/2024,TGCR,5.31,5.26,5.3,5.31,5.34,696,,,,,,,,,,,
04/16/2024,BGCR,5.31,5.26,5.3,5.31,5.36,705,,,,,,,,,,,
04/16/2024,SOFR,5.31,5.28,5.31,5.36,5.41,1809,,,,,,,,,,,
04/15/2024,EFFR,5.33,5.31,5.33,5.34,5.46,83,5.25,5.5,,,,,,,,,
04/15/2024,OBFR,5.32,5.25,5.31,5.33,5.38,244,,,,,,,,,,,
04/15/2024,TGCR,5.31,5.25,5.31,5.32,5.34,695,,,,,,,,,,,
04/15/2024,BGCR,5.31,5.25,5.31,5.32,5.39,705,,,,,,,,,,,
04/15/2024,SOFR,5.32,5.28,5.31,5.39,5.43,1938,,,,,,,,,,,
04/12/2024,EFFR,5.33,5.31,5.32,5.34,5.35,88,5.25,5.5,,,,,,,,,
04/12/2024,OBFR,5.32,5.25,5.31,5.33,5.38,243,,,,,,,,,,,
04/12/2024,TGCR,5.3,5.25,5.3,5.31,5.33,687,,,,,,,,,,,
04/12/2024,BGCR,5.3,5.25,5.3,5.31,5.36,701,,,,,,,,,,,
04/12/2024,SOFR,5.31,5.27,5.3,5.35,5.4,1805,,,,,,,,,,,
04/11/2024,EFFR,5.33,5.31,5.32,5.34,5.35,92,5.25,5.5,,,,,,,,,
04/11/2024,OBFR,5.32,5.25,5.31,5.33,5.38,247,,,,,,,,,,,
04/11/2024,TGCR,5.3,5.25,5.3,5.31,5.33,688,,,,,,,,,,,
04/11/2024,BGCR,5.3,5.25,5.3,5.31,5.35,699,,,,,,,,,,,
04/11/2024,SOFR,5.31,5.28,5.3,5.35,5.39,1857,,,,,,,,,,,
04/10/2024,EFFR,5.33,5.31,5.33,5.34,5.35,86,5.25,5.5,,,,,,,,,
04/10/2024,OBFR,5.32,5.24,5.31,5.33,5.38,251,,,,,,,,,,,
04/10/2024,TGCR,5.3,5.25,5.3,5.31,5.33,698,,,,,,,,,,,
04/10/2024,BGCR,5.3,5.25,5.3,5.31,5.35,707,,,,,,,,,,,
04/10/2024,SOFR,5.31,5.28,5.3,5.35,5.39,1909,,,,,,,,,,,
04/09/2024,EFFR,5.33,5.31,5.33,5.34,5.35,85,5.25,5.5,,,,,,,,,
04/09/2024,OBFR,5.32,5.24,5.31,5.33,5.39,245,,,,,,,,,,,
04/09/2024,TGCR,5.31,5.26,5.3,5.31,5.33,705,,,,,,,,,,,
04/09/2024,BGCR,5.31,5.26,5.3,5.31,5.35,714,,,,,,,,,,,
04/09/2024,SOFR,5.31,5.28,5.31,5.35,5.4,1826,,,,,,,,,,,
04/08/2024,EFFR,5.33,5.31,5.33,5.34,5.45,82,5.25,5.5,,,,,,,,,
04/08/2024,OBFR,5.32,5.24,5.31,5.33,5.39,245,,,,,,,,,,,
04/08/2024,TGCR,5.31,5.25,5.3,5.31,5.34,688,,,,,,,,,,,
04/08/2024,BGCR,5.31,5.25,5.3,5.31,5.37,700,,,,,,,,,,,
04/08/2024,SOFR,5.31,5.28,5.31,5.36,5.41,1807,,,,,,,,,,,
04/05/2024,EFFR,5.33,5.31,5.32,5.34,5.35,88,5.25,5.5,,,,,,,,,
04/05/2024,OBFR,5.32,5.24,5.31,5.33,5.39,247,,,,,,,,,,,
04/05/2024,TGCR,5.31,5.27,5.31,5.31,5.34,695,,,,,,,,,,,
04/05/2024,BGCR,5.31,5.27,5.31,5.31,5.37,705,,,,,,,,,,,
04/05/2024,SOFR,5.32,5.28,5.31,5.38,5.42,1898,,,,,,,,,,,
04/04/2024,EFFR,5.33,5.31,5.32,5.34,5.35,93,5.25,5.5,,,,,,,,,
04/04/2024,OBFR,5.32,5.24,5.31,5.33,5.4,256,,,,,,,,,,,
04/04/2024,TGCR,5.31,5.27,5.3,5.31,5.33,697,,,,,,,,,,,
04/04/2024,BGCR,5.31,5.27,5.31,5.31,5.37,710,,,,,,,,,,,
04/04/2024,SOFR,5.32,5.28,5.31,5.37,5.41,1974,,,,,,,,,,,
04/03/2024,EFFR,5.33,5.31,5.32,5.34,5.35,93,5.25,5.5,,,,,,,,,
04/03/2024,OBFR,5.32,5.24,5.31,5.33,5.4,242,,,,,,,,,,,
04/03/2024,TGCR,5.31,5.26,5.31,5.31,5.35,679,,,,,,,,,,,
04/03/2024,BGCR,5.31,5.26,5.31,5.31,5.38,695,,,,,,,,,,,
04/03/2024,SOFR,5.32,5.28,5.31,5.38,5.43,1985,,,,,,,,,,,
04/02/2024,EFFR,5.33,5.31,5.32,5.34,5.35,94,5.25,5.5,,,,,,,,,
04/02/2024,OBFR,5.32,5.24,5.31,5.33,5.4,239,,,,,,,,,,,
04/02/2024,TGCR,5.33,5.26,5.33,5.33,5.36,668,,,,,,,,,,,
04/02/2024,BGCR,5.33,5.26,5.33,5.33,5.44,684,,,,,,,,,,,
04/02/2024,SOFR,5.34,5.3,5.33,5.45,5.5,1927,,,,,,,,,,,
04/01/2024,EFFR,5.33,5.31,5.32,5.34,5.45,93,5.25,5.5,,,,,,,,,
04/01/2024,OBFR,5.32,5.22,5.31,5.33,5.39,226,,,,,,,,,,,
04/01/2024,TGCR,5.33,5.25,5.33,5.34,5.38,656,,,,,,,,,,,
04/01/2024,BGCR,5.33,5.25,5.33,5.34,5.46,674,,,,,,,,,,,
04/01/2024,SOFR,5.35,5.3,5.33,5.47,5.51,2023,,,,,,,,,,,
03/29/2024,EFFR,5.33,5.31,5.33,5.34,5.45,62,5.25,5.5,,,,,,,,,
03/29/2024,OBFR,5.33,5.15,5.32,5.34,5.45,79,,,,,,,,,,,
03/28/2024,EFFR,5.33,5.3,5.33,5.35,5.5,53,5.25,5.5,,,,,,,,,
03/28/2024,OBFR,5.33,5.15,5.32,5.34,5.45,67,,,,,,,,,,,
03/28/2024,TGCR,5.32,5.27,5.32,5.33,5.36,604,,,,,,,,,,,
03/28/2024,BGCR,5.32,5.27,5.32,5.33,5.41,622,,,,,,,,,,,
03/28/2024,SOFR,5.34,5.3,5.32,5.42,5.48,1911,,,,,,,,,,,
03/27/2024,EFFR,5.33,5.3,5.32,5.34,5.45,82,5.25,5.5,,,,,,,,,
03/27/2024,OBFR,5.32,5.25,5.31,5.33,5.39,218,,,,,,,,,,,
03/27/2024,TGCR,5.33,5.25,5.32,5.33,5.35,644,,,,,,,,,,,
03/27/2024,BGCR,5.33,5.25,5.32,5.33,5.41,656,,,,,,,,,,,
03/27/2024,SOFR,5.33,5.28,5.32,5.43,5.48,1807,,,,,,,,,,,
03/26/2024,EFFR,5.33,5.31,5.32,5.34,5.45,85,5.25,5.5,,,,,,,,,
03/26/2024,OBFR,5.32,5.24,5.31,5.33,5.39,238,,,,,,,,,,,
03/26/2024,TGCR,5.31,5.25,5.31,5.32,5.35,656,,,,,,,,,,,
03/26/2024,BGCR,5.31,5.25,5.31,5.32,5.39,664,,,,,,,,,,,
03/26/2024,SOFR,5.32,5.28,5.31,5.4,5.44,1849,,,,,,,,,,,
03/25/2024,EFFR,5.33,5.31,5.32,5.34,5.46,85,5.25,5.5,,,,,,,,,
03/25/2024,OBFR,5.32,5.24,5.31,5.33,5.39,245,,,,,,,,,,,
03/25/2024,TGCR,5.31,5.25,5.31,5.31,5.33,660,,,,,,,,,,,
03/25/2024,BGCR,5.31,5.25,5.31,5.31,5.37,671,,,,,,,,,,,
03/25/2024,SOFR,5.31,5.28,5.31,5.38,5.43,1820,,,,,,,,,,,
03/22/2024,EFFR,5.33,5.31,5.32,5.34,5.45,91,5.25,5.5,,,,,,,,,
03/22/2024,OBFR,5.32,5.24,5.31,5.33,5.38,249,,,,,,,,,,,
03/22/2024,TGCR,5.31,5.24,5.3,5.31,5.33,670,,,,,,,,,,,
03/22/2024,BGCR,5.31,5.24,5.3,5.31,5.36,679,,,,,,,,,,,
03/22/2024,SOFR,5.31,5.27,5.31,5.37,5.42,1796,,,,,,,,,,,
03/21/2024,EFFR,5.33,5.31,5.32,5.34,5.45,93,5.25,5.5,,,,,,,,,
03/21/2024,OBFR,5.32,5.24,5.31,5.33,5.38,248,,,,,,,,,,,
03/21/2024,TGCR,5.3,5.25,5.3,5.3,5.32,678,,,,,,,,,,,
03/21/2024,BGCR,5.3,5.25,5.3,5.31,5.34,684,,,,,,,,,,,
03/21/2024,SOFR,5.31,5.27,5.3,5.35,5.39,1849,,,,,,,,,,,
03/20/2024,EFFR,5.33,5.31,5.32,5.34,5.45,91,5.25,5.5,,,,,,,,,
03/20/2024,OBFR,5.32,5.24,5.31,5.33,5.38,248,,,,,,,,,,,
03/20/2024,TGCR,5.3,5.25,5.3,5.3,5.32,673,,,,,,,,,,,
03/20/2024,BGCR,5.3,5.25,5.3,5.3,5.33,685,,,,,,,,,,,
03/20/2024,SOFR,5.31,5.27,5.3,5.34,5.38,1736,,,,,,,,,,,
03/19/2024,EFFR,5.33,5.31,5.32,5.34,5.45,89,5.25,5.5,,,,,,,,,
03/19/2024,OBFR,5.32,5.24,5.31,5.33,5.38,253,,,,,,,,,,,
03/19/2024,TGCR,5.3,5.25,5.3,5.3,5.32,669,,,,,,,,,,,
03/19/2024,BGCR,5.3,5,5.3,5.3,5.33,698,,,,,,,,,,,
03/19/2024,SOFR,5.31,5.2,5.3,5.34,5.38,1813,,,,,,,,,,,
03/18/2024,EFFR,5.33,5.31,5.32,5.34,5.45,91,5.25,5.5,,,,,,,,,
03/18/2024,OBFR,5.32,5.24,5.31,5.33,5.38,260,,,,,,,,,,,
03/18/2024,TGCR,5.3,5.24,5.3,5.3,5.32,683,,,,,,,,,,,
03/18/2024,BGCR,5.3,5.25,5.3,5.31,5.34,699,,,,,,,,,,,
03/18/2024,SOFR,5.31,5.27,5.3,5.34,5.39,1788,,,,,,,,,,,
03/15/2024,EFFR,5.33,5.31,5.32,5.34,5.45,90,5.25,5.5,,,,,,,,,
03/15/2024,OBFR,5.32,5.24,5.31,5.33,5.38,252,,,,,,,,,,,
03/15/2024,TGCR,5.3,5.25,5.3,5.31,5.32,685,,,,,,,,,,,
03/15/2024,BGCR,5.3,5.25,5.3,5.31,5.36,694,,,,,,,,,,,
03/15/2024,SOFR,5.31,5.28,5.31,5.37,5.41,1803,,,,,,,,,,,
03/14/2024,EFFR,5.33,5.31,5.32,5.34,5.45,95,5.25,5.5,,,,,,,,,
03/14/2024,OBFR,5.32,5.24,5.31,5.33,5.4,260,,,,,,,,,,,
03/14/2024,TGCR,5.3,5.25,5.3,5.31,5.32,677,,,,,,,,,,,
03/14/2024,BGCR,5.3,5.25,5.3,5.31,5.34,688,,,,,,,,,,,
03/14/2024,SOFR,5.31,5.27,5.3,5.34,5.39,1782,,,,,,,,,,,
03/13/2024,EFFR,5.33,5.31,5.32,5.34,5.45,89,5.25,5.5,,,,,,,,,
03/13/2024,OBFR,5.32,5.24,5.31,5.33,5.4,255,,,,,,,,,,,
03/13/2024,TGCR,5.3,5.25,5.3,5.31,5.32,685,,,,,,,,,,,
03/13/2024,BGCR,5.3,5.25,5.3,5.31,5.35,693,,,,,,,,,,,
03/13/2024,SOFR,5.31,5.27,5.3,5.35,5.4,1784,,,,,,,,,,,
03/12/2024,EFFR,5.33,5.31,5.32,5.34,5.47,86,5.25,5.5,,,,,,,,,
03/12/2024,OBFR,5.32,5.24,5.31,5.33,5.4,259,,,,,,,,,,,
03/12/2024,TGCR,5.3,5.25,5.3,5.31,5.32,676,,,,,,,,,,,
03/12/2024,BGCR,5.3,5.25,5.3,5.31,5.36,684,,,,,,,,,,,
03/12/2024,SOFR,5.31,5.27,5.31,5.36,5.4,1699,,,,,,,,,,,
03/11/2024,EFFR,5.33,5.31,5.32,5.34,5.47,85,5.25,5.5,,,,,,,,,
03/11/2024,OBFR,5.32,5.24,5.31,5.33,5.4,263,,,,,,,,,,,
03/11/2024,TGCR,5.3,5.25,5.3,5.3,5.32,680,,,,,,,,,,,
03/11/2024,BGCR,5.3,5.25,5.3,5.3,5.35,689,,,,,,,,,,,
03/11/2024,SOFR,5.31,5.27,5.3,5.35,5.4,1804,,,,,,,,,,,
03/08/2024,EFFR,5.33,5.31,5.32,5.34,5.45,85,5.25,5.5,,,,,,,,,
03/08/2024,OBFR,5.31,5.25,5.31,5.33,5.4,273,,,,,,,,,,,
03/08/2024,TGCR,5.3,5.25,5.3,5.3,5.32,681,,,,,,,,,,,
03/08/2024,BGCR,5.3,5.25,5.3,5.3,5.35,691,,,,,,,,,,,
03/08/2024,SOFR,5.31,5.27,5.3,5.35,5.39,1782,,,,,,,,,,,
03/07/2024,EFFR,5.33,5.31,5.32,5.34,5.35,98,5.25,5.5,,,,,,,,,
03/07/2024,OBFR,5.31,5.25,5.31,5.33,5.39,280,,,,,,,,,,,
03/07/2024,TGCR,5.3,5.25,5.3,5.3,5.32,686,,,,,,,,,,,
03/07/2024,BGCR,5.3,5.25,5.3,5.3,5.34,695,,,,,,,,,,,
03/07/2024,SOFR,5.31,5.27,5.3,5.34,5.38,1793,,,,,,,,,,,
03/06/2024,EFFR,5.33,5.31,5.32,5.34,5.47,99,5.25,5.5,,,,,,,,,
03/06/2024,OBFR,5.31,5.25,5.31,5.33,5.39,273,,,,,,,,,,,
03/06/2024,TGCR,5.3,5.25,5.29,5.3,5.32,671,,,,,,,,,,,
03/06/2024,BGCR,5.3,5.25,5.29,5.3,5.33,681,,,,,,,,,,,
03/06/2024,SOFR,5.31,5.27,5.3,5.33,5.38,1707,,,,,,,,,,,
03/05/2024,EFFR,5.33,5.31,5.32,5.33,5.4,101,5.25,5.5,,,,,,,,,
03/05/2024,OBFR,5.32,5.25,5.31,5.33,5.38,288,,,,,,,,,,,
03/05/2024,TGCR,5.3,5.25,5.3,5.31,5.32,670,,,,,,,,,,,
03/05/2024,BGCR,5.3,5.25,5.3,5.31,5.34,680,,,,,,,,,,,
03/05/2024,SOFR,5.31,5.27,5.3,5.34,5.39,1807,,,,,,,,,,,
03/04/2024,EFFR,5.33,5.31,5.32,5.34,5.4,91,5.25,5.5,,,,,,,,,
03/04/2024,OBFR,5.31,5.25,5.31,5.33,5.38,280,,,,,,,,,,,
03/04/2024,TGCR,5.3,5.25,5.3,5.31,5.32,680,,,,,,,,,,,
03/04/2024,BGCR,5.3,5.25,5.3,5.31,5.35,692,,,,,,,,,,,
03/04/2024,SOFR,5.31,5.27,5.3,5.35,5.39,1858,,,,,,,,,,,
03/01/2024,EFFR,5.33,5.31,5.32,5.34,5.47,84,5.25,5.5,,,,,,,,,
03/01/2024,OBFR,5.31,5.25,5.31,5.33,5.38,270,,,,,,,,,,,
03/01/2024,TGCR,5.3,5.26,5.3,5.31,5.37,671,,,,,,,,,,,
03/01/2024,BGCR,5.31,5.26,5.3,5.31,5.38,684,,,,,,,,,,,
03/01/2024,SOFR,5.31,5.28,5.31,5.36,5.4,1783,,,,,,,,,,,
02/29/2024,EFFR,5.33,5.3,5.32,5.33,5.47,96,5.25,5.5,,,,,,,,,
02/29/2024,OBFR,5.32,5.24,5.31,5.33,5.4,252,,,,,,,,,,,
02/29/2024,TGCR,5.31,5.26,5.3,5.31,5.32,675,,,,,,,,,,,
02/29/2024,BGCR,5.31,5.26,5.3,5.31,5.36,683,,,,,,,,,,,
02/29/2024,SOFR,5.32,5.28,5.31,5.37,5.41,1951,,,,,,,,,,,
02/28/2024,EFFR,5.33,5.31,5.32,5.33,5.45,96,5.25,5.5,,,,,,,,,
02/28/2024,OBFR,5.31,5.25,5.31,5.33,5.38,282,,,,,,,,,,,
02/28/2024,TGCR,5.3,5.25,5.3,5.31,5.35,661,,,,,,,,,,,
02/28/2024,BGCR,5.3,5.25,5.3,5.31,5.35,670,,,,,,,,,,,
02/28/2024,SOFR,5.31,5.27,5.3,5.33,5.38,1620,,,,,,,,,,,
02/27/2024,EFFR,5.33,5.31,5.32,5.33,5.47,96,5.25,5.5,,,,,,,,,
02/27/2024,OBFR,5.31,5.25,5.31,5.33,5.39,278,,,,,,,,,,,
02/27/2024,TGCR,5.3,5.25,5.3,5.31,5.36,652,,,,,,,,,,,
02/27/2024,BGCR,5.3,5.25,5.3,5.31,5.36,664,,,,,,,,,,,
02/27/2024,SOFR,5.31,5.28,5.3,5.35,5.4,1741,,,,,,,,,,,
02/26/2024,EFFR,5.33,5.31,5.32,5.33,5.47,98,5.25,5.5,,,,,,,,,
02/26/2024,OBFR,5.31,5.25,5.31,5.33,5.38,281,,,,,,,,,,,
02/26/2024,TGCR,5.3,5.25,5.3,5.31,5.35,658,,,,,,,,,,,
02/26/2024,BGCR,5.3,5.25,5.3,5.31,5.36,670,,,,,,,,,,,
02/26/2024,SOFR,5.31,5.28,5.3,5.36,5.41,1739,,,,,,,,,,,
02/23/2024,EFFR,5.33,5.31,5.31,5.33,5.4,103,5.25,5.5,,,,,,,,,
02/23/2024,OBFR,5.31,5.25,5.31,5.33,5.38,279,,,,,,,,,,,
02/23/2024,TGCR,5.3,5.25,5.3,5.31,5.34,672,,,,,,,,,,,
02/23/2024,BGCR,5.3,5.25,5.3,5.31,5.35,681,,,,,,,,,,,
02/23/2024,SOFR,5.31,5.27,5.3,5.35,5.39,1736,,,,,,,,,,,
02/22/2024,EFFR,5.33,5.31,5.32,5.33,5.4,103,5.25,5.5,,,,,,,,,
02/22/2024,OBFR,5.32,5.25,5.31,5.33,5.38,277,,,,,,,,,,,
02/22/2024,TGCR,5.3,5.25,5.29,5.3,5.32,658,,,,,,,,,,,
02/22/2024,BGCR,5.3,5.25,5.29,5.3,5.33,665,,,,,,,,,,,
02/22/2024,SOFR,5.3,5.27,5.3,5.33,5.38,1620,,,,,,,,,,,
02/21/2024,EFFR,5.33,5.31,5.31,5.33,5.45,101,5.25,5.5,,,,,,,,,
02/21/2024,OBFR,5.31,5.25,5.31,5.33,5.4,272,,,,,,,,,,,
02/21/2024,TGCR,5.3,5.25,5.29,5.3,5.32,660,,,,,,,,,,,
02/21/2024,BGCR,5.3,5.25,5.29,5.3,5.32,669,,,,,,,,,,,
02/21/2024,SOFR,5.3,5.27,5.3,5.32,5.37,1607,,,,,,,,,,,
02/20/2024,EFFR,5.33,5.31,5.31,5.33,5.45,104,5.25,5.5,,,,,,,,,
02/20/2024,OBFR,5.31,5.25,5.31,5.33,5.4,280,,,,,,,,,,,
02/20/2024,TGCR,5.3,5.23,5.29,5.3,5.32,664,,,,,,,,,,,
02/20/2024,BGCR,5.3,5.23,5.29,5.3,5.33,673,,,,,,,,,,,
02/20/2024,SOFR,5.3,5.25,5.3,5.32,5.37,1610,,,,,,,,,,,
02/16/2024,EFFR,5.33,5.31,5.31,5.33,5.4,110,5.25,5.5,,,,,,,,,
02/16/2024,OBFR,5.31,5.24,5.31,5.33,5.39,280,,,,,,,,,,,
02/16/2024,TGCR,5.3,5.24,5.29,5.3,5.32,669,,,,,,,,,,,
02/16/2024,BGCR,5.3,5.24,5.29,5.3,5.33,681,,,,,,,,,,,
02/16/2024,SOFR,5.3,5.26,5.3,5.32,5.37,1666,,,,,,,,,,,
02/15/2024,EFFR,5.33,5.31,5.31,5.33,5.42,112,5.25,5.5,,,,,,,,,
02/15/2024,OBFR,5.32,5.25,5.31,5.33,5.4,280,,,,,,,,,,,
02/15/2024,TGCR,5.3,5.25,5.29,5.3,5.32,670,,,,,,,,,,,
02/15/2024,BGCR,5.3,5.25,5.29,5.3,5.33,681,,,,,,,,,,,
02/15/2024,SOFR,5.31,5.27,5.3,5.33,5.38,1746,,,,,,,,,,,
02/14/2024,EFFR,5.33,5.31,5.31,5.33,5.4,107,5.25,5.5,,,,,,,,,
02/14/2024,OBFR,5.32,5.25,5.31,5.33,5.38,270,,,,,,,,,,,
02/14/2024,TGCR,5.3,5.25,5.29,5.3,5.34,656,,,,,,,,,,,
02/14/2024,BGCR,5.3,5.25,5.29,5.3,5.34,671,,,,,,,,,,,
02/14/2024,SOFR,5.3,5.26,5.3,5.32,5.38,1596,,,,,,,,,,,
02/13/2024,EFFR,5.33,5.31,5.32,5.33,5.4,98,5.25,5.5,,,,,,,,,
02/13/2024,OBFR,5.32,5.25,5.31,5.33,5.38,274,,,,,,,,,,,
02/13/2024,TGCR,5.3,5.25,5.3,5.3,5.34,662,,,,,,,,,,,
02/13/2024,BGCR,5.3,5.25,5.3,5.3,5.34,682,,,,,,,,,,,
02/13/2024,SOFR,5.31,5.27,5.3,5.34,5.39,1714,,,,,,,,,,,
02/12/2024,EFFR,5.33,5.31,5.32,5.33,5.35,93,5.25,5.5,,,,,,,,,
02/12/2024,OBFR,5.32,5.25,5.31,5.33,5.38,268,,,,,,,,,,,
02/12/2024,TGCR,5.3,5.25,5.3,5.3,5.34,670,,,,,,,,,,,
02/12/2024,BGCR,5.3,5.25,5.3,5.3,5.35,683,,,,,,,,,,,
02/12/2024,SOFR,5.31,5.27,5.3,5.35,5.4,1725,,,,,,,,,,,
02/09/2024,EFFR,5.33,5.31,5.32,5.33,5.35,96,5.25,5.5,,,,,,,,,
02/09/2024,OBFR,5.32,5.25,5.31,5.33,5.38,270,,,,,,,,,,,
02/09/2024,TGCR,5.3,5.25,5.3,5.3,5.34,661,,,,,,,,,,,
02/09/2024,BGCR,5.3,5.25,5.3,5.3,5.36,671,,,,,,,,,,,
02/09/2024,SOFR,5.31,5.27,5.3,5.36,5.4,1581,,,,,,,,,,,
02/08/2024,EFFR,5.33,5.31,5.31,5.33,5.4,96,5.25,5.5,,,,,,,,,
02/08/2024,OBFR,5.32,5.25,5.31,5.33,5.39,271,,,,,,,,,,,
02/08/2024,TGCR,5.3,5.25,5.3,5.3,5.35,669,,,,,,,,,,,
02/08/2024,BGCR,5.3,5.25,5.3,5.3,5.36,679,,,,,,,,,,,
02/08/2024,SOFR,5.31,5.27,5.3,5.36,5.4,1669,,,,,,,,,,,
02/07/2024,EFFR,5.33,5.31,5.32,5.33,5.45,96,5.25,5.5,,,,,,,,,
02/07/2024,OBFR,5.32,5.25,5.31,5.33,5.4,270,,,,,,,,,,,
02/07/2024,TGCR,5.3,5.24,5.3,5.3,5.35,673,,,,,,,,,,,
02/07/2024,BGCR,5.3,5.24,5.3,5.3,5.36,688,,,,,,,,,,,
02/07/2024,SOFR,5.31,5.27,5.3,5.35,5.4,1797,,,,,,,,,,,
02/06/2024,EFFR,5.33,5.31,5.32,5.33,5.45,97,5.25,5.5,,,,,,,,,
02/06/2024,OBFR,5.32,5.25,5.31,5.33,5.4,261,,,,,,,,,,,
02/06/2024,TGCR,5.3,5.25,5.3,5.31,5.36,672,,,,,,,,,,,
02/06/2024,BGCR,5.3,5.25,5.3,5.31,5.36,682,,,,,,,,,,,
02/06/2024,SOFR,5.31,5.28,5.31,5.36,5.4,1738,,,,,,,,,,,
02/05/2024,EFFR,5.33,5.31,5.32,5.33,5.5,96,5.25,5.5,,,,,,,,,
02/05/2024,OBFR,5.32,5.25,5.31,5.33,5.4,269,,,,,,,,,,,
02/05/2024,TGCR,5.3,5.24,5.3,5.31,5.33,677,,,,,,,,,,,
02/05/2024,BGCR,5.3,5.24,5.3,5.31,5.36,688,,,,,,,,,,,
02/05/2024,SOFR,5.31,5.27,5.31,5.36,5.41,1731,,,,,,,,,,,
02/02/2024,EFFR,5.33,5.31,5.32,5.33,5.5,91,5.25,5.5,,,,,,,,,
02/02/2024,OBFR,5.32,5.25,5.31,5.33,5.4,270,,,,,,,,,,,
02/02/2024,TGCR,5.31,5.26,5.31,5.31,5.34,676,,,,,,,,,,,
02/02/2024,BGCR,5.31,5.25,5.31,5.31,5.38,689,,,,,,,,,,,
02/02/2024,SOFR,5.32,5.28,5.31,5.39,5.44,1849,,,,,,,,,,,
02/01/2024,EFFR,5.33,5.31,5.32,5.34,5.5,81,5.25,5.5,,,,,,,,,
02/01/2024,OBFR,5.31,5.22,5.31,5.33,5.4,254,,,,,,,,,,,
02/01/2024,TGCR,5.31,5.27,5.31,5.31,5.35,689,,,,,,,,,,,
02/01/2024,BGCR,5.31,5.27,5.31,5.31,5.38,703,,,,,,,,,,,
02/01/2024,SOFR,5.32,5.28,5.31,5.39,5.43,1897,,,,,,,,,,,
01/31/2024,EFFR,5.33,5.3,5.32,5.34,5.5,75,5.25,5.5,,,,,,,,,
01/31/2024,OBFR,5.32,5.22,5.31,5.33,5.4,221,,,,,,,,,,,
01/31/2024,TGCR,5.31,5.26,5.31,5.31,5.37,679,,,,,,,,,,,
01/31/2024,BGCR,5.31,5.26,5.31,5.31,5.39,691,,,,,,,,,,,
01/31/2024,SOFR,5.32,5.28,5.31,5.4,5.43,1874,,,,,,,,,,,
01/30/2024,EFFR,5.33,5.31,5.32,5.33,5.5,92,5.25,5.5,,,,,,,,,
01/30/2024,OBFR,5.31,5.22,5.31,5.33,5.38,265,,,,,,,,,,,
01/30/2024,TGCR,5.3,5.25,5.3,5.31,5.32,665,,,,,,,,,,,
01/30/2024,BGCR,5.3,5.25,5.3,5.31,5.36,675,,,,,,,,,,,
01/30/2024,SOFR,5.31,5.28,5.3,5.36,5.4,1642,,,,,,,,,,,
01/29/2024,EFFR,5.33,5.31,5.32,5.33,5.45,92,5.25,5.5,,,,,,,,,
01/29/2024,OBFR,5.31,5.23,5.31,5.33,5.38,269,,,,,,,,,,,
01/29/2024,TGCR,5.3,5.25,5.3,5.31,5.33,657,,,,,,,,,,,
01/29/2024,BGCR,5.3,5.25,5.3,5.31,5.36,671,,,,,,,,,,,
01/29/2024,SOFR,5.31,5.27,5.3,5.36,5.4,1598,,,,,,,,,,,
01/26/2024,EFFR,5.33,5.3,5.31,5.33,5.45,100,5.25,5.5,,,,,,,,,
01/26/2024,OBFR,5.31,5.25,5.31,5.33,5.39,270,,,,,,,,,,,
01/26/2024,TGCR,5.31,5.23,5.31,5.31,5.33,668,,,,,,,,,,,
01/26/2024,BGCR,5.31,5.24,5.31,5.31,5.36,676,,,,,,,,,,,
01/26/2024,SOFR,5.32,5.28,5.31,5.37,5.42,1712,,,,,,,,,,,
01/25/2024,EFFR,5.33,5.3,5.31,5.33,5.45,101,5.25,5.5,,,,,,,,,
01/25/2024,OBFR,5.31,5.25,5.31,5.33,5.38,271,,,,,,,,,,,
01/25/2024,TGCR,5.31,5.24,5.31,5.31,5.35,662,,,,,,,,,,,
01/25/2024,BGCR,5.31,5.24,5.31,5.31,5.38,667,,,,,,,,,,,
01/25/2024,SOFR,5.32,5.28,5.31,5.38,5.43,1768,,,,,,,,,,,
01/24/2024,EFFR,5.33,5.3,5.32,5.33,5.45,96,5.25,5.5,,,,,,,,,
01/24/2024,OBFR,5.31,5.25,5.31,5.33,5.38,263,,,,,,,,,,,
01/24/2024,TGCR,5.3,5.23,5.3,5.31,5.33,661,,,,,,,,,,,
01/24/2024,BGCR,5.3,5.23,5.3,5.31,5.36,668,,,,,,,,,,,
01/24/2024,SOFR,5.31,5.26,5.3,5.36,5.4,1596,,,,,,,,,,,
01/23/2024,EFFR,5.33,5.31,5.31,5.33,5.45,97,5.25,5.5,,,,,,,,,
01/23/2024,OBFR,5.31,5.26,5.31,5.33,5.38,269,,,,,,,,,,,
01/23/2024,TGCR,5.3,5.24,5.29,5.3,5.32,658,,,,,,,,,,,
01/23/2024,BGCR,5.3,5.24,5.29,5.3,5.34,668,,,,,,,,,,,
01/23/2024,SOFR,5.31,5.26,5.3,5.34,5.38,1686,,,,,,,,,,,
01/22/2024,EFFR,5.33,5.31,5.32,5.33,5.45,92,5.25,5.5,,,,,,,,,
01/22/2024,OBFR,5.31,5.27,5.31,5.33,5.38,265,,,,,,,,,,,
01/22/2024,TGCR,5.3,5.25,5.29,5.3,5.32,649,,,,,,,,,,,
01/22/2024,BGCR,5.3,5.25,5.29,5.3,5.33,659,,,,,,,,,,,
01/22/2024,SOFR,5.31,5.26,5.3,5.33,5.38,1595,,,,,,,,,,,
01/19/2024,EFFR,5.33,5.31,5.32,5.33,5.45,94,5.25,5.5,,,,,,,,,
01/19/2024,OBFR,5.31,5.25,5.31,5.33,5.38,269,,,,,,,,,,,
01/19/2024,TGCR,5.3,5.25,5.29,5.3,5.32,665,,,,,,,,,,,
01/19/2024,BGCR,5.3,5.25,5.29,5.3,5.33,674,,,,,,,,,,,
01/19/2024,SOFR,5.31,5.26,5.3,5.33,5.37,1688,,,,,,,,,,,
01/18/2024,EFFR,5.33,5.31,5.32,5.34,5.45,87,5.25,5.5,,,,,,,,,
01/18/2024,OBFR,5.31,5.25,5.31,5.33,5.38,260,,,,,,,,,,,
01/18/2024,TGCR,5.3,5.25,5.29,5.3,5.33,659,,,,,,,,,,,
01/18/2024,BGCR,5.3,5.25,5.29,5.3,5.34,671,,,,,,,,,,,
01/18/2024,SOFR,5.31,5.27,5.3,5.34,5.4,1746,,,,,,,,,,,
01/17/2024,EFFR,5.33,5.3,5.32,5.33,5.4,88,5.25,5.5,,,,,,,,,
01/17/2024,OBFR,5.32,5.25,5.31,5.33,5.38,262,,,,,,,,,,,
01/17/2024,TGCR,5.3,5.26,5.3,5.31,5.34,661,,,,,,,,,,,
01/17/2024,BGCR,5.3,5.26,5.3,5.31,5.37,671,,,,,,,,,,,
01/17/2024,SOFR,5.32,5.28,5.31,5.37,5.42,1764,,,,,,,,,,,
01/16/2024,EFFR,5.33,5.3,5.32,5.34,5.45,85,5.25,5.5,,,,,,,,,
01/16/2024,OBFR,5.31,5.25,5.31,5.33,5.4,253,,,,,,,,,,,
01/16/2024,TGCR,5.3,5.25,5.3,5.31,5.36,667,,,,,,,,,,,
01/16/2024,BGCR,5.3,5.25,5.3,5.31,5.4,695,,,,,,,,,,,
01/16/2024,SOFR,5.32,5.28,5.31,5.38,5.42,1854,,,,,,,,,,,
01/12/2024,EFFR,5.33,5.3,5.32,5.33,5.4,93,5.25,5.5,,,,,,,,,
01/12/2024,OBFR,5.32,5.25,5.31,5.33,5.39,263,,,,,,,,,,,
01/12/2024,TGCR,5.3,5.25,5.3,5.3,5.34,655,,,,,,,,,,,
01/12/2024,BGCR,5.3,5.25,5.3,5.31,5.36,665,,,,,,,,,,,
01/12/2024,SOFR,5.31,5.27,5.3,5.36,5.4,1590,,,,,,,,,,,
01/11/2024,EFFR,5.33,5.3,5.32,5.33,5.4,96,5.25,5.5,,,,,,,,,
01/11/2024,OBFR,5.32,5.25,5.31,5.33,5.38,255,,,,,,,,,,,
01/11/2024,TGCR,5.3,5.26,5.3,5.31,5.34,668,,,,,,,,,,,
01/11/2024,BGCR,5.3,5.26,5.3,5.31,5.36,681,,,,,,,,,,,
01/11/2024,SOFR,5.31,5.28,5.3,5.36,5.4,1648,,,,,,,,,,,
01/10/2024,EFFR,5.33,5.3,5.32,5.33,5.45,91,5.25,5.5,,,,,,,,,
01/10/2024,OBFR,5.32,5.25,5.31,5.33,5.38,247,,,,,,,,,,,
01/10/2024,TGCR,5.3,5.25,5.3,5.31,5.33,665,,,,,,,,,,,
01/10/2024,BGCR,5.3,5.25,5.3,5.31,5.37,677,,,,,,,,,,,
01/10/2024,SOFR,5.31,5.28,5.3,5.36,5.4,1660,,,,,,,,,,,
01/09/2024,EFFR,5.33,5.3,5.32,5.33,5.45,91,5.25,5.5,,,,,,,,,
01/09/2024,OBFR,5.32,5.25,5.31,5.33,5.4,251,,,,,,,,,,,
01/09/2024,TGCR,5.3,5.25,5.3,5.31,5.32,664,,,,,,,,,,,
01/09/2024,BGCR,5.3,5.25,5.3,5.31,5.38,677,,,,,,,,,,,
01/09/2024,SOFR,5.31,5.28,5.3,5.36,5.4,1693,,,,,,,,,,,
01/08/2024,EFFR,5.33,5.3,5.32,5.34,5.45,86,5.25,5.5,,,,,,,,,
01/08/2024,OBFR,5.32,5.27,5.31,5.33,5.4,253,,,,,,,,,,,
01/08/2024,TGCR,5.3,5.25,5.3,5.31,5.34,661,,,,,,,,,,,
01/08/2024,BGCR,5.3,5.25,5.3,5.31,5.36,672,,,,,,,,,,,
01/08/2024,SOFR,5.31,5.28,5.3,5.36,5.4,1658,,,,,,,,,,,
01/05/2024,EFFR,5.33,5.3,5.32,5.34,5.45,84,5.25,5.5,,,,,,,,,
01/05/2024,OBFR,5.32,5.25,5.31,5.33,5.38,243,,,,,,,,,,,
01/05/2024,TGCR,5.3,5.25,5.3,5.31,5.34,680,,,,,,,,,,,
01/05/2024,BGCR,5.3,5.25,5.3,5.31,5.37,692,,,,,,,,,,,
01/05/2024,SOFR,5.31,5.28,5.3,5.36,5.4,1674,,,,,,,,,,,
01/04/2024,EFFR,5.33,5.3,5.32,5.34,5.48,86,5.25,5.5,,,,,,,,,
01/04/2024,OBFR,5.32,5.25,5.31,5.33,5.4,245,,,,,,,,,,,
01/04/2024,TGCR,5.31,5.26,5.31,5.32,5.4,672,,,,,,,,,,,
01/04/2024,BGCR,5.31,5.26,5.31,5.32,5.4,681,,,,,,,,,,,
01/04/2024,SOFR,5.32,5.29,5.31,5.4,5.44,1930,,,,,,,,,,,
01/03/2024,EFFR,5.33,5.3,5.32,5.34,5.48,87,5.25,5.5,,,,,,,,,
01/03/2024,OBFR,5.32,5.25,5.31,5.33,5.4,226,,,,,,,,,,,
01/03/2024,TGCR,5.33,5.26,5.33,5.33,5.41,657,,,,,,,,,,,
01/03/2024,BGCR,5.33,5.26,5.33,5.33,5.47,672,,,,,,,,,,,
01/03/2024,SOFR,5.39,5.3,5.33,5.48,5.53,1832,,,,,,,,,,,
01/02/2024,EFFR,5.33,5.3,5.32,5.34,5.5,83,5.25,5.5,,,,,,,,,
01/02/2024,OBFR,5.32,5.25,5.31,5.33,5.4,222,,,,,,,,,,,
01/02/2024,TGCR,5.33,5.28,5.33,5.34,5.39,654,,,,,,,,,,,
01/02/2024,BGCR,5.33,5.28,5.33,5.34,5.51,664,,,,,,,,,,,
01/02/2024,SOFR,5.4,5.3,5.33,5.51,5.56,1948,,,,,,,,,,,
12/29/2023,EFFR,5.33,5.31,5.32,5.35,5.55,59,5.25,5.5,,,,,,,,,
12/29/2023,OBFR,5.32,5.21,5.31,5.33,5.48,110,,,,,,,,,,,
12/29/2023,TGCR,5.33,5.28,5.33,5.34,5.48,594,,,,,,,,,,,
12/29/2023,BGCR,5.33,5.25,5.33,5.34,5.5,611,,,,,,,,,,,
12/29/2023,SOFR,5.38,5.3,5.33,5.5,5.68,1702,,,,,,,,,,,
12/28/2023,EFFR,5.33,5.3,5.32,5.34,5.5,81,5.25,5.5,,,,,,,,,
12/28/2023,OBFR,5.32,5.22,5.31,5.33,5.4,203,,,,,,,,,,,
12/28/2023,TGCR,5.35,5.27,5.34,5.35,5.48,603,,,,,,,,,,,
12/28/2023,BGCR,5.35,5.28,5.34,5.36,5.55,619,,,,,,,,,,,
12/28/2023,SOFR,5.4,5.3,5.35,5.55,5.64,1832,,,,,,,,,,,
12/27/2023,EFFR,5.33,5.3,5.32,5.33,5.5,88,5.25,5.5,,,,,,,,,
12/27/2023,OBFR,5.32,5.25,5.31,5.33,5.4,230,,,,,,,,,,,
12/27/2023,TGCR,5.33,5.27,5.31,5.33,5.48,619,,,,,,,,,,,
12/27/2023,BGCR,5.33,5.28,5.32,5.33,5.5,636,,,,,,,,,,,
12/27/2023,SOFR,5.39,5.29,5.33,5.49,5.55,1722,,,,,,,,,,,
12/26/2023,EFFR,5.33,5.3,5.32,5.33,5.5,96,5.25,5.5,,,,,,,,,
12/26/2023,OBFR,5.32,5.25,5.31,5.33,5.4,235,,,,,,,,,,,
12/26/2023,TGCR,5.31,5.26,5.3,5.32,5.42,624,,,,,,,,,,,
12/26/2023,BGCR,5.31,5.26,5.3,5.32,5.45,638,,,,,,,,,,,
12/26/2023,SOFR,5.35,5.28,5.31,5.45,5.48,1644,,,,,,,,,,,
12/22/2023,EFFR,5.33,5.3,5.32,5.33,5.4,90,5.25,5.5,,,,,,,,,
12/22/2023,OBFR,5.32,5.25,5.31,5.33,5.4,234,,,,,,,,,,,
12/22/2023,TGCR,5.3,5.26,5.3,5.31,5.36,620,,,,,,,,,,,
12/22/2023,BGCR,5.3,5.26,5.3,5.31,5.4,631,,,,,,,,,,,
12/22/2023,SOFR,5.32,5.27,5.31,5.38,5.42,1667,,,,,,,,,,,
12/21/2023,EFFR,5.33,5.3,5.32,5.33,5.45,101,5.25,5.5,,,,,,,,,
12/21/2023,OBFR,5.32,5.25,5.31,5.33,5.4,248,,,,,,,,,,,
12/21/2023,TGCR,5.3,5.25,5.29,5.31,5.34,622,,,,,,,,,,,
12/21/2023,BGCR,5.3,5.25,5.29,5.31,5.36,632,,,,,,,,,,,
12/21/2023,SOFR,5.31,5.26,5.3,5.35,5.39,1720,,,,,,,,,,,
12/20/2023,EFFR,5.33,5.3,5.32,5.33,5.4,97,5.25,5.5,,,,,,,,,
12/20/2023,OBFR,5.32,5.25,5.31,5.33,5.39,248,,,,,,,,,,,
12/20/2023,TGCR,5.3,5.23,5.29,5.3,5.34,618,,,,,,,,,,,
12/20/2023,BGCR,5.3,5.23,5.29,5.31,5.35,632,,,,,,,,,,,
12/20/2023,SOFR,5.31,5.26,5.3,5.34,5.38,1678,,,,,,,,,,,
12/19/2023,EFFR,5.33,5.3,5.32,5.33,5.4,96,5.25,5.5,,,,,,,,,
12/19/2023,OBFR,5.32,5.25,5.31,5.33,5.39,254,,,,,,,,,,,
12/19/2023,TGCR,5.3,5.25,5.29,5.31,5.34,622,,,,,,,,,,,
12/19/2023,BGCR,5.3,5.25,5.29,5.31,5.36,632,,,,,,,,,,,
12/19/2023,SOFR,5.31,5.27,5.3,5.35,5.4,1757,,,,,,,,,,,
12/18/2023,EFFR,5.33,5.3,5.32,5.33,5.45,95,5.25,5.5,,,,,,,,,
12/18/2023,OBFR,5.32,5.25,5.31,5.33,5.38,250,,,,,,,,,,,
12/18/2023,TGCR,5.3,5.25,5.3,5.31,5.34,618,,,,,,,,,,,
12/18/2023,BGCR,5.3,5.25,5.3,5.31,5.38,629,,,,,,,,,,,
12/18/2023,SOFR,5.32,5.27,5.3,5.37,5.42,1665,,,,,,,,,,,
12/15/2023,EFFR,5.33,5.3,5.32,5.33,5.4,101,5.25,5.5,,,,,,,,,
12/15/2023,OBFR,5.32,5.25,5.31,5.33,5.38,263,,,,,,,,,,,
12/15/2023,TGCR,5.3,5.25,5.3,5.31,5.34,629,,,,,,,,,,,
12/15/2023,BGCR,5.3,5.25,5.3,5.31,5.39,642,,,,,,,,,,,
12/15/2023,SOFR,5.32,5.27,5.31,5.39,5.42,1776,,,,,,,,,,,
12/14/2023,EFFR,5.33,5.3,5.31,5.33,5.35,108,5.25,5.5,,,,,,,,,
12/14/2023,OBFR,5.32,5.25,5.31,5.33,5.39,267,,,,,,,,,,,
12/14/2023,TGCR,5.3,5.25,5.28,5.3,5.33,616,,,,,,,,,,,
12/14/2023,BGCR,5.3,5.25,5.28,5.3,5.35,627,,,,,,,,,,,
12/14/2023,SOFR,5.31,5.26,5.3,5.33,5.39,1695,,,,,,,,,,,
12/13/2023,EFFR,5.33,5.3,5.31,5.33,5.45,106,5.25,5.5,,,,,,,,,
12/13/2023,OBFR,5.32,5.24,5.31,5.33,5.4,259,,,,,,,,,,,
12/13/2023,TGCR,5.3,5.21,5.29,5.3,5.33,600,,,,,,,,,,,
12/13/2023,BGCR,5.3,5.2,5.29,5.3,5.36,611,,,,,,,,,,,
12/13/2023,SOFR,5.31,5.26,5.3,5.35,5.4,1635,,,,,,,,,,,
12/12/2023,EFFR,5.33,5.3,5.31,5.33,5.44,106,5.25,5.5,,,,,,,,,
12/12/2023,OBFR,5.32,5.24,5.31,5.33,5.4,257,,,,,,,,,,,
12/12/2023,TGCR,5.3,5.25,5.29,5.3,5.33,602,,,,,,,,,,,
12/12/2023,BGCR,5.3,5.25,5.29,5.3,5.37,617,,,,,,,,,,,
12/12/2023,SOFR,5.31,5.27,5.3,5.35,5.41,1713,,,,,,,,,,,
12/11/2023,EFFR,5.33,5.3,5.32,5.33,5.45,102,5.25,5.5,,,,,,,,,
12/11/2023,OBFR,5.32,5.24,5.31,5.33,5.4,258,,,,,,,,,,,
12/11/2023,TGCR,5.3,5.25,5.3,5.31,5.34,600,,,,,,,,,,,
12/11/2023,BGCR,5.3,5.25,5.3,5.31,5.38,614,,,,,,,,,,,
12/11/2023,SOFR,5.32,5.27,5.3,5.38,5.42,1577,,,,,,,,,,,
12/08/2023,EFFR,5.33,5.3,5.32,5.33,5.45,101,5.25,5.5,,,,,,,,,
12/08/2023,OBFR,5.32,5.25,5.31,5.33,5.43,252,,,,,,,,,,,
12/08/2023,TGCR,5.3,5.25,5.3,5.31,5.34,605,,,,,,,,,,,
12/08/2023,BGCR,5.3,5.25,5.3,5.31,5.37,617,,,,,,,,,,,
12/08/2023,SOFR,5.32,5.27,5.3,5.37,5.42,1610,,,,,,,,,,,
12/07/2023,EFFR,5.33,5.3,5.31,5.34,5.45,102,5.25,5.5,,,,,,,,,
12/07/2023,OBFR,5.32,5.25,5.31,5.33,5.4,255,,,,,,,,,,,
12/07/2023,TGCR,5.3,5.25,5.3,5.31,5.34,603,,,,,,,,,,,
12/07/2023,BGCR,5.3,5.25,5.3,5.31,5.38,615,,,,,,,,,,,
12/07/2023,SOFR,5.32,5.28,5.31,5.38,5.43,1702,,,,,,,,,,,
12/06/2023,EFFR,5.33,5.3,5.32,5.33,5.45,103,5.25,5.5,,,,,,,,,
12/06/2023,OBFR,5.32,5.24,5.31,5.33,5.4,253,,,,,,,,,,,
12/06/2023,TGCR,5.31,5.25,5.3,5.31,5.34,596,,,,,,,,,,,
12/06/2023,BGCR,5.31,5.25,5.3,5.31,5.4,609,,,,,,,,,,,
12/06/2023,SOFR,5.32,5.28,5.31,5.41,5.45,1707,,,,,,,,,,,
12/05/2023,EFFR,5.33,5.3,5.32,5.33,5.45,103,5.25,5.5,,,,,,,,,
12/05/2023,OBFR,5.32,5.24,5.31,5.33,5.4,253,,,,,,,,,,,
12/05/2023,TGCR,5.31,5.25,5.31,5.31,5.38,604,,,,,,,,,,,
12/05/2023,BGCR,5.31,5.25,5.31,5.31,5.42,623,,,,,,,,,,,
12/05/2023,SOFR,5.33,5.28,5.31,5.42,5.47,1792,,,,,,,,,,,
12/04/2023,EFFR,5.33,5.3,5.32,5.33,5.45,103,5.25,5.5,,,,,,,,,
12/04/2023,OBFR,5.32,5.25,5.31,5.33,5.4,255,,,,,,,,,,,
12/04/2023,TGCR,5.31,5.25,5.31,5.32,5.4,602,,,,,,,,,,,
12/04/2023,BGCR,5.31,5.25,5.31,5.32,5.44,618,,,,,,,,,,,
12/04/2023,SOFR,5.37,5.28,5.31,5.44,5.48,1631,,,,,,,,,,,
12/01/2023,EFFR,5.33,5.3,5.32,5.33,5.44,107,5.25,5.5,,,,,,,,,
12/01/2023,OBFR,5.32,5.25,5.31,5.33,5.4,262,,,,,,,,,,,
12/01/2023,TGCR,5.31,5.26,5.31,5.32,5.37,594,,,,,,,,,,,
12/01/2023,BGCR,5.31,5.26,5.31,5.32,5.44,607,,,,,,,,,,,
12/01/2023,SOFR,5.39,5.28,5.32,5.45,5.5,1650,,,,,,,,,,,
11/30/2023,EFFR,5.33,5.3,5.32,5.34,5.5,91,5.25,5.5,,,,,,,,,
11/30/2023,OBFR,5.32,5.22,5.3,5.33,5.44,212,,,,,,,,,,,
11/30/2023,TGCR,5.31,5.25,5.3,5.31,5.4,591,,,,,,,,,,,
11/30/2023,BGCR,5.31,5.25,5.3,5.31,5.44,602,,,,,,,,,,,
11/30/2023,SOFR,5.33,5.28,5.31,5.44,5.51,1850,,,,,,,,,,,
11/29/2023,EFFR,5.33,5.3,5.32,5.33,5.5,96,5.25,5.5,,,,,,,,,
11/29/2023,OBFR,5.32,5.24,5.31,5.33,5.4,253,,,,,,,,,,,
11/29/2023,TGCR,5.3,5.26,5.3,5.31,5.35,585,,,,,,,,,,,
11/29/2023,BGCR,5.3,5.26,5.3,5.31,5.4,600,,,,,,,,,,,
11/29/2023,SOFR,5.31,5.27,5.3,5.39,5.44,1578,,,,,,,,,,,
11/28/2023,EFFR,5.33,5.3,5.32,5.33,5.5,97,5.25,5.5,,,,,,,,,
11/28/2023,OBFR,5.32,5.25,5.31,5.33,5.4,250,,,,,,,,,,,
11/28/2023,TGCR,5.3,5.25,5.3,5.31,5.34,578,,,,,,,,,,,
11/28/2023,BGCR,5.3,5.25,5.3,5.31,5.41,594,,,,,,,,,,,
11/28/2023,SOFR,5.32,5.27,5.3,5.4,5.43,1593,,,,,,,,,,,
11/27/2023,EFFR,5.33,5.3,5.32,5.33,5.5,97,5.25,5.5,,,,,,,,,
11/27/2023,OBFR,5.32,5.24,5.31,5.33,5.4,253,,,,,,,,,,,
11/27/2023,TGCR,5.3,5.25,5.3,5.31,5.34,582,,,,,,,,,,,
11/27/2023,BGCR,5.3,5.25,5.3,5.31,5.4,594,,,,,,,,,,,
11/27/2023,SOFR,5.32,5.27,5.3,5.4,5.44,1602,,,,,,,,,,,
11/24/2023,EFFR,5.33,5.3,5.32,5.33,5.5,101,5.25,5.5,,,,,,,,,
11/24/2023,OBFR,5.32,5.25,5.31,5.33,5.4,252,,,,,,,,,,,
11/24/2023,TGCR,5.3,5.25,5.3,5.31,5.36,577,,,,,,,,,,,
11/24/2023,BGCR,5.3,5.25,5.3,5.31,5.39,588,,,,,,,,,,,
11/24/2023,SOFR,5.32,5.27,5.3,5.39,5.42,1521,,,,,,,,,,,
11/22/2023,EFFR,5.33,5.3,5.32,5.33,5.5,102,5.25,5.5,,,,,,,,,
11/22/2023,OBFR,5.32,5.25,5.31,5.33,5.4,263,,,,,,,,,,,
11/22/2023,TGCR,5.3,5.25,5.29,5.3,5.32,564,,,,,,,,,,,
11/22/2023,BGCR,5.3,5.25,5.29,5.3,5.35,572,,,,,,,,,,,
11/22/2023,SOFR,5.31,5.26,5.3,5.35,5.4,1547,,,,,,,,,,,
11/21/2023,EFFR,5.33,5.3,5.32,5.33,5.5,102,5.25,5.5,,,,,,,,,
11/21/2023,OBFR,5.32,5.25,5.31,5.33,5.38,253,,,,,,,,,,,
11/21/2023,TGCR,5.3,5.25,5.29,5.3,5.32,574,,,,,,,,,,,
11/21/2023,BGCR,5.3,5.25,5.29,5.3,5.36,584,,,,,,,,,,,
11/21/2023,SOFR,5.31,5.26,5.3,5.35,5.4,1603,,,,,,,,,,,
11/20/2023,EFFR,5.33,5.3,5.32,5.33,5.5,101,5.25,5.5,,,,,,,,,
11/20/2023,OBFR,5.32,5.25,5.31,5.33,5.4,257,,,,,,,,,,,
11/20/2023,TGCR,5.3,5.25,5.29,5.3,5.33,574,,,,,,,,,,,
11/20/2023,BGCR,5.3,5.25,5.29,5.3,5.37,588,,,,,,,,,,,
11/20/2023,SOFR,5.31,5.26,5.3,5.36,5.41,1621,,,,,,,,,,,
11/17/2023,EFFR,5.33,5.3,5.32,5.33,5.5,98,5.25,5.5,,,,,,,,,
11/17/2023,OBFR,5.32,5.24,5.31,5.33,5.4,256,,,,,,,,,,,
11/17/2023,TGCR,5.3,5.25,5.3,5.31,5.33,573,,,,,,,,,,,
11/17/2023,BGCR,5.3,5.25,5.3,5.31,5.39,588,,,,,,,,,,,
11/17/2023,SOFR,5.32,5.27,5.3,5.38,5.43,1587,,,,,,,,,,,
11/16/2023,EFFR,5.33,5.3,5.32,5.33,5.5,99,5.25,5.5,,,,,,,,,
11/16/2023,OBFR,5.32,5.25,5.31,5.33,5.4,270,,,,,,,,,,,
11/16/2023,TGCR,5.3,5.25,5.3,5.31,5.34,583,,,,,,,,,,,
11/16/2023,BGCR,5.3,5.25,5.3,5.31,5.4,596,,,,,,,,,,,
11/16/2023,SOFR,5.32,5.27,5.3,5.39,5.43,1640,,,,,,,,,,,
11/15/2023,EFFR,5.33,5.3,5.32,5.33,5.5,96,5.25,5.5,,,,,,,,,
11/15/2023,OBFR,5.32,5.24,5.31,5.33,5.38,248,,,,,,,,,,,
11/15/2023,TGCR,5.3,5.25,5.3,5.31,5.33,585,,,,,,,,,,,
11/15/2023,BGCR,5.3,5.25,5.3,5.31,5.4,598,,,,,,,,,,,
11/15/2023,SOFR,5.32,5.27,5.3,5.39,5.43,1605,,,,,,,,,,,
11/14/2023,EFFR,5.33,5.3,5.32,5.33,5.5,102,5.25,5.5,,,,,,,,,
11/14/2023,OBFR,5.32,5.24,5.31,5.33,5.4,247,,,,,,,,,,,
11/14/2023,TGCR,5.3,5.25,5.3,5.31,5.33,570,,,,,,,,,,,
11/14/2023,BGCR,5.3,5.25,5.3,5.31,5.4,583,,,,,,,,,,,
11/14/2023,SOFR,5.32,5.27,5.3,5.39,5.43,1533,,,,,,,,,,,
11/13/2023,EFFR,5.33,5.3,5.32,5.33,5.5,102,5.25,5.5,,,,,,,,,
11/13/2023,OBFR,5.32,5.24,5.31,5.33,5.4,248,,,,,,,,,,,
11/13/2023,TGCR,5.3,5.25,5.3,5.31,5.33,576,,,,,,,,,,,
11/13/2023,BGCR,5.3,5.25,5.3,5.31,5.4,596,,,,,,,,,,,
11/13/2023,SOFR,5.32,5.27,5.3,5.39,5.43,1494,,,,,,,,,,,
11/10/2023,EFFR,5.33,5.3,5.32,5.33,5.5,106,5.25,5.5,,,,,,,,,
11/10/2023,OBFR,5.32,5.24,5.31,5.33,5.4,242,,,,,,,,,,,
11/10/2023,TGCR,5.3,5.25,5.29,5.3,5.33,575,,,,,,,,,,,
11/10/2023,BGCR,5.3,5.25,5.29,5.31,5.39,586,,,,,,,,,,,
11/10/2023,SOFR,5.32,5.27,5.3,5.38,5.46,1469,,,,,,,,,,,
11/09/2023,EFFR,5.33,5.3,5.32,5.33,5.5,105,5.25,5.5,,,,,,,,,
11/09/2023,OBFR,5.32,5.24,5.31,5.33,5.4,252,,,,,,,,,,,
11/09/2023,TGCR,5.3,5.25,5.29,5.3,5.33,573,,,,,,,,,,,
11/09/2023,BGCR,5.3,5.25,5.29,5.31,5.39,585,,,,,,,,,,,
11/09/2023,SOFR,5.32,5.27,5.3,5.38,5.43,1526,,,,,,,,,,,
11/08/2023,EFFR,5.33,5.3,5.32,5.33,5.5,101,5.25,5.5,,,,,,,,,
11/08/2023,OBFR,5.32,5.24,5.31,5.33,5.4,246,,,,,,,,,,,
11/08/2023,TGCR,5.3,5.25,5.29,5.3,5.33,579,,,,,,,,,,,
11/08/2023,BGCR,5.3,5.25,5.29,5.31,5.39,589,,,,,,,,,,,
11/08/2023,SOFR,5.32,5.27,5.3,5.38,5.42,1470,,,,,,,,,,,
11/07/2023,EFFR,5.33,5.3,5.32,5.33,5.53,104,5.25,5.5,,,,,,,,,
11/07/2023,OBFR,5.32,5.24,5.31,5.33,5.4,244,,,,,,,,,,,
11/07/2023,TGCR,5.3,5.25,5.29,5.31,5.37,576,,,,,,,,,,,
11/07/2023,BGCR,5.3,5.25,5.29,5.31,5.39,590,,,,,,,,,,,
11/07/2023,SOFR,5.32,5.27,5.3,5.38,5.42,1546,,,,,,,,,,,
11/06/2023,EFFR,5.33,5.3,5.32,5.33,5.5,101,5.25,5.5,,,,,,,,,
11/06/2023,OBFR,5.32,5.25,5.31,5.33,5.4,251,,,,,,,,,,,
11/06/2023,TGCR,5.3,5.25,5.3,5.31,5.33,570,,,,,,,,,,,
11/06/2023,BGCR,5.3,5.25,5.3,5.31,5.39,583,,,,,,,,,,,
11/06/2023,SOFR,5.32,5.27,5.3,5.38,5.43,1559,,,,,,,,,,,
11/03/2023,EFFR,5.33,5.3,5.32,5.33,5.5,102,5.25,5.5,,,,,,,,,
11/03/2023,OBFR,5.32,5.25,5.31,5.33,5.4,246,,,,,,,,,,,
11/03/2023,TGCR,5.3,5.25,5.3,5.31,5.35,575,,,,,,,,,,,
11/03/2023,BGCR,5.3,5.25,5.3,5.31,5.39,589,,,,,,,,,,,
11/03/2023,SOFR,5.32,5.28,5.3,5.39,5.44,1579,,,,,,,,,,,
11/02/2023,EFFR,5.33,5.3,5.32,5.33,5.55,99,5.25,5.5,,,,,,,,,
11/02/2023,OBFR,5.32,5.25,5.31,5.33,5.42,243,,,,,,,,,,,
11/02/2023,TGCR,5.3,5.25,5.3,5.31,5.34,569,,,,,,,,,,,
11/02/2023,BGCR,5.3,5.25,5.3,5.31,5.4,580,,,,,,,,,,,
11/02/2023,SOFR,5.33,5.28,5.31,5.4,5.44,1640,,,,,,,,,,,
11/01/2023,EFFR,5.33,5.3,5.32,5.34,5.53,92,5.25,5.5,,,,,,,,,
11/01/2023,OBFR,5.32,5.25,5.31,5.33,5.4,227,,,,,,,,,,,
11/01/2023,TGCR,5.3,5.25,5.3,5.31,5.36,565,,,,,,,,,,,
11/01/2023,BGCR,5.3,5.25,5.3,5.31,5.4,576,,,,,,,,,,,
11/01/2023,SOFR,5.32,5.27,5.31,5.4,5.44,1621,,,,,,,,,,,
10/31/2023,EFFR,5.33,5.3,5.32,5.34,5.55,86,5.25,5.5,,,,,,,,,
10/31/2023,OBFR,5.32,5.21,5.31,5.33,5.43,201,,,,,,,,,,,
10/31/2023,TGCR,5.3,5.24,5.29,5.31,5.37,567,,,,,,,,,,,
10/31/2023,BGCR,5.3,5.25,5.29,5.31,5.39,585,,,,,,,,,,,
10/31/2023,SOFR,5.35,5.26,5.3,5.4,5.45,1582,,,,,,,,,,,
10/30/2023,EFFR,5.33,5.3,5.32,5.33,5.5,97,5.25,5.5,,,,,,,,,
10/30/2023,OBFR,5.32,5.25,5.31,5.33,5.4,245,,,,,,,,,,,
10/30/2023,TGCR,5.3,5.24,5.29,5.3,5.32,552,,,,,,,,,,,
10/30/2023,BGCR,5.3,5.24,5.29,5.3,5.36,566,,,,,,,,,,,
10/30/2023,SOFR,5.31,5.26,5.3,5.35,5.4,1470,,,,,,,,,,,
10/27/2023,EFFR,5.33,5.3,5.32,5.34,5.55,94,5.25,5.5,,,,,,,,,
10/27/2023,OBFR,5.32,5.25,5.31,5.33,5.4,238,,,,,,,,,,,
10/27/2023,TGCR,5.3,5.25,5.29,5.3,5.32,556,,,,,,,,,,,
10/27/2023,BGCR,5.3,5.25,5.29,5.3,5.36,564,,,,,,,,,,,
10/27/2023,SOFR,5.31,5.26,5.3,5.36,5.4,1496,,,,,,,,,,,
10/26/2023,EFFR,5.33,5.3,5.32,5.34,5.5,100,5.25,5.5,,,,,,,,,
10/26/2023,OBFR,5.32,5.25,5.31,5.33,5.4,247,,,,,,,,,,,
10/26/2023,TGCR,5.3,5.25,5.29,5.3,5.32,557,,,,,,,,,,,
10/26/2023,BGCR,5.3,5.25,5.29,5.3,5.36,566,,,,,,,,,,,
10/26/2023,SOFR,5.31,5.27,5.3,5.36,5.4,1506,,,,,,,,,,,
10/25/2023,EFFR,5.33,5.3,5.32,5.34,5.55,93,5.25,5.5,,,,,,,,,
10/25/2023,OBFR,5.32,5.25,5.31,5.33,5.43,239,,,,,,,,,,,
10/25/2023,TGCR,5.3,5.25,5.28,5.3,5.32,554,,,,,,,,,,,
10/25/2023,BGCR,5.3,5.25,5.28,5.3,5.35,564,,,,,,,,,,,
10/25/2023,SOFR,5.3,5.26,5.3,5.34,5.39,1439,,,,,,,,,,,
10/24/2023,EFFR,5.33,5.3,5.32,5.34,5.55,83,5.25,5.5,,,,,,,,,
10/24/2023,OBFR,5.32,5.25,5.31,5.33,5.45,229,,,,,,,,,,,
10/24/2023,TGCR,5.3,5.24,5.27,5.3,5.33,553,,,,,,,,,,,
10/24/2023,BGCR,5.3,5.24,5.27,5.3,5.33,565,,,,,,,,,,,
10/24/2023,SOFR,5.3,5.25,5.3,5.33,5.38,1387,,,,,,,,,,,
10/23/2023,EFFR,5.33,5.3,5.32,5.34,5.55,88,5.25,5.5,,,,,,,,,
10/23/2023,OBFR,5.32,5.25,5.31,5.33,5.4,237,,,,,,,,,,,
10/23/2023,TGCR,5.3,5.22,5.27,5.3,5.32,545,,,,,,,,,,,
10/23/2023,BGCR,5.3,5.22,5.27,5.3,5.32,554,,,,,,,,,,,
10/23/2023,SOFR,5.3,5.25,5.29,5.31,5.37,1330,,,,,,,,,,,
10/20/2023,EFFR,5.33,5.3,5.32,5.34,5.55,87,5.25,5.5,,,,,,,,,
10/20/2023,OBFR,5.32,5.25,5.31,5.33,5.4,229,,,,,,,,,,,
10/20/2023,TGCR,5.3,5.24,5.27,5.3,5.32,548,,,,,,,,,,,
10/20/2023,BGCR,5.3,5.24,5.27,5.3,5.33,560,,,,,,,,,,,
10/20/2023,SOFR,5.3,5.25,5.3,5.33,5.37,1396,,,,,,,,,,,
10/19/2023,EFFR,5.33,5.3,5.32,5.34,5.55,90,5.25,5.5,,,,,,,,,
10/19/2023,OBFR,5.32,5.25,5.31,5.33,5.44,236,,,,,,,,,,,
10/19/2023,TGCR,5.3,5.24,5.27,5.3,5.33,556,,,,,,,,,,,
10/19/2023,BGCR,5.3,5.24,5.27,5.3,5.33,569,,,,,,,,,,,
10/19/2023,SOFR,5.3,5.25,5.3,5.33,5.38,1398,,,,,,,,,,,
10/18/2023,EFFR,5.33,5.3,5.32,5.34,5.55,89,5.25,5.5,,,,,,,,,
10/18/2023,OBFR,5.32,5.25,5.31,5.33,5.4,234,,,,,,,,,,,
10/18/2023,TGCR,5.3,5.24,5.28,5.3,5.33,559,,,,,,,,,,,
10/18/2023,BGCR,5.3,5.24,5.28,5.3,5.33,571,,,,,,,,,,,
10/18/2023,SOFR,5.3,5.25,5.3,5.34,5.4,1396,,,,,,,,,,,
10/17/2023,EFFR,5.33,5.3,5.32,5.34,5.55,93,5.25,5.5,,,,,,,,,
10/17/2023,OBFR,5.32,5.25,5.31,5.33,5.4,246,,,,,,,,,,,
10/17/2023,TGCR,5.3,5.25,5.29,5.3,5.33,560,,,,,,,,,,,
10/17/2023,BGCR,5.3,5.24,5.29,5.3,5.37,568,,,,,,,,,,,
10/17/2023,SOFR,5.31,5.26,5.3,5.37,5.42,1427,,,,,,,,,,,
10/16/2023,EFFR,5.33,5.3,5.32,5.34,5.55,96,5.25,5.5,,,,,,,,,
10/16/2023,OBFR,5.32,5.25,5.31,5.33,5.4,249,,,,,,,,,,,
10/16/2023,TGCR,5.3,5.23,5.29,5.3,5.33,565,,,,,,,,,,,
10/16/2023,BGCR,5.3,5.23,5.29,5.3,5.39,576,,,,,,,,,,,
10/16/2023,SOFR,5.31,5.26,5.3,5.39,5.43,1450,,,,,,,,,,,
10/13/2023,EFFR,5.33,5.3,5.32,5.33,5.5,99,5.25,5.5,,,,,,,,,
10/13/2023,OBFR,5.32,5.25,5.31,5.33,5.4,251,,,,,,,,,,,
10/13/2023,TGCR,5.3,5.25,5.29,5.3,5.34,562,,,,,,,,,,,
10/13/2023,BGCR,5.3,5.25,5.29,5.3,5.38,573,,,,,,,,,,,
10/13/2023,SOFR,5.31,5.26,5.3,5.38,5.43,1383,,,,,,,,,,,
10/12/2023,EFFR,5.33,5.3,5.32,5.33,5.53,103,5.25,5.5,,,,,,,,,
10/12/2023,OBFR,5.32,5.25,5.31,5.33,5.4,255,,,,,,,,,,,
10/12/2023,TGCR,5.3,5.25,5.29,5.3,5.34,568,,,,,,,,,,,
10/12/2023,BGCR,5.3,5.25,5.29,5.3,5.39,579,,,,,,,,,,,
10/12/2023,SOFR,5.31,5.26,5.3,5.39,5.43,1467,,,,,,,,,,,
10/11/2023,EFFR,5.33,5.3,5.32,5.34,5.55,94,5.25,5.5,,,,,,,,,
10/11/2023,OBFR,5.32,5.25,5.31,5.33,5.4,247,,,,,,,,,,,
10/11/2023,TGCR,5.3,5.26,5.29,5.3,5.33,556,,,,,,,,,,,
10/11/2023,BGCR,5.3,5.26,5.29,5.3,5.38,567,,,,,,,,,,,
10/11/2023,SOFR,5.31,5.26,5.3,5.39,5.43,1465,,,,,,,,,,,
10/10/2023,EFFR,5.33,5.3,5.32,5.34,5.55,95,5.25,5.5,,,,,,,,,
10/10/2023,OBFR,5.32,5.25,5.31,5.33,5.4,255,,,,,,,,,,,
10/10/2023,TGCR,5.3,5.25,5.29,5.3,5.33,552,,,,,,,,,,,
10/10/2023,BGCR,5.3,5.25,5.29,5.3,5.4,561,,,,,,,,,,,
10/10/2023,SOFR,5.31,5.26,5.3,5.39,5.43,1522,,,,,,,,,,,
10/06/2023,EFFR,5.33,5.3,5.32,5.33,5.53,100,5.25,5.5,,,,,,,,,
10/06/2023,OBFR,5.32,5.25,5.31,5.33,5.4,248,,,,,,,,,,,
10/06/2023,TGCR,5.3,5.26,5.29,5.3,5.34,558,,,,,,,,,,,
10/06/2023,BGCR,5.3,5.26,5.29,5.3,5.38,565,,,,,,,,,,,
10/06/2023,SOFR,5.31,5.26,5.3,5.38,5.42,1404,,,,,,,,,,,
10/05/2023,EFFR,5.33,5.3,5.32,5.34,5.55,102,5.25,5.5,,,,,,,,,
10/05/2023,OBFR,5.32,5.25,5.31,5.33,5.4,253,,,,,,,,,,,
10/05/2023,TGCR,5.3,5.25,5.29,5.3,5.34,564,,,,,,,,,,,
10/05/2023,BGCR,5.3,5.25,5.29,5.3,5.38,573,,,,,,,,,,,
10/05/2023,SOFR,5.32,5.26,5.3,5.38,5.42,1520,,,,,,,,,,,
10/04/2023,EFFR,5.33,5.3,5.32,5.34,5.53,103,5.25,5.5,,,,,,,,,
10/04/2023,OBFR,5.32,5.25,5.31,5.33,5.4,247,,,,,,,,,,,
10/04/2023,TGCR,5.3,5.25,5.3,5.3,5.37,542,,,,,,,,,,,
10/04/2023,BGCR,5.3,5.25,5.3,5.3,5.4,555,,,,,,,,,,,
10/04/2023,SOFR,5.32,5.27,5.3,5.38,5.43,1436,,,,,,,,,,,
10/03/2023,EFFR,5.33,5.3,5.32,5.34,5.55,94,5.25,5.5,,,,,,,,,
10/03/2023,OBFR,5.32,5.25,5.31,5.33,5.4,245,,,,,,,,,,,
10/03/2023,TGCR,5.3,5.25,5.3,5.31,5.37,533,,,,,,,,,,,
10/03/2023,BGCR,5.3,5.25,5.3,5.31,5.4,539,,,,,,,,,,,
10/03/2023,SOFR,5.33,5.28,5.31,5.4,5.44,1498,,,,,,,,,,,
10/02/2023,EFFR,5.33,5.3,5.32,5.34,5.55,89,5.25,5.5,,,,,,,,,
10/02/2023,OBFR,5.32,5.25,5.31,5.33,5.4,240,,,,,,,,,,,
10/02/2023,TGCR,5.3,5.25,5.29,5.3,5.35,526,,,,,,,,,,,
10/02/2023,BGCR,5.3,5.25,5.29,5.3,5.4,537,,,,,,,,,,,
10/02/2023,SOFR,5.32,5.27,5.3,5.4,5.43,1513,,,,,,,,,,,
09/29/2023,EFFR,5.33,5.3,5.32,5.34,5.55,86,5.25,5.5,,,,,,,,,
09/29/2023,OBFR,5.32,5.25,5.31,5.33,5.5,174,,,,,,,,,,,
09/29/2023,TGCR,5.3,3,5.29,5.3,5.37,496,,,,,,,,,,,
09/29/2023,BGCR,5.3,3,5.29,5.3,5.38,510,,,,,,,,,,,
09/29/2023,SOFR,5.31,5.25,5.3,5.37,5.42,1537,,,,,,,,,,,
09/28/2023,EFFR,5.33,5.3,5.32,5.34,5.44,104,5.25,5.5,,,,,,,,,
09/28/2023,OBFR,5.32,5.25,5.31,5.33,5.4,259,,,,,,,,,,,
09/28/2023,TGCR,5.3,5.24,5.29,5.3,5.37,530,,,,,,,,,,,
09/28/2023,BGCR,5.3,5.24,5.29,5.3,5.37,538,,,,,,,,,,,
09/28/2023,SOFR,5.31,5.26,5.3,5.38,5.43,1535,,,,,,,,,,,
09/27/2023,EFFR,5.33,5.3,5.32,5.34,5.55,99,5.25,5.5,,,,,,,,,
09/27/2023,OBFR,5.32,5.25,5.31,5.33,5.4,255,,,,,,,,,,,
09/27/2023,TGCR,5.3,5.25,5.3,5.31,5.37,544,,,,,,,,,,,
09/27/2023,BGCR,5.3,5.25,5.3,5.31,5.38,554,,,,,,,,,,,
09/27/2023,SOFR,5.32,5.27,5.3,5.39,5.43,1388,,,,,,,,,,,
09/26/2023,EFFR,5.33,5.3,5.32,5.34,5.55,96,5.25,5.5,,,,,,,,,
09/26/2023,OBFR,5.32,5.25,5.31,5.33,5.4,260,,,,,,,,,,,
09/26/2023,TGCR,5.3,5.25,5.3,5.3,5.37,555,,,,,,,,,,,
09/26/2023,BGCR,5.3,5.25,5.3,5.31,5.39,568,,,,,,,,,,,
09/26/2023,SOFR,5.31,5.27,5.3,5.39,5.43,1561,,,,,,,,,,,
09/25/2023,EFFR,5.33,5.3,5.32,5.34,5.55,93,5.25,5.5,,,,,,,,,
09/25/2023,OBFR,5.32,5.25,5.31,5.33,5.4,260,,,,,,,,,,,
09/25/2023,TGCR,5.3,5.24,5.29,5.3,5.34,561,,,,,,,,,,,
09/25/2023,BGCR,5.3,5.24,5.29,5.3,5.37,579,,,,,,,,,,,
09/25/2023,SOFR,5.31,5.25,5.3,5.36,5.41,1524,,,,,,,,,,,
09/22/2023,EFFR,5.33,5.3,5.32,5.34,5.55,94,5.25,5.5,,,,,,,,,
09/22/2023,OBFR,5.32,5.25,5.31,5.33,5.4,252,,,,,,,,,,,
09/22/2023,TGCR,5.3,5.25,5.28,5.3,5.32,563,,,,,,,,,,,
09/22/2023,BGCR,5.3,5.25,5.28,5.3,5.36,579,,,,,,,,,,,
09/22/2023,SOFR,5.3,5.25,5.3,5.35,5.39,1511,,,,,,,,,,,
09/21/2023,EFFR,5.33,5.3,5.32,5.34,5.55,87,5.25,5.5,,,,,,,,,
09/21/2023,OBFR,5.32,5.25,5.31,5.33,5.41,252,,,,,,,,,,,
09/21/2023,TGCR,5.3,5.23,5.28,5.3,5.32,559,,,,,,,,,,,
09/21/2023,BGCR,5.3,5.23,5.28,5.3,5.35,577,,,,,,,,,,,
09/21/2023,SOFR,5.3,5.25,5.3,5.35,5.39,1522,,,,,,,,,,,
09/20/2023,EFFR,5.33,5.3,5.32,5.34,5.55,89,5.25,5.5,,,,,,,,,
09/20/2023,OBFR,5.32,5.27,5.31,5.33,5.4,253,,,,,,,,,,,
09/20/2023,TGCR,5.3,5.25,5.28,5.3,5.32,554,,,,,,,,,,,
09/20/2023,BGCR,5.3,5.25,5.28,5.3,5.36,568,,,,,,,,,,,
09/20/2023,SOFR,5.3,5.25,5.3,5.34,5.39,1492,,,,,,,,,,,
09/19/2023,EFFR,5.33,5.3,5.32,5.34,5.55,90,5.25,5.5,,,,,,,,,
09/19/2023,OBFR,5.32,5.25,5.31,5.33,5.4,261,,,,,,,,,,,
09/19/2023,TGCR,5.3,5.25,5.28,5.3,5.32,555,,,,,,,,,,,
09/19/2023,BGCR,5.3,5.25,5.28,5.3,5.36,567,,,,,,,,,,,
09/19/2023,SOFR,5.31,5.25,5.3,5.36,5.4,1562,,,,,,,,,,,
09/18/2023,EFFR,5.33,5.3,5.32,5.34,5.53,94,5.25,5.5,,,,,,,,,
09/18/2023,OBFR,5.32,5.25,5.31,5.33,5.4,259,,,,,,,,,,,
09/18/2023,TGCR,5.3,5.25,5.29,5.3,5.34,561,,,,,,,,,,,
09/18/2023,BGCR,5.3,5.25,5.29,5.3,5.37,574,,,,,,,,,,,
09/18/2023,SOFR,5.31,5.26,5.3,5.37,5.41,1565,,,,,,,,,,,
09/15/2023,EFFR,5.33,5.3,5.32,5.33,5.5,96,5.25,5.5,,,,,,,,,
09/15/2023,OBFR,5.32,5.25,5.31,5.33,5.4,263,,,,,,,,,,,
09/15/2023,TGCR,5.3,5.24,5.29,5.3,5.32,570,,,,,,,,,,,
09/15/2023,BGCR,5.3,5.24,5.29,5.3,5.37,584,,,,,,,,,,,
09/15/2023,SOFR,5.31,5.25,5.3,5.36,5.4,1586,,,,,,,,,,,
09/14/2023,EFFR,5.33,5.3,5.32,5.34,5.55,92,5.25,5.5,,,,,,,,,
09/14/2023,OBFR,5.31,5.25,5.31,5.33,5.4,252,,,,,,,,,,,
09/14/2023,TGCR,5.3,5.22,5.28,5.3,5.35,563,,,,,,,,,,,
09/14/2023,BGCR,5.3,5.23,5.28,5.3,5.36,575,,,,,,,,,,,
09/14/2023,SOFR,5.3,5.25,5.3,5.35,5.39,1436,,,,,,,,,,,
09/13/2023,EFFR,5.33,5.3,5.32,5.33,5.55,104,5.25,5.5,,,,,,,,,
09/13/2023,OBFR,5.32,5.25,5.31,5.33,5.45,264,,,,,,,,,,,
09/13/2023,TGCR,5.3,5.25,5.28,5.3,5.35,556,,,,,,,,,,,
09/13/2023,BGCR,5.3,5.25,5.28,5.3,5.36,570,,,,,,,,,,,
09/13/2023,SOFR,5.3,5.25,5.3,5.35,5.39,1385,,,,,,,,,,,
09/12/2023,EFFR,5.33,5.3,5.32,5.33,5.5,108,5.25,5.5,,,,,,,,,
09/12/2023,OBFR,5.32,5.27,5.31,5.33,5.45,274,,,,,,,,,,,
09/12/2023,TGCR,5.3,5.24,5.28,5.3,5.35,561,,,,,,,,,,,
09/12/2023,BGCR,5.3,5.24,5.28,5.3,5.36,573,,,,,,,,,,,
09/12/2023,SOFR,5.3,5.25,5.3,5.35,5.39,1448,,,,,,,,,,,
09/11/2023,EFFR,5.33,5.3,5.32,5.33,5.5,105,5.25,5.5,,,,,,,,,
09/11/2023,OBFR,5.32,5.27,5.31,5.33,5.4,270,,,,,,,,,,,
09/11/2023,TGCR,5.3,5.24,5.28,5.3,5.35,560,,,,,,,,,,,
09/11/2023,BGCR,5.3,5.24,5.28,5.3,5.36,572,,,,,,,,,,,
09/11/2023,SOFR,5.3,5.25,5.3,5.35,5.39,1378,,,,,,,,,,,
09/08/2023,EFFR,5.33,5.3,5.32,5.33,5.5,104,5.25,5.5,,,,,,,,,
09/08/2023,OBFR,5.32,5.27,5.31,5.33,5.4,267,,,,,,,,,,,
09/08/2023,TGCR,5.3,5.24,5.28,5.3,5.34,561,,,,,,,,,,,
09/08/2023,BGCR,5.3,5.24,5.28,5.3,5.36,572,,,,,,,,,,,
09/08/2023,SOFR,5.3,5.25,5.3,5.35,5.39,1420,,,,,,,,,,,
09/07/2023,EFFR,5.33,5.3,5.32,5.33,5.5,105,5.25,5.5,,,,,,,,,
09/07/2023,OBFR,5.31,5.25,5.31,5.33,5.4,266,,,,,,,,,,,
09/07/2023,TGCR,5.3,5.24,5.28,5.3,5.35,565,,,,,,,,,,,
09/07/2023,BGCR,5.3,5.25,5.28,5.3,5.35,574,,,,,,,,,,,
09/07/2023,SOFR,5.31,5.25,5.3,5.35,5.4,1479,,,,,,,,,,,
09/06/2023,EFFR,5.33,5.3,5.32,5.33,5.5,100,5.25,5.5,,,,,,,,,
09/06/2023,OBFR,5.32,5.27,5.31,5.33,5.4,250,,,,,,,,,,,
09/06/2023,TGCR,5.29,5.23,5.28,5.3,5.35,543,,,,,,,,,,,
09/06/2023,BGCR,5.3,5.24,5.28,5.3,5.35,552,,,,,,,,,,,
09/06/2023,SOFR,5.3,5.25,5.3,5.35,5.39,1391,,,,,,,,,,,
09/05/2023,EFFR,5.33,5.3,5.32,5.33,5.5,102,5.25,5.5,,,,,,,,,
09/05/2023,OBFR,5.32,5.25,5.31,5.33,5.4,259,,,,,,,,,,,
09/05/2023,TGCR,5.29,5.23,5.28,5.3,5.33,546,,,,,,,,,,,
09/05/2023,BGCR,5.29,5.23,5.28,5.3,5.36,553,,,,,,,,,,,
09/05/2023,SOFR,5.31,5.25,5.3,5.36,5.4,1472,,,,,,,,,,,
09/01/2023,EFFR,5.33,5.3,5.32,5.34,5.5,104,5.25,5.5,,,,,,,,,
09/01/2023,OBFR,5.32,5.25,5.31,5.33,5.38,266,,,,,,,,,,,
09/01/2023,TGCR,5.3,5.24,5.28,5.3,5.35,554,,,,,,,,,,,
09/01/2023,BGCR,5.3,5.24,5.28,5.3,5.36,559,,,,,,,,,,,
09/01/2023,SOFR,5.31,5.25,5.3,5.36,5.4,1458,,,,,,,,,,,
08/31/2023,EFFR,5.33,5.3,5.32,5.33,5.5,97,5.25,5.5,,,,,,,,,
08/31/2023,OBFR,5.32,5.25,5.31,5.33,5.4,231,,,,,,,,,,,
08/31/2023,TGCR,5.3,5.24,5.28,5.3,5.36,550,,,,,,,,,,,
08/31/2023,BGCR,5.3,5.24,5.28,5.3,5.36,557,,,,,,,,,,,
08/31/2023,SOFR,5.31,5.25,5.3,5.36,5.4,1549,,,,,,,,,,,
08/30/2023,EFFR,5.33,5.3,5.32,5.33,5.5,100,5.25,5.5,,,,,,,,,
08/30/2023,OBFR,5.31,5.02,5.31,5.33,5.38,248,,,,,,,,,,,
08/30/2023,TGCR,5.28,5.24,5.28,5.3,5.34,538,,,,,,,,,,,
08/30/2023,BGCR,5.29,5.24,5.28,5.3,5.35,549,,,,,,,,,,,
08/30/2023,SOFR,5.3,5.25,5.3,5.34,5.4,1311,,,,,,,,,,,
08/29/2023,EFFR,5.33,5.3,5.32,5.33,5.55,102,5.25,5.5,,,,,,,,,
08/29/2023,OBFR,5.32,5.25,5.31,5.33,5.4,254,,,,,,,,,,,
08/29/2023,TGCR,5.28,5.23,5.28,5.3,5.35,534,,,,,,,,,,,
08/29/2023,BGCR,5.29,5.23,5.28,5.3,5.36,542,,,,,,,,,,,
08/29/2023,SOFR,5.3,5.25,5.3,5.35,5.4,1314,,,,,,,,,,,
08/28/2023,EFFR,5.33,5.3,5.31,5.33,5.5,107,5.25,5.5,,,,,,,,,
08/28/2023,OBFR,5.31,5.25,5.31,5.33,5.4,262,,,,,,,,,,,
08/28/2023,TGCR,5.28,5.23,5.28,5.3,5.34,547,,,,,,,,,,,
08/28/2023,BGCR,5.29,5.23,5.28,5.3,5.36,558,,,,,,,,,,,
08/28/2023,SOFR,5.3,5.25,5.3,5.35,5.39,1384,,,,,,,,,,,
08/25/2023,EFFR,5.33,5.3,5.32,5.33,5.5,103,5.25,5.5,,,,,,,,,
08/25/2023,OBFR,5.31,5.25,5.31,5.33,5.38,261,,,,,,,,,,,
08/25/2023,TGCR,5.28,5.23,5.27,5.3,5.34,543,,,,,,,,,,,
08/25/2023,BGCR,5.28,5.23,5.27,5.3,5.35,550,,,,,,,,,,,
08/25/2023,SOFR,5.3,5.25,5.3,5.35,5.39,1344,,,,,,,,,,,
08/24/2023,EFFR,5.33,5.3,5.32,5.33,5.5,105,5.25,5.5,,,,,,,,,
08/24/2023,OBFR,5.31,5.25,5.31,5.33,5.38,267,,,,,,,,,,,
08/24/2023,TGCR,5.28,5.23,5.27,5.3,5.33,553,,,,,,,,,,,
08/24/2023,BGCR,5.28,5.23,5.27,5.3,5.34,561,,,,,,,,,,,
08/24/2023,SOFR,5.3,5.25,5.29,5.34,5.38,1344,,,,,,,,,,,
08/23/2023,EFFR,5.33,5.3,5.32,5.33,5.55,105,5.25,5.5,,,,,,,,,
08/23/2023,OBFR,5.32,5.27,5.31,5.33,5.39,265,,,,,,,,,,,
08/23/2023,TGCR,5.27,5.22,5.26,5.3,5.33,536,,,,,,,,,,,
08/23/2023,BGCR,5.27,5.22,5.26,5.3,5.33,542,,,,,,,,,,,
08/23/2023,SOFR,5.3,5.24,5.28,5.33,5.37,1270,,,,,,,,,,,
08/22/2023,EFFR,5.33,5.3,5.32,5.33,5.55,101,5.25,5.5,,,,,,,,,
08/22/2023,OBFR,5.31,5.25,5.31,5.33,5.39,273,,,,,,,,,,,
08/22/2023,TGCR,5.27,5.22,5.26,5.3,5.31,543,,,,,,,,,,,
08/22/2023,BGCR,5.27,5.22,5.26,5.3,5.32,550,,,,,,,,,,,
08/22/2023,SOFR,5.3,5.23,5.27,5.32,5.37,1307,,,,,,,,,,,
08/21/2023,EFFR,5.33,5.3,5.32,5.33,5.55,100,5.25,5.5,,,,,,,,,
08/21/2023,OBFR,5.31,5.27,5.31,5.33,5.4,263,,,,,,,,,,,
08/21/2023,TGCR,5.27,5.2,5.26,5.3,5.31,540,,,,,,,,,,,
08/21/2023,BGCR,5.27,5.2,5.26,5.3,5.31,549,,,,,,,,,,,
08/21/2023,SOFR,5.3,5.23,5.27,5.31,5.36,1322,,,,,,,,,,,
08/18/2023,EFFR,5.33,5.3,5.32,5.33,5.55,100,5.25,5.5,,,,,,,,,
08/18/2023,OBFR,5.32,5.27,5.31,5.33,5.4,257,,,,,,,,,,,
08/18/2023,TGCR,5.27,5.22,5.26,5.3,5.31,541,,,,,,,,,,,
08/18/2023,BGCR,5.27,5.22,5.26,5.3,5.31,549,,,,,,,,,,,
08/18/2023,SOFR,5.3,5.24,5.28,5.31,5.37,1314,,,,,,,,,,,
08/17/2023,EFFR,5.33,5.3,5.32,5.33,5.6,98,5.25,5.5,,,,,,,,,
08/17/2023,OBFR,5.32,5.25,5.31,5.33,5.4,259,,,,,,,,,,,
08/17/2023,TGCR,5.27,5.22,5.26,5.3,5.32,548,,,,,,,,,,,
08/17/2023,BGCR,5.28,5.23,5.26,5.3,5.35,564,,,,,,,,,,,
08/17/2023,SOFR,5.3,5.25,5.29,5.33,5.38,1343,,,,,,,,,,,
08/16/2023,EFFR,5.33,5.3,5.32,5.34,5.65,96,5.25,5.5,,,,,,,,,
08/16/2023,OBFR,5.32,5.27,5.31,5.33,5.4,251,,,,,,,,,,,
08/16/2023,TGCR,5.28,5.22,5.27,5.3,5.34,538,,,,,,,,,,,
08/16/2023,BGCR,5.28,5.23,5.27,5.3,5.35,550,,,,,,,,,,,
08/16/2023,SOFR,5.3,5.25,5.29,5.34,5.39,1391,,,,,,,,,,,
08/15/2023,EFFR,5.33,5.3,5.32,5.33,5.65,102,5.25,5.5,,,,,,,,,
08/15/2023,OBFR,5.32,5.27,5.31,5.33,5.4,268,,,,,,,,,,,
08/15/2023,TGCR,5.28,5.23,5.27,5.3,5.36,541,,,,,,,,,,,
08/15/2023,BGCR,5.29,5.23,5.27,5.3,5.36,558,,,,,,,,,,,
08/15/2023,SOFR,5.3,5.25,5.3,5.35,5.4,1413,,,,,,,,,,,
08/14/2023,EFFR,5.33,5.3,5.32,5.33,5.65,103,5.25,5.5,,,,,,,,,
08/14/2023,OBFR,5.32,5.27,5.31,5.33,5.4,261,,,,,,,,,,,
08/14/2023,TGCR,5.28,5.23,5.27,5.3,5.33,552,,,,,,,,,,,
08/14/2023,BGCR,5.28,5.23,5.27,5.3,5.34,564,,,,,,,,,,,
08/14/2023,SOFR,5.3,5.25,5.29,5.34,5.39,1333,,,,,,,,,,,
08/11/2023,EFFR,5.33,5.3,5.31,5.33,5.65,105,5.25,5.5,,,,,,,,,
08/11/2023,OBFR,5.31,5.27,5.31,5.33,5.4,271,,,,,,,,,,,
08/11/2023,TGCR,5.28,5.22,5.27,5.3,5.33,547,,,,,,,,,,,
08/11/2023,BGCR,5.28,5.22,5.27,5.3,5.34,561,,,,,,,,,,,
08/11/2023,SOFR,5.3,5.25,5.29,5.34,5.39,1347,,,,,,,,,,,
08/10/2023,EFFR,5.33,5.3,5.32,5.33,5.65,108,5.25,5.5,,,,,,,,,
08/10/2023,OBFR,5.32,5.26,5.31,5.33,5.39,275,,,,,,,,,,,
08/10/2023,TGCR,5.28,5.22,5.27,5.3,5.31,555,,,,,,,,,,,
08/10/2023,BGCR,5.28,5.22,5.27,5.3,5.34,566,,,,,,,,,,,
08/10/2023,SOFR,5.3,5.25,5.3,5.34,5.38,1360,,,,,,,,,,,
08/09/2023,EFFR,5.33,5.3,5.31,5.33,5.65,111,5.25,5.5,,,,,,,,,
08/09/2023,OBFR,5.31,5.27,5.31,5.33,5.4,282,,,,,,,,,,,
08/09/2023,TGCR,5.27,5.23,5.26,5.3,5.32,551,,,,,,,,,,,
08/09/2023,BGCR,5.27,5.23,5.26,5.3,5.32,561,,,,,,,,,,,
08/09/2023,SOFR,5.3,5.24,5.28,5.32,5.38,1322,,,,,,,,,,,
08/08/2023,EFFR,5.33,5.3,5.32,5.33,5.65,110,5.25,5.5,,,,,,,,,
08/08/2023,OBFR,5.32,5.27,5.31,5.33,5.4,284,,,,,,,,,,,
08/08/2023,TGCR,5.27,5.22,5.26,5.3,5.31,561,,,,,,,,,,,
08/08/2023,BGCR,5.28,5.22,5.26,5.3,5.33,572,,,,,,,,,,,
08/08/2023,SOFR,5.3,5.23,5.28,5.31,5.38,1340,,,,,,,,,,,
08/07/2023,EFFR,5.33,5.3,5.32,5.33,5.65,106,5.25,5.5,,,,,,,,,
08/07/2023,OBFR,5.32,5.27,5.31,5.33,5.4,273,,,,,,,,,,,
08/07/2023,TGCR,5.28,5.23,5.26,5.3,5.31,566,,,,,,,,,,,
08/07/2023,BGCR,5.28,5.23,5.26,5.3,5.31,576,,,,,,,,,,,
08/07/2023,SOFR,5.3,5.23,5.28,5.31,5.38,1349,,,,,,,,,,,
08/04/2023,EFFR,5.33,5.3,5.32,5.33,5.65,112,5.25,5.5,,,,,,,,,
08/04/2023,OBFR,5.32,5.27,5.31,5.33,5.4,270,,,,,,,,,,,
08/04/2023,TGCR,5.28,5.23,5.26,5.3,5.31,567,,,,,,,,,,,
08/04/2023,BGCR,5.28,5.23,5.26,5.3,5.32,580,,,,,,,,,,,
08/04/2023,SOFR,5.3,5.23,5.29,5.32,5.38,1369,,,,,,,,,,,
08/03/2023,EFFR,5.33,5.3,5.32,5.33,5.65,105,5.25,5.5,,,,,,,,,
08/03/2023,OBFR,5.32,5.25,5.31,5.33,5.41,263,,,,,,,,,,,
08/03/2023,TGCR,5.28,5.23,5.27,5.3,5.31,572,,,,,,,,,,,
08/03/2023,BGCR,5.28,5.23,5.27,5.3,5.34,579,,,,,,,,,,,
08/03/2023,SOFR,5.3,5.24,5.29,5.34,5.39,1413,,,,,,,,,,,
08/02/2023,EFFR,5.33,5.3,5.32,5.33,5.65,105,5.25,5.5,,,,,,,,,
08/02/2023,OBFR,5.32,5.27,5.31,5.33,5.4,266,,,,,,,,,,,
08/02/2023,TGCR,5.28,5.24,5.27,5.3,5.32,565,,,,,,,,,,,
08/02/2023,BGCR,5.28,5.24,5.27,5.3,5.34,582,,,,,,,,,,,
08/02/2023,SOFR,5.3,5.25,5.3,5.34,5.39,1416,,,,,,,,,,,
08/01/2023,EFFR,5.33,5.3,5.32,5.33,5.65,108,5.25,5.5,,,,,,,,,
08/01/2023,OBFR,5.32,5.27,5.31,5.33,5.4,268,,,,,,,,,,,
08/01/2023,TGCR,5.28,5.25,5.27,5.3,5.35,579,,,,,,,,,,,
08/01/2023,BGCR,5.28,5.25,5.27,5.3,5.36,589,,,,,,,,,,,
08/01/2023,SOFR,5.31,5.25,5.3,5.35,5.4,1495,,,,,,,,,,,
07/31/2023,EFFR,5.33,5.3,5.32,5.34,5.65,103,5.25,5.5,,,,,,,,,
07/31/2023,OBFR,5.32,5.26,5.3,5.33,5.5,237,,,,,,,,,,,
07/31/2023,TGCR,5.28,5.25,5.28,5.3,5.32,574,,,,,,,,,,,
07/31/2023,BGCR,5.29,5.25,5.28,5.3,5.36,583,,,,,,,,,,,
07/31/2023,SOFR,5.31,5.25,5.3,5.36,5.41,1551,,,,,,,,,,,
07/28/2023,EFFR,5.33,5.3,5.32,5.33,5.65,106,5.25,5.5,,,,,,,,,
07/28/2023,OBFR,5.32,5.25,5.31,5.33,5.4,258,,,,,,,,,,,
07/28/2023,TGCR,5.28,5.24,5.28,5.3,5.32,574,,,,,,,,,,,
07/28/2023,BGCR,5.28,5.23,5.28,5.3,5.36,597,,,,,,,,,,,
07/28/2023,SOFR,5.3,5.25,5.3,5.36,5.41,1419,,,,,,,,,,,
07/27/2023,EFFR,5.33,5.3,5.32,5.33,5.65,105,5.25,5.5,,,,,,,,,
07/27/2023,OBFR,5.32,5.24,5.31,5.33,5.45,261,,,,,,,,,,,
07/27/2023,TGCR,5.28,5.07,5.28,5.3,5.32,583,,,,,,,,,,,
07/27/2023,BGCR,5.28,5.07,5.28,5.3,5.37,591,,,,,,,,,,,
07/27/2023,SOFR,5.31,5.07,5.3,5.37,5.42,1501,,,,,,,,,,,
07/26/2023,EFFR,5.08,5.05,5.07,5.09,5.4,98,5,5.25,,,,,,,,,
07/26/2023,OBFR,5.07,5.02,5.06,5.08,5.25,265,,,,,,,,,,,
07/26/2023,TGCR,5.04,5,5.03,5.05,5.07,582,,,,,,,,,,,
07/26/2023,BGCR,5.04,5,5.03,5.05,5.11,589,,,,,,,,,,,
07/26/2023,SOFR,5.06,5,5.05,5.11,5.16,1452,,,,,,,,,,,
07/25/2023,EFFR,5.08,5.05,5.07,5.08,5.4,89,5,5.25,,,,,,,,,1
07/25/2023,OBFR,5.06,5.02,5.06,5.08,5.25,247,,,,,,,,,,,1
07/25/2023,TGCR,5.03,4.99,5.03,5.05,5.07,584,,,,,,,,,,,
07/25/2023,BGCR,5.03,4.99,5.03,5.05,5.12,595,,,,,,,,,,,
07/25/2023,SOFR,5.06,5,5.05,5.1,5.15,1470,,,,,,,,,,,
07/24/2023,EFFR,5.08,5.05,5.06,5.08,5.4,101,5,5.25,,,,,,,,,
07/24/2023,OBFR,5.07,5.02,5.06,5.08,5.25,260,,,,,,,,,,,
07/24/2023,TGCR,5.03,4.99,5.02,5.05,5.06,579,,,,,,,,,,,
07/24/2023,BGCR,5.03,4.98,5.02,5.05,5.11,589,,,,,,,,,,,
07/24/2023,SOFR,5.05,5,5.05,5.09,5.13,1365,,,,,,,,,,,
07/21/2023,EFFR,5.08,5.05,5.06,5.08,5.4,110,5,5.25,,,,,,,,,
07/21/2023,OBFR,5.07,5.02,5.06,5.08,5.25,262,,,,,,,,,,,
07/21/2023,TGCR,5.03,5,5.02,5.05,5.07,582,,,,,,,,,,,
07/21/2023,BGCR,5.03,5,5.02,5.05,5.1,590,,,,,,,,,,,
07/21/2023,SOFR,5.05,5,5.05,5.09,5.14,1400,,,,,,,,,,,
07/20/2023,EFFR,5.08,5.05,5.06,5.08,5.4,111,5,5.25,,,,,,,,,
07/20/2023,OBFR,5.07,5,5.06,5.08,5.25,272,,,,,,,,,,,
07/20/2023,TGCR,5.03,4.99,5.02,5.05,5.07,579,,,,,,,,,,,
07/20/2023,BGCR,5.03,4.99,5.02,5.05,5.11,589,,,,,,,,,,,
07/20/2023,SOFR,5.06,5,5.05,5.1,5.14,1460,,,,,,,,,,,
07/19/2023,EFFR,5.08,5.05,5.07,5.08,5.4,106,5,5.25,,,,,,,,,
07/19/2023,OBFR,5.07,5.02,5.06,5.08,5.25,262,,,,,,,,,,,
07/19/2023,TGCR,5.03,5,5.02,5.05,5.07,581,,,,,,,,,,,
07/19/2023,BGCR,5.03,5,5.02,5.05,5.12,589,,,,,,,,,,,
07/19/2023,SOFR,5.05,5,5.05,5.1,5.14,1456,,,,,,,,,,,
07/18/2023,EFFR,5.08,5.05,5.07,5.08,5.4,106,5,5.25,,,,,,,,,
07/18/2023,OBFR,5.07,5.02,5.06,5.08,5.25,264,,,,,,,,,,,
07/18/2023,TGCR,5.03,5,5.02,5.05,5.08,591,,,,,,,,,,,
07/18/2023,BGCR,5.04,5,5.02,5.05,5.12,600,,,,,,,,,,,
07/18/2023,SOFR,5.06,5,5.05,5.1,5.15,1482,,,,,,,,,,,
07/17/2023,EFFR,5.08,5.05,5.06,5.08,5.4,112,5,5.25,,,,,,,,,
07/17/2023,OBFR,5.07,5.02,5.06,5.08,5.25,265,,,,,,,,,,,
07/17/2023,TGCR,5.03,4.99,5.02,5.05,5.07,583,,,,,,,,,,,
07/17/2023,BGCR,5.03,4.99,5.02,5.05,5.11,591,,,,,,,,,,,
07/17/2023,SOFR,5.06,5,5.05,5.11,5.15,1524,,,,,,,,,,,
07/14/2023,EFFR,5.08,5.05,5.06,5.08,5.4,115,5,5.25,,,,,,,,,
07/14/2023,OBFR,5.07,5.02,5.06,5.08,5.2,270,,,,,,,,,,,
07/14/2023,TGCR,5.03,4.99,5.02,5.05,5.08,590,,,,,,,,,,,
07/14/2023,BGCR,5.03,4.99,5.02,5.05,5.11,598,,,,,,,,,,,
07/14/2023,SOFR,5.05,5,5.05,5.1,5.15,1448,,,,,,,,,,,
07/13/2023,EFFR,5.08,5.05,5.06,5.08,5.4,122,5,5.25,,,,,,,,,
07/13/2023,OBFR,5.07,5.02,5.06,5.08,5.2,269,,,,,,,,,,,
07/13/2023,TGCR,5.04,4.99,5.01,5.05,5.09,591,,,,,,,,,,,
07/13/2023,BGCR,5.04,4.99,5.01,5.05,5.11,607,,,,,,,,,,,
07/13/2023,SOFR,5.06,5,5.05,5.09,5.14,1445,,,,,,,,,,,
07/12/2023,EFFR,5.08,5.05,5.06,5.08,5.4,116,5,5.25,,,,,,,,,
07/12/2023,OBFR,5.07,5.02,5.06,5.08,5.25,263,,,,,,,,,,,
07/12/2023,TGCR,5.03,4.99,5.02,5.05,5.07,574,,,,,,,,,,,
07/12/2023,BGCR,5.04,4.99,5.02,5.05,5.1,585,,,,,,,,,,,
07/12/2023,SOFR,5.05,5,5.05,5.09,5.15,1361,,,,,,,,,,,
07/11/2023,EFFR,5.08,5.05,5.06,5.08,5.35,121,5,5.25,,,,,,,,,
07/11/2023,OBFR,5.06,5.02,5.06,5.08,5.2,274,,,,,,,,,,,
07/11/2023,TGCR,5.04,4.99,5.02,5.05,5.07,582,,,,,,,,,,,
07/11/2023,BGCR,5.04,4.99,5.02,5.05,5.11,590,,,,,,,,,,,
07/11/2023,SOFR,5.06,5,5.05,5.11,5.15,1439,,,,,,,,,,,
07/10/2023,EFFR,5.07,5.05,5.06,5.08,5.3,125,5,5.25,,,,,,,,,
07/10/2023,OBFR,5.07,5.02,5.06,5.08,5.15,270,,,,,,,,,,,
07/10/2023,TGCR,5.04,4.97,5.03,5.05,5.07,586,,,,,,,,,,,
07/10/2023,BGCR,5.04,4.97,5.03,5.05,5.13,597,,,,,,,,,,,
07/10/2023,SOFR,5.06,5,5.05,5.12,5.17,1506,,,,,,,,,,,
07/07/2023,EFFR,5.08,5.05,5.06,5.08,5.3,127,5,5.25,,,,,,,,,
07/07/2023,OBFR,5.07,5.02,5.06,5.08,5.15,268,,,,,,,,,,,
07/07/2023,TGCR,5.04,5,5.03,5.05,5.1,578,,,,,,,,,,,
07/07/2023,BGCR,5.04,5,5.03,5.05,5.14,590,,,,,,,,,,,
07/07/2023,SOFR,5.06,5,5.05,5.13,5.17,1547,,,,,,,,,,,
07/06/2023,EFFR,5.08,5.05,5.06,5.08,5.35,119,5,5.25,,,,,,,,,
07/06/2023,OBFR,5.07,5,5.06,5.08,5.15,269,,,,,,,,,,,
07/06/2023,TGCR,5.04,4.99,5.04,5.05,5.09,577,,,,,,,,,,,
07/06/2023,BGCR,5.04,4.99,5.04,5.05,5.14,583,,,,,,,,,,,
07/06/2023,SOFR,5.06,5,5.05,5.13,5.18,1573,,,,,,,,,,,
07/05/2023,EFFR,5.08,5.05,5.06,5.08,5.3,123,5,5.25,,,,,,,,,
07/05/2023,OBFR,5.07,5.02,5.06,5.08,5.15,269,,,,,,,,,,,
07/05/2023,TGCR,5.05,4.99,5.03,5.05,5.09,577,,,,,,,,,,,
07/05/2023,BGCR,5.05,4.99,5.03,5.05,5.13,582,,,,,,,,,,,
07/05/2023,SOFR,5.06,5,5.05,5.13,5.17,1589,,,,,,,,,,,
07/03/2023,EFFR,5.08,5.05,5.06,5.08,5.3,124,5,5.25,,,,,,,,,
07/03/2023,OBFR,5.07,5.02,5.06,5.08,5.15,259,,,,,,,,,,,
07/03/2023,TGCR,5.05,4.99,5.04,5.05,5.11,565,,,,,,,,,,,
07/03/2023,BGCR,5.05,4.99,5.04,5.05,5.15,575,,,,,,,,,,,
07/03/2023,SOFR,5.06,5,5.05,5.14,5.18,1579,,,,,,,,,,,
06/30/2023,EFFR,5.08,5.05,5.07,5.09,5.4,97,5,5.25,,,,,,,,,
06/30/2023,OBFR,5.07,5,5.06,5.08,5.25,181,,,,,,,,,,,
06/30/2023,TGCR,5.05,3,5.05,5.06,5.09,548,,,,,,,,,,,
06/30/2023,BGCR,5.05,3,5.05,5.06,5.15,556,,,,,,,,,,,
06/30/2023,SOFR,5.09,4.95,5.05,5.16,5.22,1549,,,,,,,,,,,
06/29/2023,EFFR,5.07,5.05,5.06,5.08,5.3,135,5,5.25,,,,,,,,,
06/29/2023,OBFR,5.07,4.98,5.06,5.08,5.18,270,,,,,,,,,,,
06/29/2023,TGCR,5.05,5,5.05,5.05,5.1,578,,,,,,,,,,,
06/29/2023,BGCR,5.05,5,5.05,5.05,5.14,588,,,,,,,,,,,
06/29/2023,SOFR,5.06,5,5.05,5.14,5.19,1542,,,,,,,,,,,
06/28/2023,EFFR,5.07,5.05,5.06,5.08,5.3,140,5,5.25,,,,,,,,,
06/28/2023,OBFR,5.06,5.02,5.06,5.08,5.18,290,,,,,,,,,,,
06/28/2023,TGCR,5.04,4.95,5.04,5.05,5.09,576,,,,,,,,,,,
06/28/2023,BGCR,5.04,4.95,5.04,5.05,5.14,588,,,,,,,,,,,
06/28/2023,SOFR,5.06,5,5.05,5.13,5.18,1499,,,,,,,,,,,
06/27/2023,EFFR,5.07,5.05,5.06,5.08,5.4,132,5,5.25,,,,,,,,,
06/27/2023,OBFR,5.06,5.02,5.05,5.08,5.2,282,,,,,,,,,,,
06/27/2023,TGCR,5.04,4.98,5.03,5.05,5.08,586,,,,,,,,,,,
06/27/2023,BGCR,5.04,4.98,5.03,5.05,5.13,594,,,,,,,,,,,
06/27/2023,SOFR,5.05,5,5.05,5.12,5.16,1481,,,,,,,,,,,
06/26/2023,EFFR,5.07,5.05,5.06,5.08,5.3,138,5,5.25,,,,,,,,,
06/26/2023,OBFR,5.06,5.02,5.06,5.08,5.17,292,,,,,,,,,,,
06/26/2023,TGCR,5.03,4.97,5.03,5.05,5.07,596,,,,,,,,,,,
06/26/2023,BGCR,5.03,4.97,5.03,5.05,5.12,610,,,,,,,,,,,
06/26/2023,SOFR,5.05,5,5.05,5.11,5.15,1429,,,,,,,,,,,
06/23/2023,EFFR,5.07,5.05,5.06,5.08,5.35,135,5,5.25,,,,,,,,,
06/23/2023,OBFR,5.06,5.02,5.06,5.08,5.2,284,,,,,,,,,,,
06/23/2023,TGCR,5.03,4.97,5.02,5.05,5.06,592,,,,,,,,,,,
06/23/2023,BGCR,5.03,4.97,5.02,5.05,5.11,605,,,,,,,,,,,
06/23/2023,SOFR,5.05,5,5.05,5.11,5.15,1389,,,,,,,,,,,
06/22/2023,EFFR,5.07,5.05,5.06,5.08,5.35,132,5,5.25,,,,,,,,,
06/22/2023,OBFR,5.06,5,5.06,5.08,5.2,297,,,,,,,,,,,
06/22/2023,TGCR,5.03,4.97,5.02,5.05,5.1,594,,,,,,,,,,,
06/22/2023,BGCR,5.03,4.97,5.02,5.05,5.11,607,,,,,,,,,,,
06/22/2023,SOFR,5.05,5,5.05,5.1,5.14,1354,,,,,,,,,,,
06/21/2023,EFFR,5.07,5.05,5.06,5.08,5.3,130,5,5.25,,,,,,,,,
06/21/2023,OBFR,5.06,5.02,5.06,5.08,5.2,297,,,,,,,,,,,
06/21/2023,TGCR,5.03,4.94,5.02,5.05,5.06,598,,,,,,,,,,,
06/21/2023,BGCR,5.03,4.94,5.02,5.05,5.1,610,,,,,,,,,,,
06/21/2023,SOFR,5.05,5,5.04,5.1,5.14,1387,,,,,,,,,,,
06/20/2023,EFFR,5.07,5.05,5.06,5.08,5.3,134,5,5.25,,,,,,,,,
06/20/2023,OBFR,5.06,5.02,5.05,5.08,5.15,295,,,,,,,,,,,
06/20/2023,TGCR,5.03,4.85,5.02,5.05,5.1,610,,,,,,,,,,,
06/20/2023,BGCR,5.03,4.9,5.02,5.05,5.1,625,,,,,,,,,,,
06/20/2023,SOFR,5.05,4.98,5.05,5.1,5.14,1427,,,,,,,,,,,
06/16/2023,EFFR,5.08,5.05,5.06,5.08,5.3,129,5,5.25,,,,,,,,,
06/16/2023,OBFR,5.06,5,5.05,5.08,5.15,285,,,,,,,,,,,
06/16/2023,TGCR,5.03,4.95,5.02,5.05,5.07,600,,,,,,,,,,,
06/16/2023,BGCR,5.04,4.95,5.02,5.05,5.11,619,,,,,,,,,,,
06/16/2023,SOFR,5.05,5,5.05,5.11,5.15,1405,,,,,,,,,,,
06/15/2023,EFFR,5.07,5.05,5.06,5.08,5.35,128,5,5.25,,,,,,,,,
06/15/2023,OBFR,5.06,5,5.05,5.08,5.15,292,,,,,,,,,,,
06/15/2023,TGCR,5.04,4.95,5.03,5.05,5.08,604,,,,,,,,,,,
06/15/2023,BGCR,5.04,4.95,5.03,5.05,5.14,630,,,,,,,,,,,
06/15/2023,SOFR,5.06,5,5.05,5.12,5.17,1527,,,,,,,,,,,
06/14/2023,EFFR,5.08,5.05,5.06,5.08,5.35,128,5,5.25,,,,,,,,,
06/14/2023,OBFR,5.06,5,5.05,5.08,5.15,290,,,,,,,,,,,
06/14/2023,TGCR,5.03,4.97,5.02,5.05,5.06,611,,,,,,,,,,,
06/14/2023,BGCR,5.03,4.97,5.02,5.05,5.09,634,,,,,,,,,,,
06/14/2023,SOFR,5.05,4.99,5.03,5.09,5.14,1397,,,,,,,,,,,
06/13/2023,EFFR,5.08,5.05,5.06,5.08,5.3,131,5,5.25,,,,,,,,,
06/13/2023,OBFR,5.06,5.02,5.06,5.08,5.15,291,,,,,,,,,,,
06/13/2023,TGCR,5.03,4.95,5.02,5.05,5.06,611,,,,,,,,,,,
06/13/2023,BGCR,5.03,4.95,5.02,5.05,5.1,620,,,,,,,,,,,
06/13/2023,SOFR,5.05,4.98,5.04,5.09,5.14,1375,,,,,,,,,,,
06/12/2023,EFFR,5.08,5.05,5.06,5.08,5.3,134,5,5.25,,,,,,,,,
06/12/2023,OBFR,5.06,5.02,5.05,5.08,5.15,296,,,,,,,,,,,
06/12/2023,TGCR,5.02,4.93,5.01,5.05,5.06,588,,,,,,,,,,,
06/12/2023,BGCR,5.03,4.93,5.01,5.05,5.09,606,,,,,,,,,,,
06/12/2023,SOFR,5.05,4.97,5.03,5.08,5.13,1399,,,,,,,,,,,
06/09/2023,EFFR,5.08,5.05,5.06,5.08,5.3,133,5,5.25,,,,,,,,,
06/09/2023,OBFR,5.06,5.02,5.06,5.08,5.15,288,,,,,,,,,,,
06/09/2023,TGCR,5.02,4.96,5.01,5.05,5.06,586,,,,,,,,,,,
06/09/2023,BGCR,5.03,4.96,5.02,5.05,5.11,600,,,,,,,,,,,
06/09/2023,SOFR,5.05,4.99,5.03,5.09,5.13,1392,,,,,,,,,,,
06/08/2023,EFFR,5.08,5.05,5.06,5.08,5.3,136,5,5.25,,,,,,,,,
06/08/2023,OBFR,5.07,5,5.06,5.08,5.15,293,,,,,,,,,,,
06/08/2023,TGCR,5.03,4.96,5.01,5.05,5.06,586,,,,,,,,,,,
06/08/2023,BGCR,5.03,4.96,5.02,5.05,5.09,597,,,,,,,,,,,
06/08/2023,SOFR,5.05,4.99,5.03,5.09,5.14,1402,,,,,,,,,,,
06/07/2023,EFFR,5.08,5.05,5.06,5.08,5.3,137,5,5.25,,,,,,,,,
06/07/2023,OBFR,5.07,5.02,5.06,5.08,5.15,292,,,,,,,,,,,
06/07/2023,TGCR,5.03,4.96,5.02,5.05,5.06,594,,,,,,,,,,,
06/07/2023,BGCR,5.04,4.96,5.02,5.05,5.1,606,,,,,,,,,,,
06/07/2023,SOFR,5.05,4.99,5.03,5.09,5.15,1429,,,,,,,,,,,
06/06/2023,EFFR,5.08,5.05,5.06,5.08,5.3,144,5,5.25,,,,,,,,,
06/06/2023,OBFR,5.07,5.02,5.06,5.08,5.15,307,,,,,,,,,,,
06/06/2023,TGCR,5.03,4.95,5.02,5.05,5.07,594,,,,,,,,,,,
06/06/2023,BGCR,5.03,4.95,5.02,5.05,5.11,604,,,,,,,,,,,
06/06/2023,SOFR,5.05,5,5.04,5.1,5.15,1414,,,,,,,,,,,
06/05/2023,EFFR,5.08,5.05,5.06,5.08,5.3,136,5,5.25,,,,,,,,,
06/05/2023,OBFR,5.07,5.02,5.06,5.08,5.15,294,,,,,,,,,,,
06/05/2023,TGCR,5.05,4.95,5.04,5.05,5.08,594,,,,,,,,,,,
06/05/2023,BGCR,5.05,4.95,5.04,5.05,5.13,605,,,,,,,,,,,
06/05/2023,SOFR,5.06,5,5.05,5.13,5.18,1472,,,,,,,,,,,
06/02/2023,EFFR,5.08,5.05,5.06,5.08,5.3,141,5,5.25,,,,,,,,,
06/02/2023,OBFR,5.06,5,5.05,5.08,5.15,309,,,,,,,,,,,
06/02/2023,TGCR,5.05,4.95,5.04,5.05,5.1,600,,,,,,,,,,,
06/02/2023,BGCR,5.05,4.95,5.04,5.05,5.15,609,,,,,,,,,,,
06/02/2023,SOFR,5.07,5,5.05,5.17,5.23,1475,,,,,,,,,,,
06/01/2023,EFFR,5.08,5.05,5.06,5.08,5.35,131,5,5.25,,,,,,,,,
06/01/2023,OBFR,5.06,5.01,5.05,5.08,5.15,283,,,,,,,,,,,
06/01/2023,TGCR,5.05,4.98,5.05,5.06,5.12,599,,,,,,,,,,,
06/01/2023,BGCR,5.05,4.98,5.05,5.06,5.2,610,,,,,,,,,,,
06/01/2023,SOFR,5.08,5,5.06,5.19,5.24,1627,,,,,,,,,,,
05/31/2023,EFFR,5.08,5.05,5.06,5.08,5.4,118,5,5.25,,,,,,,,,
05/31/2023,OBFR,5.07,5,5.05,5.08,5.2,250,,,,,,,,,,,
05/31/2023,TGCR,5.05,4.97,5.05,5.05,5.08,577,,,,,,,,,,,
05/31/2023,BGCR,5.05,4.97,5.05,5.05,5.18,596,,,,,,,,,,,
05/31/2023,SOFR,5.08,5,5.05,5.17,5.21,1623,,,,,,,,,,,
05/30/2023,EFFR,5.08,5.05,5.06,5.08,5.35,127,5,5.25,,,,,,,,,
05/30/2023,OBFR,5.06,5.01,5.05,5.08,5.15,278,,,,,,,,,,,
05/30/2023,TGCR,5.04,4.8,5.03,5.05,5.1,585,,,,,,,,,,,
05/30/2023,BGCR,5.05,4.8,5.04,5.05,5.14,604,,,,,,,,,,,
05/30/2023,SOFR,5.06,4.99,5.05,5.13,5.19,1530,,,,,,,,,,,
05/26/2023,EFFR,5.08,5.05,5.06,5.08,5.35,136,5,5.25,,,,,,,,,
05/26/2023,OBFR,5.07,5,5.06,5.08,5.15,286,,,,,,,,,,,
05/26/2023,TGCR,5.05,4.96,5.04,5.05,5.1,582,,,,,,,,,,,
05/26/2023,BGCR,5.05,4.96,5.04,5.05,5.14,588,,,,,,,,,,,
05/26/2023,SOFR,5.06,5,5.05,5.15,5.22,1476,,,,,,,,,,,
05/25/2023,EFFR,5.08,5.05,5.06,5.08,5.35,131,5,5.25,,,,,,,,,
05/25/2023,OBFR,5.07,5,5.06,5.08,5.15,285,,,,,,,,,,,
05/25/2023,TGCR,5.05,4.84,5.05,5.05,5.09,590,,,,,,,,,,,
05/25/2023,BGCR,5.05,4.84,5.05,5.05,5.16,602,,,,,,,,,,,
05/25/2023,SOFR,5.06,5,5.05,5.15,5.21,1537,,,,,,,,,,,
05/24/2023,EFFR,5.08,5.05,5.06,5.08,5.35,126,5,5.25,,,,,,,,,
05/24/2023,OBFR,5.07,5.02,5.06,5.08,5.15,279,,,,,,,,,,,
05/24/2023,TGCR,5.03,4.96,5.01,5.05,5.1,578,,,,,,,,,,,
05/24/2023,BGCR,5.03,4.96,5.01,5.05,5.11,587,,,,,,,,,,,
05/24/2023,SOFR,5.05,4.99,5.05,5.11,5.15,1401,,,,,,,,,,,
05/23/2023,EFFR,5.08,5.05,5.06,5.09,5.35,126,5,5.25,,,,,,,,,
05/23/2023,OBFR,5.07,5.02,5.06,5.08,5.15,298,,,,,,,,,,,
05/23/2023,TGCR,5.02,4.96,5,5.05,5.1,580,,,,,,,,,,,
05/23/2023,BGCR,5.02,4.96,5,5.05,5.1,585,,,,,,,,,,,
05/23/2023,SOFR,5.05,4.98,5.04,5.1,5.14,1383,,,,,,,,,,,
05/22/2023,EFFR,5.08,5.05,5.06,5.09,5.35,124,5,5.25,,,,,,,,,
05/22/2023,OBFR,5.06,5.01,5.05,5.08,5.15,290,,,,,,,,,,,
05/22/2023,TGCR,5.02,4.94,5,5.05,5.06,572,,,,,,,,,,,
05/22/2023,BGCR,5.02,4.94,5,5.05,5.09,580,,,,,,,,,,,
05/22/2023,SOFR,5.05,4.97,5.03,5.09,5.13,1434,,,,,,,,,,,
05/19/2023,EFFR,5.08,5.05,5.06,5.08,5.35,132,5,5.25,,,,,,,,,
05/19/2023,OBFR,5.07,5.02,5.06,5.08,5.15,287,,,,,,,,,,,
05/19/2023,TGCR,5.02,4.93,5,5.05,5.09,572,,,,,,,,,,,
05/19/2023,BGCR,5.02,4.93,5,5.05,5.09,578,,,,,,,,,,,
05/19/2023,SOFR,5.05,4.97,5.04,5.09,5.14,1363,,,,,,,,,,,
05/18/2023,EFFR,5.08,5.05,5.06,5.08,5.35,127,5,5.25,,,,,,,,,
05/18/2023,OBFR,5.07,5,5.05,5.08,5.15,289,,,,,,,,,,,
05/18/2023,TGCR,5.02,4.95,5.01,5.05,5.07,577,,,,,,,,,,,
05/18/2023,BGCR,5.02,4.95,5.01,5.05,5.1,586,,,,,,,,,,,
05/18/2023,SOFR,5.05,4.97,5.05,5.1,5.15,1401,,,,,,,,,,,
05/17/2023,EFFR,5.08,5.05,5.07,5.08,5.35,130,5,5.25,,,,,,,,,
05/17/2023,OBFR,5.07,5.02,5.06,5.08,5.15,292,,,,,,,,,,,
05/17/2023,TGCR,5.02,4.94,5.01,5.05,5.08,569,,,,,,,,,,,
05/17/2023,BGCR,5.02,4.94,5.01,5.05,5.1,576,,,,,,,,,,,
05/17/2023,SOFR,5.05,4.98,5.05,5.1,5.15,1401,,,,,,,,,,,
05/16/2023,EFFR,5.08,5.05,5.07,5.08,5.35,124,5,5.25,,,,,,,,,
05/16/2023,OBFR,5.07,5.02,5.06,5.08,5.15,290,,,,,,,,,,,
05/16/2023,TGCR,5.02,4.97,5.01,5.05,5.08,578,,,,,,,,,,,
05/16/2023,BGCR,5.02,4.97,5.01,5.05,5.11,588,,,,,,,,,,,
05/16/2023,SOFR,5.05,4.99,5.05,5.11,5.15,1466,,,,,,,,,,,
05/15/2023,EFFR,5.08,5.05,5.07,5.08,5.35,126,5,5.25,,,,,,,,,
05/15/2023,OBFR,5.07,5.02,5.05,5.08,5.15,295,,,,,,,,,,,
05/15/2023,TGCR,5.02,4.95,5.01,5.05,5.07,576,,,,,,,,,,,
05/15/2023,BGCR,5.02,4.95,5.01,5.05,5.11,584,,,,,,,,,,,
05/15/2023,SOFR,5.06,4.99,5.05,5.11,5.15,1497,,,,,,,,,,,
05/12/2023,EFFR,5.08,5.05,5.07,5.09,5.35,124,5,5.25,,,,,,,,,
05/12/2023,OBFR,5.07,5.02,5.05,5.08,5.15,294,,,,,,,,,,,
05/12/2023,TGCR,5.02,4.95,5.01,5.05,5.06,574,,,,,,,,,,,
05/12/2023,BGCR,5.02,4.95,5.01,5.05,5.1,581,,,,,,,,,,,
05/12/2023,SOFR,5.05,4.98,5.04,5.09,5.14,1352,,,,,,,,,,,
05/11/2023,EFFR,5.08,5.05,5.07,5.09,5.4,117,5,5.25,,,,,,,,,
05/11/2023,OBFR,5.07,4.99,5.05,5.08,5.17,282,,,,,,,,,,,
05/11/2023,TGCR,5.02,4.96,5.01,5.05,5.07,573,,,,,,,,,,,
05/11/2023,BGCR,5.02,4.96,5.01,5.05,5.1,585,,,,,,,,,,,
05/11/2023,SOFR,5.05,4.98,5.04,5.09,5.13,1372,,,,,,,,,,,
05/10/2023,EFFR,5.08,5.05,5.07,5.08,5.4,120,5,5.25,,,,,,,,,
05/10/2023,OBFR,5.07,5.01,5.05,5.08,5.13,284,,,,,,,,,,,
05/10/2023,TGCR,5.02,4.95,5.02,5.05,5.07,568,,,,,,,,,,,
05/10/2023,BGCR,5.02,4.95,5.02,5.05,5.11,579,,,,,,,,,,,
05/10/2023,SOFR,5.06,4.98,5.05,5.11,5.17,1410,,,,,,,,,,,
05/09/2023,EFFR,5.08,5.05,5.07,5.09,5.4,112,5,5.25,,,,,,,,,
05/09/2023,OBFR,5.07,5,5.05,5.08,5.15,277,,,,,,,,,,,
05/09/2023,TGCR,5.03,4.95,5.03,5.05,5.07,564,,,,,,,,,,,
05/09/2023,BGCR,5.03,4.95,5.03,5.05,5.12,574,,,,,,,,,,,
05/09/2023,SOFR,5.06,5,5.05,5.12,5.17,1482,,,,,,,,,,,
05/08/2023,EFFR,5.08,5.05,5.07,5.09,5.4,111,5,5.25,,,,,,,,,
05/08/2023,OBFR,5.06,5.01,5.05,5.08,5.13,281,,,,,,,,,,,
05/08/2023,TGCR,5.03,4.8,5.03,5.05,5.07,566,,,,,,,,,,,
05/08/2023,BGCR,5.03,4.8,5.03,5.05,5.13,578,,,,,,,,,,,
05/08/2023,SOFR,5.06,4.99,5.05,5.12,5.17,1497,,,,,,,,,,,
05/05/2023,EFFR,5.08,5.05,5.07,5.09,5.4,112,5,5.25,,,,,,,,,
05/05/2023,OBFR,5.06,5.02,5.05,5.08,5.15,278,,,,,,,,,,,
05/05/2023,TGCR,5.03,4.97,5.03,5.05,5.08,558,,,,,,,,,,,
05/05/2023,BGCR,5.03,4.97,5.03,5.05,5.14,569,,,,,,,,,,,
05/05/2023,SOFR,5.06,5,5.05,5.13,5.18,1517,,,,,,,,,,,
05/04/2023,EFFR,5.08,5.05,5.06,5.09,5.4,114,5,5.25,,,,,,,,,
05/04/2023,OBFR,5.06,5,5.05,5.08,5.15,282,,,,,,,,,,,
05/04/2023,TGCR,5.03,4.82,5.03,5.05,5.07,566,,,,,,,,,,,
05/04/2023,BGCR,5.03,4.82,5.03,5.05,5.12,575,,,,,,,,,,,
05/04/2023,SOFR,5.06,4.82,5.05,5.13,5.17,1590,,,,,,,,,,,
05/03/2023,EFFR,4.83,4.8,4.82,4.84,5.15,115,4.75,5,,,,,,,,,
05/03/2023,OBFR,4.82,4.76,4.8,4.83,4.9,277,,,,,,,,,,,
05/03/2023,TGCR,4.79,4.73,4.78,4.8,4.82,567,,,,,,,,,,,
05/03/2023,BGCR,4.79,4.73,4.78,4.8,4.88,581,,,,,,,,,,,
05/03/2023,SOFR,4.81,4.75,4.8,4.87,4.92,1544,,,,,,,,,,,
05/02/2023,EFFR,4.83,4.8,4.81,4.84,5.15,118,4.75,5,,,,,,,,,
05/02/2023,OBFR,4.82,4.77,4.8,4.83,4.9,273,,,,,,,,,,,
05/02/2023,TGCR,4.78,4.7,4.78,4.8,4.83,556,,,,,,,,,,,
05/02/2023,BGCR,4.78,4.7,4.78,4.8,4.87,565,,,,,,,,,,,
05/02/2023,SOFR,4.81,4.75,4.8,4.87,4.91,1537,,,,,,,,,,,
05/01/2023,EFFR,4.83,4.8,4.81,4.84,5.15,117,4.75,5,,,,,,,,,
05/01/2023,OBFR,4.81,4.77,4.8,4.83,4.9,276,,,,,,,,,,,
05/01/2023,TGCR,4.78,3,4.78,4.8,4.82,558,,,,,,,,,,,
05/01/2023,BGCR,4.78,3,4.78,4.8,4.87,565,,,,,,,,,,,
05/01/2023,SOFR,4.81,4.75,4.8,4.87,4.91,1577,,,,,,,,,,,
04/28/2023,EFFR,4.83,4.8,4.82,4.84,5.15,113,4.75,5,,,,,,,,,
04/28/2023,OBFR,4.81,4.75,4.8,4.83,4.9,259,,,,,,,,,,,
04/28/2023,TGCR,4.79,4.72,4.78,4.8,4.82,530,,,,,,,,,,,
04/28/2023,BGCR,4.79,4.72,4.78,4.8,4.86,541,,,,,,,,,,,
04/28/2023,SOFR,4.81,4.75,4.8,4.87,4.92,1378,,,,,,,,,,,
04/27/2023,EFFR,4.83,4.8,4.81,4.84,5.15,119,4.75,5,,,,,,,,,
04/27/2023,OBFR,4.81,4.75,4.8,4.83,4.9,282,,,,,,,,,,,
04/27/2023,TGCR,4.78,4.72,4.77,4.8,4.82,538,,,,,,,,,,,
04/27/2023,BGCR,4.78,4.72,4.77,4.8,4.86,545,,,,,,,,,,,
04/27/2023,SOFR,4.81,4.74,4.8,4.86,4.9,1337,,,,,,,,,,,
04/26/2023,EFFR,4.83,4.8,4.82,4.84,5.15,115,4.75,5,,,,,,,,,
04/26/2023,OBFR,4.82,4.77,4.8,4.83,4.9,285,,,,,,,,,,,
04/26/2023,TGCR,4.77,4.72,4.76,4.8,4.81,535,,,,,,,,,,,
04/26/2023,BGCR,4.77,4.72,4.76,4.8,4.85,547,,,,,,,,,,,
04/26/2023,SOFR,4.8,4.74,4.79,4.85,4.89,1345,,,,,,,,,,,
04/25/2023,EFFR,4.83,4.8,4.82,4.84,5.15,112,4.75,5,,,,,,,,,
04/25/2023,OBFR,4.82,4.77,4.8,4.83,4.9,280,,,,,,,,,,,
04/25/2023,TGCR,4.77,4.72,4.76,4.8,4.82,540,,,,,,,,,,,
04/25/2023,BGCR,4.77,4.72,4.76,4.8,4.85,547,,,,,,,,,,,
04/25/2023,SOFR,4.8,4.74,4.79,4.85,4.89,1329,,,,,,,,,,,
04/24/2023,EFFR,4.83,4.8,4.81,4.84,5.15,110,4.75,5,,,,,,,,,
04/24/2023,OBFR,4.81,4.77,4.8,4.83,4.9,275,,,,,,,,,,,
04/24/2023,TGCR,4.77,4.72,4.76,4.8,4.81,521,,,,,,,,,,,
04/24/2023,BGCR,4.77,4.72,4.76,4.8,4.84,533,,,,,,,,,,,
04/24/2023,SOFR,4.8,4.73,4.78,4.84,4.88,1298,,,,,,,,,,,
04/21/2023,EFFR,4.83,4.8,4.82,4.84,5.15,114,4.75,5,,,,,,,,,
04/21/2023,OBFR,4.81,4.77,4.8,4.83,4.9,283,,,,,,,,,,,
04/21/2023,TGCR,4.76,4.7,4.75,4.8,4.81,523,,,,,,,,,,,
04/21/2023,BGCR,4.76,4.7,4.75,4.8,4.83,530,,,,,,,,,,,
04/21/2023,SOFR,4.8,4.72,4.77,4.83,4.87,1324,,,,,,,,,,,
04/20/2023,EFFR,4.83,4.8,4.82,4.84,5.15,115,4.75,5,,,,,,,,,
04/20/2023,OBFR,4.82,4.76,4.8,4.83,4.88,281,,,,,,,,,,,
04/20/2023,TGCR,4.76,4.72,4.75,4.8,4.81,521,,,,,,,,,,,
04/20/2023,BGCR,4.76,4.72,4.75,4.8,4.82,527,,,,,,,,,,,
04/20/2023,SOFR,4.8,4.72,4.77,4.81,4.87,1281,,,,,,,,,,,
04/19/2023,EFFR,4.83,4.8,4.82,4.84,5.15,109,4.75,5,,,,,,,,,
04/19/2023,OBFR,4.82,4.77,4.8,4.83,4.88,281,,,,,,,,,,,
04/19/2023,TGCR,4.76,4.71,4.76,4.8,4.81,509,,,,,,,,,,,
04/19/2023,BGCR,4.76,4.72,4.76,4.8,4.83,517,,,,,,,,,,,
04/19/2023,SOFR,4.8,4.73,4.78,4.83,4.88,1307,,,,,,,,,,,
04/18/2023,EFFR,4.83,4.8,4.82,4.84,5.15,112,4.75,5,,,,,,,,,
04/18/2023,OBFR,4.82,4.77,4.81,4.83,4.88,287,,,,,,,,,,,
04/18/2023,TGCR,4.77,4.72,4.77,4.8,4.81,518,,,,,,,,,,,
04/18/2023,BGCR,4.77,4.72,4.77,4.8,4.85,527,,,,,,,,,,,
04/18/2023,SOFR,4.8,4.74,4.79,4.85,4.9,1364,,,,,,,,,,,
04/17/2023,EFFR,4.83,4.8,4.82,4.84,5.15,106,4.75,5,,,,,,,,,
04/17/2023,OBFR,4.82,4.77,4.8,4.83,4.9,279,,,,,,,,,,,
04/17/2023,TGCR,4.77,4.71,4.76,4.8,4.81,518,,,,,,,,,,,
04/17/2023,BGCR,4.77,4.71,4.76,4.8,4.85,527,,,,,,,,,,,
04/17/2023,SOFR,4.8,4.74,4.79,4.85,4.89,1406,,,,,,,,,,,
04/14/2023,EFFR,4.83,4.8,4.82,4.84,5.15,113,4.75,5,,,,,,,,,
04/14/2023,OBFR,4.82,4.77,4.81,4.83,4.9,280,,,,,,,,,,,
04/14/2023,TGCR,4.77,4.73,4.76,4.8,4.81,516,,,,,,,,,,,
04/14/2023,BGCR,4.77,4.73,4.76,4.8,4.85,524,,,,,,,,,,,
04/14/2023,SOFR,4.8,4.74,4.79,4.84,4.88,1312,,,,,,,,,,,
04/13/2023,EFFR,4.83,4.8,4.82,4.84,5.15,109,4.75,5,,,,,,,,,
04/13/2023,OBFR,4.82,4.77,4.8,4.83,4.9,279,,,,,,,,,,,
04/13/2023,TGCR,4.77,4.72,4.75,4.8,4.84,522,,,,,,,,,,,
04/13/2023,BGCR,4.77,4.72,4.75,4.8,4.85,529,,,,,,,,,,,
04/13/2023,SOFR,4.8,4.74,4.78,4.83,4.92,1378,,,,,,,,,,,
04/12/2023,EFFR,4.83,4.8,4.82,4.84,5.15,114,4.75,5,,,,,,,,,
04/12/2023,OBFR,4.82,4.77,4.81,4.83,4.9,283,,,,,,,,,,,
04/12/2023,TGCR,4.77,4.72,4.75,4.8,4.81,523,,,,,,,,,,,
04/12/2023,BGCR,4.77,4.72,4.75,4.8,4.81,527,,,,,,,,,,,
04/12/2023,SOFR,4.8,4.74,4.78,4.83,4.88,1358,,,,,,,,,,,
04/11/2023,EFFR,4.83,4.8,4.82,4.84,5.15,108,4.75,5,,,,,,,,,
04/11/2023,OBFR,4.82,4.77,4.81,4.83,4.9,273,,,,,,,,,,,
04/11/2023,TGCR,4.78,4.73,4.77,4.8,4.82,522,,,,,,,,,,,
04/11/2023,BGCR,4.78,4.73,4.77,4.8,4.84,528,,,,,,,,,,,
04/11/2023,SOFR,4.8,4.75,4.8,4.85,4.9,1365,,,,,,,,,,,
04/10/2023,EFFR,4.83,4.8,4.82,4.84,5.15,106,4.75,5,,,,,,,,,
04/10/2023,OBFR,4.82,4.76,4.81,4.83,4.9,284,,,,,,,,,,,
04/10/2023,TGCR,4.78,2.75,4.77,4.8,4.82,531,,,,,,,,,,,
04/10/2023,BGCR,4.78,2.75,4.77,4.8,4.86,540,,,,,,,,,,,
04/10/2023,SOFR,4.81,4.6,4.8,4.86,4.91,1366,,,,,,,,,,,
04/07/2023,EFFR,4.83,4.8,4.82,4.84,5.15,100,4.75,5,,,,,,,,,
04/07/2023,OBFR,4.83,4.75,4.82,4.84,5.15,123,,,,,,,,,,,
04/06/2023,EFFR,4.83,4.8,4.82,4.84,5.15,98,4.75,5,,,,,,,,,
04/06/2023,OBFR,4.83,4.75,4.82,4.84,5.15,122,,,,,,,,,,,
04/06/2023,TGCR,4.79,4.73,4.77,4.8,4.82,523,,,,,,,,,,,
04/06/2023,BGCR,4.79,4.73,4.77,4.8,4.87,538,,,,,,,,,,,
04/06/2023,SOFR,4.81,4.75,4.8,4.87,4.91,1431,,,,,,,,,,,
04/05/2023,EFFR,4.83,4.8,4.82,4.84,5.15,102,4.75,5,,,,,,,,,
04/05/2023,OBFR,4.82,4.77,4.81,4.83,4.9,255,,,,,,,,,,,
04/05/2023,TGCR,4.79,4.73,4.78,4.8,4.84,510,,,,,,,,,,,
04/05/2023,BGCR,4.79,4.73,4.78,4.8,4.89,524,,,,,,,,,,,
04/05/2023,SOFR,4.81,4.75,4.8,4.88,4.93,1427,,,,,,,,,,,
04/04/2023,EFFR,4.83,4.8,4.82,4.84,5.15,103,4.75,5,,,,,,,,,
04/04/2023,OBFR,4.82,4.77,4.81,4.83,4.9,263,,,,,,,,,,,
04/04/2023,TGCR,4.8,4.74,4.79,4.8,4.85,509,,,,,,,,,,,
04/04/2023,BGCR,4.8,4.74,4.79,4.8,4.9,520,,,,,,,,,,,
04/04/2023,SOFR,4.83,4.75,4.8,4.9,4.95,1427,,,,,,,,,,,
04/03/2023,EFFR,4.83,4.8,4.82,4.84,5.15,105,4.75,5,,,,,,,,,
04/03/2023,OBFR,4.82,4.77,4.81,4.83,4.9,261,,,,,,,,,,,
04/03/2023,TGCR,4.8,4.74,4.79,4.8,4.88,494,,,,,,,,,,,
04/03/2023,BGCR,4.8,4.74,4.79,4.8,4.92,509,,,,,,,,,,,
04/03/2023,SOFR,4.84,4.75,4.8,4.9,4.97,1477,,,,,,,,,,,
03/31/2023,EFFR,4.83,4.8,4.82,4.84,5.15,86,4.75,5,,,,,,,,,
03/31/2023,OBFR,4.82,4.75,4.81,4.83,5,175,,,,,,,,,,,
03/31/2023,TGCR,4.8,2.75,4.8,4.8,4.83,470,,,,,,,,,,,
03/31/2023,BGCR,4.8,2.75,4.8,4.8,4.91,479,,,,,,,,,,,
03/31/2023,SOFR,4.87,4.75,4.8,4.93,5,1408,,,,,,,,,,,
03/30/2023,EFFR,4.83,4.8,4.82,4.84,5.15,95,4.75,5,,,,,,,,,
03/30/2023,OBFR,4.82,4.75,4.81,4.83,4.9,240,,,,,,,,,,,
03/30/2023,TGCR,4.79,4.7,4.78,4.8,4.84,497,,,,,,,,,,,
03/30/2023,BGCR,4.79,4.7,4.78,4.8,4.89,505,,,,,,,,,,,
03/30/2023,SOFR,4.82,4.75,4.8,4.89,4.93,1319,,,,,,,,,,,
03/29/2023,EFFR,4.83,4.8,4.83,4.84,5.15,97,4.75,5,,,,,,,,,
03/29/2023,OBFR,4.82,4.75,4.81,4.83,5,247,,,,,,,,,,,
03/29/2023,TGCR,4.79,4.72,4.78,4.8,4.85,494,,,,,,,,,,,
03/29/2023,BGCR,4.79,4.73,4.78,4.8,4.85,506,,,,,,,,,,,
03/29/2023,SOFR,4.83,4.75,4.8,4.89,4.95,1287,,,,,,,,,,,
03/28/2023,EFFR,4.83,4.8,4.83,4.84,5.15,98,4.75,5,,,,,,,,,
03/28/2023,OBFR,4.82,4.75,4.81,4.83,5,268,,,,,,,,,,,
03/28/2023,TGCR,4.8,4.59,4.8,4.8,4.82,504,,,,,,,,,,,
03/28/2023,BGCR,4.8,4.59,4.8,4.8,4.9,515,,,,,,,,,,,
03/28/2023,SOFR,4.84,4.75,4.8,4.92,4.97,1345,,,,,,,,,,,
03/27/2023,EFFR,4.83,4.8,4.83,4.84,5.15,92,4.75,5,,,,,,,,,
03/27/2023,OBFR,4.82,4.75,4.8,4.83,5,268,,,,,,,,,,,
03/27/2023,TGCR,4.79,4.73,4.77,4.8,4.82,514,,,,,,,,,,,
03/27/2023,BGCR,4.79,4.73,4.77,4.8,4.88,521,,,,,,,,,,,
03/27/2023,SOFR,4.81,4.75,4.8,4.88,4.95,1365,,,,,,,,,,,
03/24/2023,EFFR,4.83,4.8,4.83,4.84,5.15,92,4.75,5,,,,,,,,,
03/24/2023,OBFR,4.82,4.74,4.8,4.83,4.95,271,,,,,,,,,,,
03/24/2023,TGCR,4.78,4.72,4.77,4.8,4.81,505,,,,,,,,,,,
03/24/2023,BGCR,4.78,4.72,4.77,4.8,4.86,513,,,,,,,,,,,
03/24/2023,SOFR,4.8,4.75,4.8,4.86,4.9,1290,,,,,,,,,,,
03/23/2023,EFFR,4.83,4.8,4.83,4.84,5.15,92,4.75,5,,,,,,,,,
03/23/2023,OBFR,4.82,4.75,4.8,4.83,4.9,276,,,,,,,,,,,
03/23/2023,TGCR,4.77,4.56,4.76,4.8,4.81,510,,,,,,,,,,,
03/23/2023,BGCR,4.77,4.56,4.76,4.8,4.85,526,,,,,,,,,,,
03/23/2023,SOFR,4.8,4.56,4.79,4.84,4.88,1355,,,,,,,,,,,
03/22/2023,EFFR,4.58,4.55,4.58,4.59,4.9,100,4.5,4.75,,,,,,,,,
03/22/2023,OBFR,4.57,4.5,4.55,4.58,4.75,281,,,,,,,,,,,
03/22/2023,TGCR,4.52,4.48,4.51,4.55,4.56,499,,,,,,,,,,,
03/22/2023,BGCR,4.52,4.48,4.51,4.55,4.59,512,,,,,,,,,,,
03/22/2023,SOFR,4.55,4.5,4.54,4.58,4.63,1203,,,,,,,,,,,
03/21/2023,EFFR,4.58,4.55,4.58,4.59,4.9,92,4.5,4.75,,,,,,,,,
03/21/2023,OBFR,4.57,4.5,4.55,4.58,4.75,278,,,,,,,,,,,
03/21/2023,TGCR,4.52,4.45,4.51,4.55,4.56,502,,,,,,,,,,,
03/21/2023,BGCR,4.52,4.45,4.51,4.55,4.59,515,,,,,,,,,,,
03/21/2023,SOFR,4.55,4.48,4.53,4.58,4.63,1247,,,,,,,,,,,
03/20/2023,EFFR,4.58,4.55,4.58,4.59,4.9,92,4.5,4.75,,,,,,,,,
03/20/2023,OBFR,4.57,4.5,4.55,4.58,4.75,277,,,,,,,,,,,
03/20/2023,TGCR,4.52,4.4,4.51,4.55,4.56,489,,,,,,,,,,,
03/20/2023,BGCR,4.52,4.4,4.51,4.55,4.59,506,,,,,,,,,,,
03/20/2023,SOFR,4.55,4.45,4.54,4.58,4.63,1288,,,,,,,,,,,
03/17/2023,EFFR,4.58,4.55,4.58,4.59,4.9,85,4.5,4.75,,,,,,,,,
03/17/2023,OBFR,4.57,4.5,4.55,4.58,4.75,269,,,,,,,,,,,
03/17/2023,TGCR,4.53,4.3,4.52,4.55,4.58,484,,,,,,,,,,,
03/17/2023,BGCR,4.53,4.3,4.52,4.55,4.6,500,,,,,,,,,,,
03/17/2023,SOFR,4.55,4.47,4.55,4.59,4.64,1265,,,,,,,,,,,
03/16/2023,EFFR,4.58,4.55,4.58,4.59,4.9,83,4.5,4.75,,,,,,,,,
03/16/2023,OBFR,4.57,4.5,4.55,4.58,4.75,261,,,,,,,,,,,
03/16/2023,TGCR,4.55,4.4,4.53,4.55,4.59,491,,,,,,,,,,,
03/16/2023,BGCR,4.55,4.45,4.53,4.55,4.62,503,,,,,,,,,,,
03/16/2023,SOFR,4.57,4.49,4.55,4.62,4.69,1272,,,,,,,,,,,
03/15/2023,EFFR,4.58,4.55,4.58,4.59,4.9,89,4.5,4.75,,,,,,,,,
03/15/2023,OBFR,4.57,4.5,4.55,4.58,4.75,262,,,,,,,,,,,
03/15/2023,TGCR,4.55,4.35,4.54,4.56,4.58,474,,,,,,,,,,,
03/15/2023,BGCR,4.55,4.35,4.54,4.56,4.61,484,,,,,,,,,,,
03/15/2023,SOFR,4.58,4.45,4.56,4.66,4.72,1252,,,,,,,,,,,
03/14/2023,EFFR,4.58,4.55,4.58,4.59,4.9,79,4.5,4.75,,,,,,,,,
03/14/2023,OBFR,4.57,4.5,4.55,4.58,4.65,252,,,,,,,,,,,
03/14/2023,TGCR,4.53,2.75,4.52,4.55,4.56,476,,,,,,,,,,,
03/14/2023,BGCR,4.53,2.75,4.52,4.55,4.64,491,,,,,,,,,,,
03/14/2023,SOFR,4.55,4.4,4.53,4.6,4.69,1203,,,,,,,,,,,
03/13/2023,EFFR,4.58,4.55,4.58,4.59,4.9,41,4.5,4.75,,,,,,,,,
03/13/2023,OBFR,4.56,4.5,4.55,4.57,4.7,232,,,,,,,,,,,
03/13/2023,TGCR,4.52,4.34,4.51,4.55,4.56,457,,,,,,,,,,,
03/13/2023,BGCR,4.52,4.34,4.51,4.55,4.58,467,,,,,,,,,,,
03/13/2023,SOFR,4.55,4.46,4.52,4.58,4.63,1148,,,,,,,,,,,
03/10/2023,EFFR,4.57,4.55,4.56,4.59,4.9,81,4.5,4.75,,,,,,,,,
03/10/2023,OBFR,4.56,4.5,4.55,4.57,4.85,279,,,,,,,,,,,
03/10/2023,TGCR,4.51,4.45,4.5,4.55,4.56,454,,,,,,,,,,,
03/10/2023,BGCR,4.51,4.45,4.5,4.55,4.58,466,,,,,,,,,,,
03/10/2023,SOFR,4.55,4.46,4.52,4.57,4.61,1088,,,,,,,,,,,
03/09/2023,EFFR,4.57,4.55,4.56,4.59,4.9,115,4.5,4.75,,,,,,,,,
03/09/2023,OBFR,4.57,4.5,4.55,4.57,4.82,305,,,,,,,,,,,
03/09/2023,TGCR,4.51,4.45,4.5,4.55,4.56,461,,,,,,,,,,,
03/09/2023,BGCR,4.51,4.45,4.5,4.55,4.57,469,,,,,,,,,,,
03/09/2023,SOFR,4.55,4.48,4.52,4.56,4.62,1120,,,,,,,,,,,
03/08/2023,EFFR,4.57,4.55,4.56,4.58,4.9,107,4.5,4.75,,,,,,,,,
03/08/2023,OBFR,4.56,4.5,4.55,4.57,4.85,290,,,,,,,,,,,
03/08/2023,TGCR,4.51,4.45,4.5,4.55,4.56,453,,,,,,,,,,,
03/08/2023,BGCR,4.51,4.45,4.5,4.55,4.57,466,,,,,,,,,,,
03/08/2023,SOFR,4.55,4.48,4.52,4.57,4.62,1096,,,,,,,,,,,
03/07/2023,EFFR,4.57,4.55,4.56,4.58,4.9,118,4.5,4.75,,,,,,,,,
03/07/2023,OBFR,4.57,4.5,4.55,4.57,4.84,308,,,,,,,,,,,
03/07/2023,TGCR,4.51,4.45,4.5,4.55,4.56,463,,,,,,,,,,,
03/07/2023,BGCR,4.51,4.45,4.5,4.55,4.57,474,,,,,,,,,,,
03/07/2023,SOFR,4.55,4.48,4.52,4.56,4.61,1151,,,,,,,,,,,
03/06/2023,EFFR,4.57,4.55,4.56,4.59,4.9,114,4.5,4.75,,,,,,,,,
03/06/2023,OBFR,4.57,4.5,4.55,4.57,4.85,310,,,,,,,,,,,
03/06/2023,TGCR,4.51,4.45,4.5,4.55,4.56,449,,,,,,,,,,,
03/06/2023,BGCR,4.51,4.45,4.5,4.55,4.56,460,,,,,,,,,,,
03/06/2023,SOFR,4.55,4.47,4.52,4.56,4.62,1129,,,,,,,,,,,
03/03/2023,EFFR,4.57,4.55,4.57,4.59,4.9,114,4.5,4.75,,,,,,,,,
03/03/2023,OBFR,4.57,4.5,4.55,4.58,4.65,304,,,,,,,,,,,
03/03/2023,TGCR,4.51,4.45,4.51,4.55,4.56,444,,,,,,,,,,,
03/03/2023,BGCR,4.51,4.45,4.51,4.55,4.57,458,,,,,,,,,,,
03/03/2023,SOFR,4.55,4.47,4.52,4.57,4.62,1120,,,,,,,,,,,
03/02/2023,EFFR,4.57,4.55,4.57,4.59,4.9,108,4.5,4.75,,,,,,,,,
03/02/2023,OBFR,4.57,4.5,4.55,4.58,4.85,295,,,,,,,,,,,
03/02/2023,TGCR,4.52,4.46,4.51,4.55,4.56,446,,,,,,,,,,,
03/02/2023,BGCR,4.52,4.46,4.51,4.55,4.58,463,,,,,,,,,,,
03/02/2023,SOFR,4.55,4.48,4.52,4.58,4.64,1150,,,,,,,,,,,
03/01/2023,EFFR,4.58,4.55,4.57,4.58,4.9,117,4.5,4.75,,,,,,,,,
03/01/2023,OBFR,4.57,4.5,4.55,4.58,4.85,304,,,,,,,,,,,
03/01/2023,TGCR,4.52,4.3,4.51,4.55,4.56,446,,,,,,,,,,,
03/01/2023,BGCR,4.52,4.3,4.51,4.55,4.58,462,,,,,,,,,,,
03/01/2023,SOFR,4.55,4.46,4.52,4.58,4.63,1172,,,,,,,,,,,
02/28/2023,EFFR,4.57,4.54,4.57,4.59,4.9,103,4.5,4.75,,,,,,,,,
02/28/2023,OBFR,4.57,4.5,4.55,4.58,4.85,269,,,,,,,,,,,
02/28/2023,TGCR,4.52,4,4.51,4.55,4.56,444,,,,,,,,,,,
02/28/2023,BGCR,4.52,4,4.51,4.55,4.59,462,,,,,,,,,,,
02/28/2023,SOFR,4.55,4.35,4.53,4.59,4.64,1230,,,,,,,,,,,
02/27/2023,EFFR,4.57,4.55,4.57,4.59,4.9,108,4.5,4.75,,,,,,,,,
02/27/2023,OBFR,4.57,4.5,4.55,4.57,4.65,297,,,,,,,,,,,
02/27/2023,TGCR,4.51,2.75,4.51,4.55,4.56,445,,,,,,,,,,,
02/27/2023,BGCR,4.51,2.75,4.51,4.55,4.57,473,,,,,,,,,,,
02/27/2023,SOFR,4.55,4.45,4.52,4.57,4.62,1145,,,,,,,,,,,
02/24/2023,EFFR,4.58,4.55,4.57,4.59,4.9,109,4.5,4.75,,,,,,,,,
02/24/2023,OBFR,4.57,4.5,4.55,4.58,4.85,298,,,,,,,,,,,
02/24/2023,TGCR,4.51,4.45,4.5,4.55,4.56,442,,,,,,,,,,,
02/24/2023,BGCR,4.51,4.45,4.5,4.55,4.57,456,,,,,,,,,,,
02/24/2023,SOFR,4.55,4.45,4.52,4.56,4.61,1122,,,,,,,,,,,
02/23/2023,EFFR,4.58,4.55,4.57,4.59,4.9,106,4.5,4.75,,,,,,,,,
02/23/2023,OBFR,4.57,4.48,4.55,4.58,4.85,299,,,,,,,,,,,
02/23/2023,TGCR,4.51,4.35,4.5,4.55,4.56,444,,,,,,,,,,,
02/23/2023,BGCR,4.51,4.35,4.5,4.55,4.56,457,,,,,,,,,,,
02/23/2023,SOFR,4.55,4.45,4.52,4.56,4.61,1137,,,,,,,,,,,
02/22/2023,EFFR,4.58,4.55,4.57,4.59,4.9,109,4.5,4.75,,,,,,,,,
02/22/2023,OBFR,4.57,4.5,4.55,4.58,4.85,298,,,,,,,,,,,
02/22/2023,TGCR,4.52,4.45,4.51,4.55,4.56,445,,,,,,,,,,,
02/22/2023,BGCR,4.52,4.45,4.51,4.55,4.56,457,,,,,,,,,,,
02/22/2023,SOFR,4.55,4.47,4.52,4.57,4.62,1129,,,,,,,,,,,
02/21/2023,EFFR,4.58,4.55,4.57,4.59,4.9,100,4.5,4.75,,,,,,,,,
02/21/2023,OBFR,4.57,4.5,4.55,4.58,4.85,295,,,,,,,,,,,
02/21/2023,TGCR,4.52,4.4,4.51,4.55,4.56,460,,,,,,,,,,,
02/21/2023,BGCR,4.52,4.4,4.51,4.55,4.57,475,,,,,,,,,,,
02/21/2023,SOFR,4.55,4.46,4.53,4.57,4.62,1164,,,,,,,,,,,
02/17/2023,EFFR,4.58,4.55,4.57,4.59,4.9,107,4.5,4.75,,,,,,,,,
02/17/2023,OBFR,4.57,4.5,4.55,4.58,4.85,292,,,,,,,,,,,
02/17/2023,TGCR,4.52,4.45,4.51,4.55,4.56,450,,,,,,,,,,,
02/17/2023,BGCR,4.52,4.45,4.51,4.55,4.58,461,,,,,,,,,,,
02/17/2023,SOFR,4.55,4.47,4.53,4.58,4.64,1209,,,,,,,,,,,
02/16/2023,EFFR,4.58,4.55,4.57,4.59,4.85,105,4.5,4.75,,,,,,,,,
02/16/2023,OBFR,4.57,4.5,4.55,4.58,4.85,286,,,,,,,,,,,
02/16/2023,TGCR,4.53,4.45,4.52,4.55,4.56,456,,,,,,,,,,,
02/16/2023,BGCR,4.53,4.45,4.52,4.55,4.59,463,,,,,,,,,,,
02/16/2023,SOFR,4.55,4.48,4.54,4.6,4.64,1244,,,,,,,,,,,
02/15/2023,EFFR,4.58,4.55,4.57,4.59,4.85,111,4.5,4.75,,,,,,,,,
02/15/2023,OBFR,4.57,4.5,4.56,4.58,4.8,319,,,,,,,,,,,
02/15/2023,TGCR,4.53,4.45,4.52,4.55,4.56,458,,,,,,,,,,,
02/15/2023,BGCR,4.53,4.45,4.52,4.55,4.59,470,,,,,,,,,,,
02/15/2023,SOFR,4.55,4.48,4.54,4.6,4.64,1239,,,,,,,,,,,
02/14/2023,EFFR,4.58,4.55,4.57,4.59,4.85,105,4.5,4.75,,,,,,,,,
02/14/2023,OBFR,4.57,4.5,4.55,4.58,4.8,287,,,,,,,,,,,
02/14/2023,TGCR,4.52,4.46,4.51,4.55,4.56,455,,,,,,,,,,,
02/14/2023,BGCR,4.52,4.46,4.51,4.55,4.59,466,,,,,,,,,,,
02/14/2023,SOFR,4.55,4.47,4.53,4.59,4.63,1216,,,,,,,,,,,
02/13/2023,EFFR,4.58,4.55,4.57,4.59,4.85,107,4.5,4.75,,,,,,,,,
02/13/2023,OBFR,4.57,4.5,4.55,4.58,4.65,294,,,,,,,,,,,
02/13/2023,TGCR,4.52,4.46,4.51,4.55,4.56,452,,,,,,,,,,,
02/13/2023,BGCR,4.52,4.46,4.51,4.55,4.59,467,,,,,,,,,,,
02/13/2023,SOFR,4.55,4.48,4.53,4.58,4.63,1153,,,,,,,,,,,
02/10/2023,EFFR,4.58,4.55,4.57,4.59,4.85,112,4.5,4.75,,,,,,,,,
02/10/2023,OBFR,4.57,4.5,4.55,4.58,4.8,291,,,,,,,,,,,
02/10/2023,TGCR,4.52,4.35,4.51,4.55,4.56,455,,,,,,,,,,,
02/10/2023,BGCR,4.52,4.35,4.51,4.55,4.59,468,,,,,,,,,,,
02/10/2023,SOFR,4.55,4.47,4.53,4.58,4.63,1186,,,,,,,,,,,
02/09/2023,EFFR,4.57,4.55,4.57,4.59,4.85,111,4.5,4.75,,,,,,,,,
02/09/2023,OBFR,4.57,4.5,4.55,4.58,4.75,287,,,,,,,,,,,
02/09/2023,TGCR,4.52,4.46,4.51,4.55,4.57,466,,,,,,,,,,,
02/09/2023,BGCR,4.52,4.47,4.51,4.55,4.6,481,,,,,,,,,,,
02/09/2023,SOFR,4.55,4.48,4.53,4.59,4.64,1212,,,,,,,,,,,
02/08/2023,EFFR,4.58,4.55,4.57,4.59,4.85,106,4.5,4.75,,,,,,,,,
02/08/2023,OBFR,4.57,4.5,4.55,4.58,4.75,284,,,,,,,,,,,
02/08/2023,TGCR,4.52,4.46,4.51,4.55,4.56,466,,,,,,,,,,,
02/08/2023,BGCR,4.52,4.46,4.51,4.55,4.59,480,,,,,,,,,,,
02/08/2023,SOFR,4.55,4.47,4.53,4.58,4.63,1184,,,,,,,,,,,
02/07/2023,EFFR,4.58,4.55,4.57,4.59,4.85,103,4.5,4.75,,,,,,,,,
02/07/2023,OBFR,4.57,4.5,4.55,4.58,4.65,271,,,,,,,,,,,
02/07/2023,TGCR,4.52,4.46,4.51,4.55,4.56,461,,,,,,,,,,,
02/07/2023,BGCR,4.52,4.46,4.51,4.55,4.59,474,,,,,,,,,,,
02/07/2023,SOFR,4.55,4.48,4.53,4.58,4.63,1208,,,,,,,,,,,
02/06/2023,EFFR,4.58,4.55,4.57,4.59,4.85,99,4.5,4.75,,,,,,,,,
02/06/2023,OBFR,4.57,4.5,4.55,4.58,4.65,278,,,,,,,,,,,
02/06/2023,TGCR,4.52,4.4,4.51,4.55,4.56,460,,,,,,,,,,,
02/06/2023,BGCR,4.52,4.4,4.51,4.55,4.59,473,,,,,,,,,,,
02/06/2023,SOFR,4.55,4.47,4.53,4.58,4.62,1209,,,,,,,,,,,
02/03/2023,EFFR,4.58,4.55,4.57,4.59,4.9,104,4.5,4.75,,,,,,,,,
02/03/2023,OBFR,4.57,4.5,4.55,4.58,4.85,284,,,,,,,,,,,
02/03/2023,TGCR,4.52,4.46,4.51,4.55,4.57,459,,,,,,,,,,,
02/03/2023,BGCR,4.52,4.46,4.51,4.55,4.59,470,,,,,,,,,,,
02/03/2023,SOFR,4.55,4.48,4.53,4.58,4.63,1216,,,,,,,,,,,
02/02/2023,EFFR,4.58,4.55,4.57,4.59,4.9,99,4.5,4.75,,,,,,,,,
02/02/2023,OBFR,4.57,4.49,4.55,4.58,4.85,282,,,,,,,,,,,
02/02/2023,TGCR,4.52,4.32,4.51,4.55,4.56,468,,,,,,,,,,,
02/02/2023,BGCR,4.52,4.32,4.51,4.55,4.6,489,,,,,,,,,,,
02/02/2023,SOFR,4.56,4.32,4.54,4.6,4.64,1290,,,,,,,,,,,
02/01/2023,EFFR,4.33,4.3,4.32,4.34,4.65,106,4.25,4.5,,,,,,,,,
02/01/2023,OBFR,4.32,4.25,4.3,4.33,4.6,276,,,,,,,,,,,
02/01/2023,TGCR,4.27,4.22,4.26,4.3,4.32,472,,,,,,,,,,,
02/01/2023,BGCR,4.27,4.22,4.26,4.3,4.34,487,,,,,,,,,,,
02/01/2023,SOFR,4.31,4.23,4.3,4.35,4.4,1199,,,,,,,,,,,
01/31/2023,EFFR,4.33,4.29,4.32,4.34,4.65,98,4.25,4.5,,,,,,,,,
01/31/2023,OBFR,4.32,4.25,4.3,4.33,4.6,251,,,,,,,,,,,
01/31/2023,TGCR,4.28,2.75,4.27,4.3,4.31,468,,,,,,,,,,,
01/31/2023,BGCR,4.28,3.75,4.27,4.3,4.35,482,,,,,,,,,,,
01/31/2023,SOFR,4.31,4.23,4.3,4.36,4.41,1281,,,,,,,,,,,
01/30/2023,EFFR,4.33,4.3,4.32,4.33,4.65,109,4.25,4.5,,,,,,,,,
01/30/2023,OBFR,4.32,4.26,4.3,4.33,4.51,289,,,,,,,,,,,
01/30/2023,TGCR,4.27,4.14,4.26,4.3,4.31,452,,,,,,,,,,,
01/30/2023,BGCR,4.27,4.15,4.26,4.3,4.33,473,,,,,,,,,,,
01/30/2023,SOFR,4.3,4.22,4.28,4.33,4.4,1158,,,,,,,,,,,
01/27/2023,EFFR,4.33,4.3,4.32,4.33,4.65,120,4.25,4.5,,,,,,,,,
01/27/2023,OBFR,4.32,4.25,4.3,4.33,4.52,304,,,,,,,,,,,
01/27/2023,TGCR,4.27,4.21,4.26,4.3,4.31,454,,,,,,,,,,,
01/27/2023,BGCR,4.27,4.21,4.26,4.3,4.32,472,,,,,,,,,,,
01/27/2023,SOFR,4.3,4.23,4.29,4.33,4.38,1165,,,,,,,,,,,
01/26/2023,EFFR,4.33,4.3,4.32,4.34,4.65,113,4.25,4.5,,,,,,,,,
01/26/2023,OBFR,4.32,4.25,4.3,4.33,4.52,302,,,,,,,,,,,
01/26/2023,TGCR,4.27,4.22,4.26,4.3,4.32,455,,,,,,,,,,,
01/26/2023,BGCR,4.27,4.22,4.26,4.3,4.32,473,,,,,,,,,,,
01/26/2023,SOFR,4.3,4.23,4.29,4.34,4.39,1165,,,,,,,,,,,
01/25/2023,EFFR,4.33,4.3,4.32,4.34,4.65,111,4.25,4.5,,,,,,,,,
01/25/2023,OBFR,4.32,4.27,4.3,4.33,4.52,292,,,,,,,,,,,
01/25/2023,TGCR,4.27,4.22,4.26,4.3,4.31,445,,,,,,,,,,,
01/25/2023,BGCR,4.27,4.22,4.26,4.3,4.33,467,,,,,,,,,,,
01/25/2023,SOFR,4.31,4.23,4.29,4.34,4.38,1157,,,,,,,,,,,
01/24/2023,EFFR,4.33,4.3,4.32,4.34,4.65,104,4.25,4.5,,,,,,,,,
01/24/2023,OBFR,4.32,4.27,4.3,4.33,4.52,287,,,,,,,,,,,
01/24/2023,TGCR,4.27,4.22,4.26,4.3,4.31,441,,,,,,,,,,,
01/24/2023,BGCR,4.27,4.22,4.26,4.3,4.33,464,,,,,,,,,,,
01/24/2023,SOFR,4.3,4.23,4.29,4.34,4.39,1163,,,,,,,,,,,
01/23/2023,EFFR,4.33,4.3,4.32,4.34,4.65,96,4.25,4.5,,,,,,,,,
01/23/2023,OBFR,4.32,4.27,4.3,4.33,4.6,282,,,,,,,,,,,
01/23/2023,TGCR,4.26,4.2,4.25,4.3,4.31,425,,,,,,,,,,,
01/23/2023,BGCR,4.26,4.2,4.25,4.3,4.31,448,,,,,,,,,,,
01/23/2023,SOFR,4.3,4.22,4.27,4.31,4.37,1150,,,,,,,,,,,
01/20/2023,EFFR,4.33,4.3,4.32,4.34,4.65,99,4.25,4.5,,,,,,,,,
01/20/2023,OBFR,4.32,4.27,4.3,4.33,4.6,276,,,,,,,,,,,
01/20/2023,TGCR,4.26,4.2,4.26,4.3,4.32,435,,,,,,,,,,,
01/20/2023,BGCR,4.26,4.2,4.26,4.3,4.32,462,,,,,,,,,,,
01/20/2023,SOFR,4.3,4.22,4.28,4.33,4.39,1169,,,,,,,,,,,
01/19/2023,EFFR,4.33,4.3,4.32,4.34,4.63,100,4.25,4.5,,,,,,,,,
01/19/2023,OBFR,4.32,4.25,4.3,4.33,4.6,273,,,,,,,,,,,
01/19/2023,TGCR,4.27,4.22,4.26,4.3,4.33,433,,,,,,,,,,,
01/19/2023,BGCR,4.27,4.22,4.27,4.3,4.37,453,,,,,,,,,,,
01/19/2023,SOFR,4.31,4.23,4.29,4.34,4.4,1231,,,,,,,,,,,
01/18/2023,EFFR,4.33,4.3,4.32,4.34,4.62,106,4.25,4.5,,,,,,,,,
01/18/2023,OBFR,4.32,4.27,4.3,4.33,4.52,293,,,,,,,,,,,
01/18/2023,TGCR,4.27,4.12,4.26,4.3,4.45,429,,,,,,,,,,,
01/18/2023,BGCR,4.27,4.2,4.26,4.3,4.45,449,,,,,,,,,,,
01/18/2023,SOFR,4.3,4.22,4.29,4.34,4.4,1193,,,,,,,,,,,
01/17/2023,EFFR,4.33,4.3,4.31,4.34,4.61,94,4.25,4.5,,,,,,,,,
01/17/2023,OBFR,4.32,4.27,4.3,4.33,4.52,276,,,,,,,,,,,
01/17/2023,TGCR,4.28,4.13,4.27,4.3,4.45,429,,,,,,,,,,,
01/17/2023,BGCR,4.28,4.13,4.27,4.3,4.45,449,,,,,,,,,,,
01/17/2023,SOFR,4.31,4.23,4.3,4.37,4.43,1248,,,,,,,,,,,
01/13/2023,EFFR,4.33,4.3,4.32,4.34,4.6,110,4.25,4.5,,,,,,,,,
01/13/2023,OBFR,4.32,4.27,4.31,4.33,4.55,281,,,,,,,,,,,
01/13/2023,TGCR,4.27,4.22,4.26,4.3,4.45,418,,,,,,,,,,,
01/13/2023,BGCR,4.27,4.22,4.26,4.3,4.45,445,,,,,,,,,,,
01/13/2023,SOFR,4.3,4.22,4.28,4.33,4.41,1101,,,,,,,,,,,
01/12/2023,EFFR,4.33,4.3,4.32,4.34,4.61,107,4.25,4.5,,,,,,,,,
01/12/2023,OBFR,4.32,4.27,4.3,4.33,4.55,286,,,,,,,,,,,
01/12/2023,TGCR,4.27,4.21,4.26,4.3,4.45,414,,,,,,,,,,,
01/12/2023,BGCR,4.27,4.21,4.26,4.3,4.45,447,,,,,,,,,,,
01/12/2023,SOFR,4.3,4.22,4.29,4.34,4.41,1108,,,,,,,,,,,
01/11/2023,EFFR,4.33,4.3,4.32,4.33,4.6,110,4.25,4.5,,,,,,,,,
01/11/2023,OBFR,4.32,4.27,4.3,4.33,4.53,291,,,,,,,,,,,
01/11/2023,TGCR,4.27,4.21,4.26,4.3,4.45,413,,,,,,,,,,,
01/11/2023,BGCR,4.27,4.21,4.26,4.3,4.45,448,,,,,,,,,,,
01/11/2023,SOFR,4.3,4.23,4.28,4.34,4.41,1142,,,,,,,,,,,
01/10/2023,EFFR,4.33,4.3,4.32,4.33,4.6,109,4.25,4.5,,,,,,,,,
01/10/2023,OBFR,4.32,4.27,4.3,4.33,4.55,293,,,,,,,,,,,
01/10/2023,TGCR,4.27,4.21,4.26,4.3,4.45,407,,,,,,,,,,,
01/10/2023,BGCR,4.27,4.21,4.26,4.3,4.45,437,,,,,,,,,,,
01/10/2023,SOFR,4.31,4.23,4.29,4.34,4.41,1124,,,,,,,,,,,
01/09/2023,EFFR,4.33,4.3,4.32,4.34,4.6,106,4.25,4.5,,,,,,,,,
01/09/2023,OBFR,4.32,4.27,4.3,4.33,4.52,287,,,,,,,,,,,
01/09/2023,TGCR,4.27,4.22,4.26,4.3,4.45,401,,,,,,,,,,,
01/09/2023,BGCR,4.27,4.22,4.26,4.3,4.45,437,,,,,,,,,,,
01/09/2023,SOFR,4.31,4.23,4.29,4.34,4.45,1127,,,,,,,,,,,
01/06/2023,EFFR,4.33,4.3,4.32,4.33,4.6,114,4.25,4.5,,,,,,,,,
01/06/2023,OBFR,4.32,4.27,4.3,4.33,4.52,290,,,,,,,,,,,
01/06/2023,TGCR,4.27,4.2,4.27,4.3,4.45,391,,,,,,,,,,,
01/06/2023,BGCR,4.27,4.2,4.27,4.3,4.45,424,,,,,,,,,,,
01/06/2023,SOFR,4.31,4.22,4.29,4.35,4.45,1118,,,,,,,,,,,
01/05/2023,EFFR,4.33,4.3,4.32,4.33,4.6,107,4.25,4.5,,,,,,,,,
01/05/2023,OBFR,4.32,4.25,4.3,4.33,4.52,283,,,,,,,,,,,
01/05/2023,TGCR,4.27,4.22,4.27,4.3,4.45,392,,,,,,,,,,,
01/05/2023,BGCR,4.27,4.22,4.27,4.3,4.45,432,,,,,,,,,,,
01/05/2023,SOFR,4.31,4.23,4.29,4.35,4.45,1134,,,,,,,,,,,
01/04/2023,EFFR,4.33,4.3,4.32,4.33,4.65,108,4.25,4.5,,,,,,,,,
01/04/2023,OBFR,4.32,4.25,4.31,4.33,4.52,278,,,,,,,,,,,
01/04/2023,TGCR,4.27,4.13,4.26,4.3,4.45,382,,,,,,,,,,,
01/04/2023,BGCR,4.27,4.2,4.26,4.3,4.45,416,,,,,,,,,,,
01/04/2023,SOFR,4.3,4.22,4.28,4.35,4.44,1136,,,,,,,,,,,
01/03/2023,EFFR,4.33,4.3,4.32,4.33,4.6,105,4.25,4.5,,,,,,,,,
01/03/2023,OBFR,4.32,4.27,4.31,4.33,4.52,270,,,,,,,,,,,
01/03/2023,TGCR,4.26,3.45,4.26,4.3,4.45,374,,,,,,,,,,,
01/03/2023,BGCR,4.27,4.13,4.26,4.3,4.45,430,,,,,,,,,,,
01/03/2023,SOFR,4.31,4.22,4.28,4.35,4.44,1257,,,,,,,,,,,
12/30/2022,EFFR,4.33,4.3,4.32,4.34,4.6,67,4.25,4.5,,,,,,,,,
12/30/2022,OBFR,4.33,4.23,4.31,4.34,4.55,126,,,,,,,,,,,
12/30/2022,TGCR,4.26,4.05,4.25,4.3,4.45,335,,,,,,,,,,,
12/30/2022,BGCR,4.26,4.05,4.25,4.3,4.45,354,,,,,,,,,,,
12/30/2022,SOFR,4.3,4.2,4.26,4.33,4.48,1004,,,,,,,,,,,
12/29/2022,EFFR,4.33,4.3,4.31,4.34,4.6,94,4.25,4.5,,,,,,,,,
12/29/2022,OBFR,4.32,4.17,4.3,4.33,4.53,249,,,,,,,,,,,
12/29/2022,TGCR,4.26,2.5,4.25,4.3,4.45,366,,,,,,,,,,,
12/29/2022,BGCR,4.26,2.5,4.25,4.3,4.45,380,,,,,,,,,,,
12/29/2022,SOFR,4.3,4.2,4.26,4.32,4.45,1037,,,,,,,,,,,
12/28/2022,EFFR,4.33,4.3,4.32,4.34,4.6,99,4.25,4.5,,,,,,,,,
12/28/2022,OBFR,4.32,4.26,4.3,4.33,4.55,255,,,,,,,,,,,
12/28/2022,TGCR,4.26,4.1,4.25,4.3,4.45,362,,,,,,,,,,,
12/28/2022,BGCR,4.26,4.13,4.25,4.3,4.45,379,,,,,,,,,,,
12/28/2022,SOFR,4.3,4.21,4.27,4.32,4.45,1005,,,,,,,,,,,
12/27/2022,EFFR,4.33,4.3,4.32,4.34,4.6,109,4.25,4.5,,,,,,,,,
12/27/2022,OBFR,4.32,4.26,4.3,4.33,4.55,277,,,,,,,,,,,
12/27/2022,TGCR,4.26,2.5,4.25,4.3,4.45,361,,,,,,,,,,,
12/27/2022,BGCR,4.27,2.5,4.25,4.3,4.45,389,,,,,,,,,,,
12/27/2022,SOFR,4.3,4.15,4.27,4.32,4.4,1048,,,,,,,,,,,
12/23/2022,EFFR,4.33,4.3,4.32,4.34,4.6,107,4.25,4.5,,,,,,,,,
12/23/2022,OBFR,4.32,4.26,4.31,4.33,4.5,270,,,,,,,,,,,
12/23/2022,TGCR,4.26,4.2,4.25,4.3,4.45,352,,,,,,,,,,,
12/23/2022,BGCR,4.26,4.2,4.25,4.3,4.45,364,,,,,,,,,,,
12/23/2022,SOFR,4.3,4.21,4.26,4.31,4.38,991,,,,,,,,,,,
12/22/2022,EFFR,4.33,4.3,4.32,4.34,4.6,99,4.25,4.5,,,,,,,,,
12/22/2022,OBFR,4.32,4.24,4.3,4.33,4.52,270,,,,,,,,,,,
12/22/2022,TGCR,4.26,2.75,4.25,4.3,4.45,376,,,,,,,,,,,
12/22/2022,BGCR,4.26,2.75,4.25,4.3,4.45,391,,,,,,,,,,,
12/22/2022,SOFR,4.3,4.2,4.26,4.31,4.44,1013,,,,,,,,,,,
12/21/2022,EFFR,4.33,4.3,4.32,4.34,4.55,98,4.25,4.5,,,,,,,,,
12/21/2022,OBFR,4.32,4.25,4.3,4.33,4.52,263,,,,,,,,,,,
12/21/2022,TGCR,4.26,4.2,4.25,4.3,4.45,376,,,,,,,,,,,
12/21/2022,BGCR,4.26,4.2,4.25,4.3,4.45,388,,,,,,,,,,,
12/21/2022,SOFR,4.3,4.2,4.26,4.3,4.44,1031,,,,,,,,,,,
12/20/2022,EFFR,4.33,4.3,4.32,4.34,4.55,99,4.25,4.5,,,,,,,,,
12/20/2022,OBFR,4.32,4.23,4.3,4.33,4.5,267,,,,,,,,,,,
12/20/2022,TGCR,4.26,2.5,4.25,4.3,4.45,385,,,,,,,,,,,
12/20/2022,BGCR,4.26,2.5,4.25,4.3,4.45,398,,,,,,,,,,,
12/20/2022,SOFR,4.3,4.2,4.27,4.32,4.44,1048,,,,,,,,,,,
12/19/2022,EFFR,4.33,4.3,4.32,4.34,4.55,91,4.25,4.5,,,,,,,,,
12/19/2022,OBFR,4.32,4.23,4.3,4.33,4.5,259,,,,,,,,,,,
12/19/2022,TGCR,4.27,4.2,4.26,4.3,4.45,393,,,,,,,,,,,
12/19/2022,BGCR,4.27,4.2,4.26,4.3,4.45,414,,,,,,,,,,,
12/19/2022,SOFR,4.3,4.22,4.28,4.34,4.42,1087,,,,,,,,,,,
12/16/2022,EFFR,4.33,4.3,4.32,4.34,4.55,99,4.25,4.5,,,,,,,,,
12/16/2022,OBFR,4.32,4.24,4.3,4.33,4.5,267,,,,,,,,,,,
12/16/2022,TGCR,4.28,4.22,4.27,4.3,4.45,391,,,,,,,,,,,
12/16/2022,BGCR,4.28,4.22,4.27,4.3,4.45,414,,,,,,,,,,,
12/16/2022,SOFR,4.32,4.23,4.3,4.36,4.45,1091,,,,,,,,,,,
12/15/2022,EFFR,4.33,4.3,4.32,4.34,4.5,104,4.25,4.5,,,,,,,,,
12/15/2022,OBFR,4.32,4.2,4.3,4.33,4.5,279,,,,,,,,,,,
12/15/2022,TGCR,4.27,3.81,4.25,4.3,4.45,400,,,,,,,,,,,
12/15/2022,BGCR,4.27,3.81,4.25,4.3,4.45,417,,,,,,,,,,,
12/15/2022,SOFR,4.32,4.2,4.3,4.37,4.45,1144,,,,,,,,,,,
12/14/2022,EFFR,3.83,3.8,3.82,3.84,4.05,101,3.75,4,,,,,,,,,
12/14/2022,OBFR,3.82,3.72,3.8,3.83,4.02,281,,,,,,,,,,,
12/14/2022,TGCR,3.76,3.7,3.75,3.8,3.95,397,,,,,,,,,,,
12/14/2022,BGCR,3.76,3.7,3.75,3.8,3.95,411,,,,,,,,,,,
12/14/2022,SOFR,3.8,3.72,3.77,3.84,3.92,1045,,,,,,,,,,,
12/13/2022,EFFR,3.83,3.8,3.82,3.84,4.05,100,3.75,4,,,,,,,,,
12/13/2022,OBFR,3.82,3.74,3.8,3.83,4.02,281,,,,,,,,,,,
12/13/2022,TGCR,3.76,3.68,3.75,3.8,3.95,391,,,,,,,,,,,
12/13/2022,BGCR,3.76,3.68,3.75,3.8,3.95,412,,,,,,,,,,,
12/13/2022,SOFR,3.8,3.72,3.77,3.83,3.92,1051,,,,,,,,,,,
12/12/2022,EFFR,3.83,3.8,3.82,3.84,4.05,97,3.75,4,,,,,,,,,
12/12/2022,OBFR,3.82,3.76,3.8,3.83,4,269,,,,,,,,,,,
12/12/2022,TGCR,3.76,3.71,3.75,3.8,3.95,392,,,,,,,,,,,
12/12/2022,BGCR,3.76,3.71,3.75,3.8,3.95,409,,,,,,,,,,,
12/12/2022,SOFR,3.8,3.72,3.77,3.83,3.91,1042,,,,,,,,,,,
12/09/2022,EFFR,3.83,3.8,3.82,3.84,4.05,102,3.75,4,,,,,,,,,
12/09/2022,OBFR,3.82,3.76,3.8,3.83,4,271,,,,,,,,,,,
12/09/2022,TGCR,3.76,3.65,3.75,3.8,3.95,398,,,,,,,,,,,
12/09/2022,BGCR,3.76,3.68,3.75,3.8,3.95,418,,,,,,,,,,,
12/09/2022,SOFR,3.8,3.71,3.77,3.83,3.91,1058,,,,,,,,,,,
12/08/2022,EFFR,3.83,3.8,3.82,3.84,4.05,99,3.75,4,,,,,,,,,
12/08/2022,OBFR,3.82,3.77,3.8,3.83,4,270,,,,,,,,,,,
12/08/2022,TGCR,3.76,3.7,3.75,3.8,3.95,392,,,,,,,,,,,
12/08/2022,BGCR,3.76,3.7,3.75,3.8,3.95,418,,,,,,,,,,,
12/08/2022,SOFR,3.8,3.72,3.77,3.81,3.91,1087,,,,,,,,,,,
12/07/2022,EFFR,3.83,3.8,3.82,3.84,4.05,103,3.75,4,,,,,,,,,
12/07/2022,OBFR,3.82,3.77,3.8,3.83,4.02,273,,,,,,,,,,,
12/07/2022,TGCR,3.76,3.7,3.75,3.8,3.95,394,,,,,,,,,,,
12/07/2022,BGCR,3.76,3.7,3.75,3.8,3.95,411,,,,,,,,,,,
12/07/2022,SOFR,3.8,3.72,3.76,3.81,3.91,1088,,,,,,,,,,,
12/06/2022,EFFR,3.83,3.8,3.82,3.84,4.05,110,3.75,4,,,,,,,,,
12/06/2022,OBFR,3.82,3.77,3.81,3.83,4.02,306,,,,,,,,,,,
12/06/2022,TGCR,3.77,3.7,3.76,3.8,3.95,399,,,,,,,,,,,
12/06/2022,BGCR,3.77,3.7,3.76,3.8,3.95,417,,,,,,,,,,,
12/06/2022,SOFR,3.8,3.72,3.78,3.84,3.93,1088,,,,,,,,,,,
12/05/2022,EFFR,3.83,3.8,3.82,3.84,4.05,107,3.75,4,,,,,,,,,
12/05/2022,OBFR,3.82,3.74,3.8,3.83,4,287,,,,,,,,,,,
12/05/2022,TGCR,3.78,3.7,3.77,3.8,3.95,400,,,,,,,,,,,
12/05/2022,BGCR,3.78,3.7,3.77,3.8,3.95,415,,,,,,,,,,,
12/05/2022,SOFR,3.81,3.72,3.79,3.85,3.94,1096,,,,,,,,,,,
12/02/2022,EFFR,3.83,3.8,3.82,3.83,4,108,3.75,4,,,,,,,,,
12/02/2022,OBFR,3.82,3.75,3.8,3.83,4,282,,,,,,,,,,,
12/02/2022,TGCR,3.78,3.7,3.77,3.8,3.95,416,,,,,,,,,,,
12/02/2022,BGCR,3.78,3.7,3.77,3.8,3.95,431,,,,,,,,,,,
12/02/2022,SOFR,3.81,3.72,3.8,3.86,3.94,1132,,,,,,,,,,,
12/01/2022,EFFR,3.83,3.8,3.82,3.84,4.05,99,3.75,4,,,,,,,,,
12/01/2022,OBFR,3.82,3.75,3.81,3.83,4,269,,,,,,,,,,,
12/01/2022,TGCR,3.78,3.72,3.77,3.8,3.95,417,,,,,,,,,,,
12/01/2022,BGCR,3.78,3.72,3.77,3.8,3.95,442,,,,,,,,,,,
12/01/2022,SOFR,3.82,3.73,3.8,3.86,3.92,1174,,,,,,,,,,,
11/30/2022,EFFR,3.83,3.79,3.82,3.84,4.05,92,3.75,4,,,,,,,,,
11/30/2022,OBFR,3.82,3.75,3.8,3.83,4.02,242,,,,,,,,,,,
11/30/2022,TGCR,3.79,3.68,3.77,3.8,3.95,395,,,,,,,,,,,
11/30/2022,BGCR,3.79,3.65,3.77,3.8,3.95,414,,,,,,,,,,,
11/30/2022,SOFR,3.82,3.71,3.8,3.87,3.94,1113,,,,,,,,,,,
11/29/2022,EFFR,3.83,3.8,3.82,3.84,4.05,95,3.75,4,,,,,,,,,
11/29/2022,OBFR,3.82,3.76,3.8,3.83,4.02,269,,,,,,,,,,,
11/29/2022,TGCR,3.77,3.7,3.76,3.8,3.95,398,,,,,,,,,,,
11/29/2022,BGCR,3.77,3.7,3.76,3.8,3.95,409,,,,,,,,,,,
11/29/2022,SOFR,3.81,3.72,3.78,3.85,3.95,1026,,,,,,,,,,,
11/28/2022,EFFR,3.83,3.8,3.82,3.84,4.05,97,3.75,4,,,,,,,,,
11/28/2022,OBFR,3.82,3.76,3.8,3.83,4.02,271,,,,,,,,,,,
11/28/2022,TGCR,3.77,3.69,3.75,3.8,3.95,393,,,,,,,,,,,
11/28/2022,BGCR,3.77,3.7,3.75,3.8,3.95,411,,,,,,,,,,,
11/28/2022,SOFR,3.8,3.71,3.77,3.84,3.9,1058,,,,,,,,,,,
11/25/2022,EFFR,3.83,3.7,3.82,3.83,4.05,105,3.75,4,,,,,,,,,
11/25/2022,OBFR,3.82,3.76,3.8,3.83,4,265,,,,,,,,,,,
11/25/2022,TGCR,3.76,3.7,3.75,3.8,3.95,388,,,,,,,,,,,
11/25/2022,BGCR,3.76,3.7,3.75,3.8,3.95,398,,,,,,,,,,,
11/25/2022,SOFR,3.8,3.71,3.77,3.82,3.93,1003,,,,,,,,,,,
11/23/2022,EFFR,3.83,3.8,3.82,3.84,4.05,108,3.75,4,,,,,,,,,
11/23/2022,OBFR,3.82,3.77,3.8,3.83,4,273,,,,,,,,,,,
11/23/2022,TGCR,3.76,3.67,3.75,3.8,3.95,375,,,,,,,,,,,
11/23/2022,BGCR,3.76,3.67,3.75,3.8,3.95,381,,,,,,,,,,,
11/23/2022,SOFR,3.79,3.7,3.76,3.81,3.95,984,,,,,,,,,,,
11/22/2022,EFFR,3.83,3.8,3.82,3.84,4.05,99,3.75,4,,,,,,,,,
11/22/2022,OBFR,3.82,3.76,3.8,3.83,4,280,,,,,,,,,,,
11/22/2022,TGCR,3.76,3.7,3.75,3.8,3.95,393,,,,,,,,,,,
11/22/2022,BGCR,3.76,3.7,3.75,3.8,3.95,412,,,,,,,,,,,
11/22/2022,SOFR,3.8,3.71,3.76,3.82,3.95,1038,,,,,,,,,,,
11/21/2022,EFFR,3.83,3.8,3.82,3.84,4.05,94,3.75,4,,,,,,,,,
11/21/2022,OBFR,3.82,3.76,3.8,3.83,4,281,,,,,,,,,,,
11/21/2022,TGCR,3.76,3.68,3.75,3.8,3.95,395,,,,,,,,,,,
11/21/2022,BGCR,3.76,3.68,3.75,3.8,3.95,404,,,,,,,,,,,
11/21/2022,SOFR,3.8,3.7,3.76,3.82,3.89,1015,,,,,,,,,,,
11/18/2022,EFFR,3.83,3.8,3.82,3.84,4.05,102,3.75,4,,,,,,,,,
11/18/2022,OBFR,3.82,3.76,3.8,3.83,4,283,,,,,,,,,,,
11/18/2022,TGCR,3.76,3.7,3.75,3.8,3.95,400,,,,,,,,,,,
11/18/2022,BGCR,3.76,3.7,3.76,3.8,3.95,411,,,,,,,,,,,
11/18/2022,SOFR,3.8,3.71,3.77,3.83,3.92,1037,,,,,,,,,,,
11/17/2022,EFFR,3.83,3.8,3.82,3.84,4,99,3.75,4,,,,,,,,,
11/17/2022,OBFR,3.82,3.75,3.8,3.83,4,279,,,,,,,,,,,
11/17/2022,TGCR,3.77,3.7,3.76,3.8,3.95,401,,,,,,,,,,,
11/17/2022,BGCR,3.77,3.7,3.76,3.8,3.95,419,,,,,,,,,,,
11/17/2022,SOFR,3.8,3.71,3.78,3.84,3.9,1075,,,,,,,,,,,
11/16/2022,EFFR,3.83,3.8,3.82,3.84,4,98,3.75,4,,,,,,,,,
11/16/2022,OBFR,3.82,3.76,3.8,3.83,4,281,,,,,,,,,,,
11/16/2022,TGCR,3.77,3.7,3.76,3.8,3.95,408,,,,,,,,,,,
11/16/2022,BGCR,3.77,3.7,3.76,3.8,3.95,423,,,,,,,,,,,
11/16/2022,SOFR,3.81,3.72,3.78,3.85,3.92,1096,,,,,,,,,,,
11/15/2022,EFFR,3.83,3.8,3.82,3.84,4,97,3.75,4,,,,,,,,,
11/15/2022,OBFR,3.82,3.76,3.8,3.83,3.95,275,,,,,,,,,,,
11/15/2022,TGCR,3.77,3.65,3.75,3.8,3.95,407,,,,,,,,,,,
11/15/2022,BGCR,3.77,3.65,3.75,3.8,3.95,441,,,,,,,,,,,
11/15/2022,SOFR,3.8,3.7,3.78,3.85,3.95,1149,,,,,,,,,,,
11/14/2022,EFFR,3.83,3.8,3.82,3.84,4,99,3.75,4,,,,,,,,,
11/14/2022,OBFR,3.82,3.77,3.8,3.83,4,284,,,,,,,,,,,
11/14/2022,TGCR,3.75,3.7,3.74,3.79,3.95,405,,,,,,,,,,,
11/14/2022,BGCR,3.75,3.7,3.75,3.8,3.95,429,,,,,,,,,,,
11/14/2022,SOFR,3.79,3.7,3.75,3.81,3.95,1041,,,,,,,,,,,
11/10/2022,EFFR,3.83,3.8,3.82,3.84,4,97,3.75,4,,,,,,,,,
11/10/2022,OBFR,3.82,3.75,3.8,3.83,3.95,283,,,,,,,,,,,
11/10/2022,TGCR,3.75,3.69,3.74,3.77,3.95,395,,,,,,,,,,,
11/10/2022,BGCR,3.75,3.69,3.74,3.79,3.95,411,,,,,,,,,,,
11/10/2022,SOFR,3.78,3.7,3.75,3.8,3.95,987,,,,,,,,,,,
11/09/2022,EFFR,3.83,2.34,3.82,3.84,4,100,3.75,4,,,,,,,,,
11/09/2022,OBFR,3.82,3,3.8,3.83,4,293,,,,,,,,,,,
11/09/2022,TGCR,3.75,3.68,3.74,3.76,3.95,390,,,,,,,,,,,
11/09/2022,BGCR,3.75,3.69,3.74,3.78,3.95,405,,,,,,,,,,,
11/09/2022,SOFR,3.78,3.7,3.75,3.8,3.95,969,,,,,,,,,,,
11/08/2022,EFFR,3.83,3.8,3.82,3.84,4.05,101,3.75,4,,,,,,,,,
11/08/2022,OBFR,3.82,3.75,3.8,3.83,4,288,,,,,,,,,,,
11/08/2022,TGCR,3.75,3.68,3.74,3.76,3.95,388,,,,,,,,,,,
11/08/2022,BGCR,3.75,3.68,3.74,3.78,3.95,401,,,,,,,,,,,
11/08/2022,SOFR,3.78,3.69,3.75,3.8,3.95,978,,,,,,,,,,,
11/07/2022,EFFR,3.83,3.8,3.82,3.84,4,99,3.75,4,,,,,,,,,
11/07/2022,OBFR,3.82,3.75,3.8,3.83,4,291,,,,,,,,,,,
11/07/2022,TGCR,3.75,3.68,3.75,3.77,3.95,393,,,,,,,,,,,
11/07/2022,BGCR,3.75,3.68,3.75,3.78,3.95,405,,,,,,,,,,,
11/07/2022,SOFR,3.78,3.7,3.75,3.81,3.95,981,,,,,,,,,,,
11/04/2022,EFFR,3.83,3.8,3.82,3.83,4,105,3.75,4,,,,,,,,,
11/04/2022,OBFR,3.82,3.74,3.8,3.83,4,286,,,,,,,,,,,
11/04/2022,TGCR,3.75,3.7,3.75,3.78,3.95,397,,,,,,,,,,,
11/04/2022,BGCR,3.76,3.7,3.75,3.8,3.95,409,,,,,,,,,,,
11/04/2022,SOFR,3.8,3.7,3.76,3.82,3.95,1014,,,,,,,,,,,
11/03/2022,EFFR,3.83,3.8,3.82,3.84,4.05,97,3.75,4,,,,,,,,,
11/03/2022,OBFR,3.82,3.73,3.8,3.83,4,284,,,,,,,,,,,
11/03/2022,TGCR,3.75,3.06,3.75,3.78,3.95,393,,,,,,,,,,,
11/03/2022,BGCR,3.76,3.06,3.75,3.8,3.95,418,,,,,,,,,,,
11/03/2022,SOFR,3.8,3.25,3.76,3.83,3.89,1074,,,,,,,,,,,
11/02/2022,EFFR,3.08,3.05,3.07,3.09,3.35,103,3,3.25,,,,,,,,,
11/02/2022,OBFR,3.07,3.02,3.05,3.08,3.3,292,,,,,,,,,,,
11/02/2022,TGCR,3,2.9,3,3.05,3.2,391,,,,,,,,,,,
11/02/2022,BGCR,3,2.9,3,3.05,3.2,405,,,,,,,,,,,
11/02/2022,SOFR,3.05,2.95,3.01,3.08,3.2,1021,,,,,,,,,,,
11/01/2022,EFFR,3.08,3.05,3.07,3.08,3.35,108,3,3.25,,,,,,,,,
11/01/2022,OBFR,3.07,3.02,3.05,3.08,3.28,289,,,,,,,,,,,
11/01/2022,TGCR,3,2.93,3,3.05,3.2,395,,,,,,,,,,,
11/01/2022,BGCR,3.01,2.93,3,3.05,3.2,420,,,,,,,,,,,
11/01/2022,SOFR,3.05,2.95,3.01,3.08,3.13,1079,,,,,,,,,,,
10/31/2022,EFFR,3.08,3.05,3.07,3.09,3.3,82,3,3.25,,,,,,,,,
10/31/2022,OBFR,3.06,2.99,3.05,3.08,3.28,249,,,,,,,,,,,
10/31/2022,TGCR,3,2.9,3,3.05,3.2,386,,,,,,,,,,,
10/31/2022,BGCR,3,2.9,3,3.05,3.2,414,,,,,,,,,,,
10/31/2022,SOFR,3.05,2.93,3.01,3.07,3.2,1075,,,,,,,,,,,
10/28/2022,EFFR,3.08,3.05,3.07,3.09,3.3,107,3,3.25,,,,,,,,,
10/28/2022,OBFR,3.07,3,3.05,3.08,3.27,300,,,,,,,,,,,
10/28/2022,TGCR,3,2.93,2.99,3.04,3.2,384,,,,,,,,,,,
10/28/2022,BGCR,3,2.93,2.99,3.05,3.2,397,,,,,,,,,,,
10/28/2022,SOFR,3.05,2.95,3,3.06,3.2,951,,,,,,,,,,,
10/27/2022,EFFR,3.08,3.05,3.07,3.09,3.3,103,3,3.25,,,,,,,,,
10/27/2022,OBFR,3.07,3.02,3.06,3.08,3.25,286,,,,,,,,,,,
10/27/2022,TGCR,3,2.92,2.98,3.04,3.2,387,,,,,,,,,,,
10/27/2022,BGCR,3,2.92,2.99,3.05,3.2,406,,,,,,,,,,,
10/27/2022,SOFR,3.04,2.94,3,3.06,3.2,973,,,,,,,,,,,
10/26/2022,EFFR,3.08,3.05,3.07,3.09,3.3,99,3,3.25,,,,,,,,,
10/26/2022,OBFR,3.07,3.02,3.06,3.08,3.25,282,,,,,,,,,,,
10/26/2022,TGCR,3,2.91,2.98,3.01,3.2,381,,,,,,,,,,,
10/26/2022,BGCR,3,2.92,2.98,3.04,3.2,402,,,,,,,,,,,
10/26/2022,SOFR,3.03,2.95,3,3.05,3.2,972,,,,,,,,,,,
10/25/2022,EFFR,3.08,3.05,3.07,3.09,3.29,103,3,3.25,,,,,,,,,
10/25/2022,OBFR,3.07,3.02,3.06,3.08,3.25,283,,,,,,,,,,,
10/25/2022,TGCR,3,2.91,2.98,3.02,3.2,379,,,,,,,,,,,
10/25/2022,BGCR,3,2.91,2.98,3.04,3.2,395,,,,,,,,,,,
10/25/2022,SOFR,3.02,2.93,3,3.05,3.2,961,,,,,,,,,,,
10/24/2022,EFFR,3.08,3.05,3.07,3.09,3.25,99,3,3.25,,,,,,,,,
10/24/2022,OBFR,3.07,3.02,3.06,3.08,3.23,276,,,,,,,,,,,
10/24/2022,TGCR,3,2.91,2.98,3.01,3.2,376,,,,,,,,,,,
10/24/2022,BGCR,3,2.91,2.98,3.03,3.2,388,,,,,,,,,,,
10/24/2022,SOFR,3.01,2.93,2.99,3.04,3.2,962,,,,,,,,,,,
10/21/2022,EFFR,3.08,3.05,3.07,3.09,3.25,99,3,3.25,,,,,,,,,
10/21/2022,OBFR,3.07,3.03,3.06,3.08,3.23,265,,,,,,,,,,,
10/21/2022,TGCR,3,2.92,2.98,3.01,3.2,372,,,,,,,,,,,
10/21/2022,BGCR,3,2.92,2.98,3.03,3.2,387,,,,,,,,,,,
10/21/2022,SOFR,3.02,2.93,2.99,3.04,3.2,955,,,,,,,,,,,
10/20/2022,EFFR,3.08,3.05,3.07,3.09,3.25,92,3,3.25,,,,,,,,,
10/20/2022,OBFR,3.07,3.03,3.06,3.08,3.23,267,,,,,,,,,,,
10/20/2022,TGCR,3,1.5,2.99,3.03,3.2,380,,,,,,,,,,,
10/20/2022,BGCR,3,1.5,2.99,3.04,3.2,393,,,,,,,,,,,
10/20/2022,SOFR,3.03,2.93,3,3.05,3.2,963,,,,,,,,,,,
10/19/2022,EFFR,3.08,3.05,3.07,3.08,3.25,104,3,3.25,,,,,,,,,
10/19/2022,OBFR,3.07,3.02,3.06,3.08,3.2,272,,,,,,,,,,,
10/19/2022,TGCR,3,2.93,2.99,3.03,3.2,375,,,,,,,,,,,
10/19/2022,BGCR,3,2.93,2.99,3.05,3.2,385,,,,,,,,,,,
10/19/2022,SOFR,3.04,2.94,3,3.05,3.2,919,,,,,,,,,,,
10/18/2022,EFFR,3.08,3.05,3.07,3.08,3.23,103,3,3.25,,,,,,,,,
10/18/2022,OBFR,3.07,3.02,3.06,3.08,3.2,276,,,,,,,,,,,
10/18/2022,TGCR,3,2.93,3,3.05,3.2,375,,,,,,,,,,,
10/18/2022,BGCR,3,2.93,3,3.05,3.2,388,,,,,,,,,,,
10/18/2022,SOFR,3.04,2.95,3,3.06,3.2,967,,,,,,,,,,,
10/17/2022,EFFR,3.08,3.05,3.07,3.08,3.23,103,3,3.25,,,,,,,,,
10/17/2022,OBFR,3.07,3.02,3.06,3.08,3.2,275,,,,,,,,,,,
10/17/2022,TGCR,3,2.85,3,3.05,3.2,373,,,,,,,,,,,
10/17/2022,BGCR,3,2.85,3,3.05,3.2,389,,,,,,,,,,,
10/17/2022,SOFR,3.05,2.95,3,3.06,3.2,979,,,,,,,,,,,
10/14/2022,EFFR,3.08,3.05,3.07,3.08,3.23,110,3,3.25,,,,,,,,,
10/14/2022,OBFR,3.07,3.02,3.06,3.08,3.17,287,,,,,,,,,,,
10/14/2022,TGCR,3,2.93,3,3.05,3.2,370,,,,,,,,,,,
10/14/2022,BGCR,3,2.93,3,3.05,3.2,387,,,,,,,,,,,
10/14/2022,SOFR,3.04,2.95,3,3.05,3.2,958,,,,,,,,,,,
10/13/2022,EFFR,3.08,3.05,3.07,3.08,3.24,106,3,3.25,,,,,,,,,
10/13/2022,OBFR,3.07,3,3.06,3.08,3.2,285,,,,,,,,,,,
10/13/2022,TGCR,3,2.9,3,3.05,3.2,378,,,,,,,,,,,
10/13/2022,BGCR,3,2.9,3,3.05,3.2,398,,,,,,,,,,,
10/13/2022,SOFR,3.04,2.95,3,3.06,3.2,1000,,,,,,,,,,,
10/12/2022,EFFR,3.08,3.05,3.07,3.08,3.23,110,3,3.25,,,,,,,,,
10/12/2022,OBFR,3.07,3.03,3.06,3.08,3.2,287,,,,,,,,,,,
10/12/2022,TGCR,3,2.92,3,3.03,3.2,371,,,,,,,,,,,
10/12/2022,BGCR,3,2.92,3,3.05,3.2,390,,,,,,,,,,,
10/12/2022,SOFR,3.04,2.95,3,3.06,3.2,972,,,,,,,,,,,
10/11/2022,EFFR,3.08,3.05,3.07,3.08,3.23,104,3,3.25,,,,,,,,,
10/11/2022,OBFR,3.07,3.02,3.06,3.08,3.2,282,,,,,,,,,,,
10/11/2022,TGCR,3,2.93,3,3.05,3.2,377,,,,,,,,,,,
10/11/2022,BGCR,3,2.93,3,3.05,3.2,407,,,,,,,,,,,
10/11/2022,SOFR,3.05,2.95,3,3.07,3.2,993,,,,,,,,,,,
10/07/2022,EFFR,3.08,3.05,3.07,3.08,3.23,113,3,3.25,,,,,,,,,
10/07/2022,OBFR,3.07,3.02,3.06,3.08,3.2,282,,,,,,,,,,,
10/07/2022,TGCR,3,2.93,3,3.05,3.2,371,,,,,,,,,,,
10/07/2022,BGCR,3,2.93,3,3.05,3.2,394,,,,,,,,,,,
10/07/2022,SOFR,3.05,2.95,3,3.06,3.2,968,,,,,,,,,,,
10/06/2022,EFFR,3.08,3.05,3.07,3.08,3.25,109,3,3.25,,,,,,,,,
10/06/2022,OBFR,3.07,3.02,3.06,3.08,3.2,282,,,,,,,,,,,
10/06/2022,TGCR,3,2.93,2.99,3.05,3.2,375,,,,,,,,,,,
10/06/2022,BGCR,3,2.93,3,3.05,3.2,399,,,,,,,,,,,
10/06/2022,SOFR,3.05,2.95,3,3.07,3.2,985,,,,,,,,,,,
10/05/2022,EFFR,3.08,3.05,3.07,3.08,3.23,104,3,3.25,,,,,,,,,
10/05/2022,OBFR,3.07,3.02,3.06,3.08,3.2,281,,,,,,,,,,,
10/05/2022,TGCR,3,2.93,2.99,3.05,3.2,366,,,,,,,,,,,
10/05/2022,BGCR,3,2.93,2.99,3.05,3.2,397,,,,,,,,,,,
10/05/2022,SOFR,3.04,2.95,3,3.06,3.2,992,,,,,,,,,,,
10/04/2022,EFFR,3.08,3.05,3.07,3.08,3.25,107,3,3.25,,,,,,,,,
10/04/2022,OBFR,3.07,3,3.06,3.08,3.2,281,,,,,,,,,,,
10/04/2022,TGCR,3,2.93,2.98,3.03,3.2,358,,,,,,,,,,,
10/04/2022,BGCR,3,2.93,2.99,3.05,3.2,392,,,,,,,,,,,
10/04/2022,SOFR,3.04,2.95,3,3.06,3.2,996,,,,,,,,,,,
10/03/2022,EFFR,3.08,3.05,3.07,3.08,3.23,115,3,3.25,,,,,,,,,
10/03/2022,OBFR,3.07,3.02,3.06,3.08,3.2,282,,,,,,,,,,,
10/03/2022,TGCR,2.98,2.9,2.96,3.05,3.2,340,,,,,,,,,,,
10/03/2022,BGCR,2.99,2.9,2.96,3.05,3.2,378,,,,,,,,,,,
10/03/2022,SOFR,3,2.93,2.97,3.05,3.2,1009,,,,,,,,,,,
09/30/2022,EFFR,3.08,3.05,3.07,3.08,3.23,90,3,3.25,,,,,,,,,
09/30/2022,OBFR,3.07,2.95,3.06,3.08,3.2,197,,,,,,,,,,,
09/30/2022,TGCR,2.97,1.5,2.95,3,3.2,314,,,,,,,,,,,
09/30/2022,BGCR,2.97,1.5,2.95,3,3.2,332,,,,,,,,,,,
09/30/2022,SOFR,2.98,2.88,2.95,3.03,3.2,956,,,,,,,,,,,
09/29/2022,EFFR,3.08,3.05,3.07,3.08,3.25,103,3,3.25,,,,,,,,,
09/29/2022,OBFR,3.07,2.97,3.06,3.08,3.2,260,,,,,,,,,,,
09/29/2022,TGCR,2.97,2.85,2.94,3,3.2,332,,,,,,,,,,,
09/29/2022,BGCR,2.97,2.85,2.95,3,3.2,350,,,,,,,,,,,
09/29/2022,SOFR,2.96,2.88,2.94,2.99,3.2,906,,,,,,,,,,,
09/28/2022,EFFR,3.08,3.05,3.07,3.08,3.25,110,3,3.25,,,,,,,,,
09/28/2022,OBFR,3.07,3.03,3.06,3.08,3.23,272,,,,,,,,,,,
09/28/2022,TGCR,2.98,2.75,2.96,3,3.2,338,,,,,,,,,,,
09/28/2022,BGCR,2.98,2.75,2.96,3,3.2,359,,,,,,,,,,,
09/28/2022,SOFR,2.98,2.88,2.95,3,3.2,911,,,,,,,,,,,
09/27/2022,EFFR,3.08,3.05,3.07,3.08,3.25,111,3,3.25,,,,,,,,,
09/27/2022,OBFR,3.07,3.02,3.06,3.08,3.2,279,,,,,,,,,,,
09/27/2022,TGCR,2.98,1.5,2.97,3,3.2,352,,,,,,,,,,,
09/27/2022,BGCR,2.98,1.5,2.97,3,3.2,376,,,,,,,,,,,
09/27/2022,SOFR,2.98,2.83,2.96,3,3.2,949,,,,,,,,,,,
09/26/2022,EFFR,3.08,3.05,3.07,3.08,3.25,111,3,3.25,,,,,,,,,
09/26/2022,OBFR,3.07,3.02,3.06,3.08,3.2,288,,,,,,,,,,,
09/26/2022,TGCR,2.98,1.5,2.97,3,3.2,361,,,,,,,,,,,
09/26/2022,BGCR,2.99,1.5,2.97,3,3.2,384,,,,,,,,,,,
09/26/2022,SOFR,2.99,2.8,2.96,3,3.2,976,,,,,,,,,,,
09/23/2022,EFFR,3.08,3.05,3.07,3.08,3.25,109,3,3.25,,,,,,,,,
09/23/2022,OBFR,3.07,3.02,3.05,3.08,3.23,295,,,,,,,,,,,
09/23/2022,TGCR,2.98,2.85,2.97,3,3.2,358,,,,,,,,,,,
09/23/2022,BGCR,2.99,2.8,2.97,3,3.2,382,,,,,,,,,,,
09/23/2022,SOFR,2.99,2.9,2.97,3.01,3.2,968,,,,,,,,,,,
09/22/2022,EFFR,3.08,3.05,3.07,3.08,3.25,99,3,3.25,,,,,,,,,
09/22/2022,OBFR,3.07,2.98,3.05,3.08,3.2,308,,,,,,,,,,,
09/22/2022,TGCR,2.99,1.5,2.97,3,3.2,369,,,,,,,,,,,
09/22/2022,BGCR,2.99,1.5,2.97,3,3.2,387,,,,,,,,,,,
09/22/2022,SOFR,2.99,2.26,2.97,3.01,3.13,1023,,,,,,,,,,,
09/21/2022,EFFR,2.33,2.3,2.32,2.33,2.5,99,2.25,2.5,,,,,,,,,
09/21/2022,OBFR,2.32,2.28,2.3,2.33,2.45,300,,,,,,,,,,,
09/21/2022,TGCR,2.25,2,2.23,2.27,2.45,374,,,,,,,,,,,
09/21/2022,BGCR,2.25,2,2.23,2.26,2.45,393,,,,,,,,,,,
09/21/2022,SOFR,2.25,2.12,2.23,2.27,2.45,951,,,,,,,,,,,
09/20/2022,EFFR,2.33,2.3,2.32,2.34,2.48,91,2.25,2.5,,,,,,,,,
09/20/2022,OBFR,2.32,2.28,2.3,2.33,2.45,301,,,,,,,,,,,
09/20/2022,TGCR,2.25,1,2.24,2.27,2.45,374,,,,,,,,,,,
09/20/2022,BGCR,2.25,1,2.24,2.27,2.45,390,,,,,,,,,,,
09/20/2022,SOFR,2.26,2.05,2.24,2.28,2.45,967,,,,,,,,,,,
09/19/2022,EFFR,2.33,2.3,2.32,2.34,2.45,93,2.25,2.5,,,,,,,,,
09/19/2022,OBFR,2.32,2.28,2.3,2.33,2.45,295,,,,,,,,,,,
09/19/2022,TGCR,2.26,1,2.25,2.28,2.45,373,,,,,,,,,,,
09/19/2022,BGCR,2.26,1,2.25,2.28,2.45,384,,,,,,,,,,,
09/19/2022,SOFR,2.27,2.15,2.25,2.3,2.45,948,,,,,,,,,,,
09/16/2022,EFFR,2.33,2.3,2.32,2.34,2.45,96,2.25,2.5,,,,,,,,,
09/16/2022,OBFR,2.32,2.28,2.3,2.33,2.45,294,,,,,,,,,,,
09/16/2022,TGCR,2.26,1.9,2.25,2.29,2.45,376,,,,,,,,,,,
09/16/2022,BGCR,2.26,1.9,2.25,2.29,2.45,392,,,,,,,,,,,
09/16/2022,SOFR,2.27,2.1,2.25,2.3,2.45,952,,,,,,,,,,,
09/15/2022,EFFR,2.33,2.3,2.32,2.33,2.45,96,2.25,2.5,,,,,,,,,
09/15/2022,OBFR,2.32,2.25,2.3,2.33,2.45,294,,,,,,,,,,,
09/15/2022,TGCR,2.26,1,2.25,2.28,2.45,383,,,,,,,,,,,
09/15/2022,BGCR,2.26,1,2.25,2.3,2.45,407,,,,,,,,,,,
09/15/2022,SOFR,2.28,2.18,2.26,2.3,2.45,981,,,,,,,,,,,
09/14/2022,EFFR,2.33,2.3,2.32,2.33,2.45,95,2.25,2.5,,,,,,,,,
09/14/2022,OBFR,2.32,2.28,2.3,2.33,2.41,292,,,,,,,,,,,
09/14/2022,TGCR,2.26,2.18,2.25,2.29,2.45,375,,,,,,,,,,,
09/14/2022,BGCR,2.26,2.18,2.25,2.29,2.45,394,,,,,,,,,,,
09/14/2022,SOFR,2.27,2.2,2.25,2.3,2.45,951,,,,,,,,,,,
09/13/2022,EFFR,2.33,2.3,2.32,2.33,2.45,94,2.25,2.5,,,,,,,,,
09/13/2022,OBFR,2.32,2.28,2.3,2.33,2.4,302,,,,,,,,,,,
09/13/2022,TGCR,2.26,1,2.25,2.3,2.45,388,,,,,,,,,,,
09/13/2022,BGCR,2.26,1,2.25,2.3,2.45,406,,,,,,,,,,,
09/13/2022,SOFR,2.28,2.18,2.26,2.3,2.45,957,,,,,,,,,,,
09/12/2022,EFFR,2.33,2.3,2.32,2.33,2.45,93,2.25,2.5,,,,,,,,,
09/12/2022,OBFR,2.32,2.28,2.3,2.33,2.4,293,,,,,,,,,,,
09/12/2022,TGCR,2.26,2.15,2.25,2.29,2.45,380,,,,,,,,,,,
09/12/2022,BGCR,2.26,2.16,2.25,2.3,2.45,397,,,,,,,,,,,
09/12/2022,SOFR,2.28,2.2,2.26,2.3,2.45,980,,,,,,,,,,,
09/09/2022,EFFR,2.33,2.3,2.32,2.33,2.45,101,2.25,2.5,,,,,,,,,
09/09/2022,OBFR,2.32,2.28,2.31,2.33,2.4,299,,,,,,,,,,,
09/09/2022,TGCR,2.26,2.18,2.25,2.29,2.45,386,,,,,,,,,,,
09/09/2022,BGCR,2.26,2.18,2.25,2.29,2.45,395,,,,,,,,,,,
09/09/2022,SOFR,2.28,2.2,2.26,2.3,2.45,958,,,,,,,,,,,
09/08/2022,EFFR,2.33,2.3,2.32,2.33,2.45,94,2.25,2.5,,,,,,,,,
09/08/2022,OBFR,2.32,2.28,2.3,2.33,2.43,298,,,,,,,,,,,
09/08/2022,TGCR,2.26,2.15,2.25,2.29,2.45,382,,,,,,,,,,,
09/08/2022,BGCR,2.26,2.15,2.25,2.29,2.45,395,,,,,,,,,,,
09/08/2022,SOFR,2.28,2.18,2.26,2.3,2.45,981,,,,,,,,,,,
09/07/2022,EFFR,2.33,2.3,2.32,2.33,2.45,97,2.25,2.5,,,,,,,,,
09/07/2022,OBFR,2.32,2.28,2.31,2.33,2.43,313,,,,,,,,,,,
09/07/2022,TGCR,2.26,2.15,2.25,2.3,2.45,375,,,,,,,,,,,
09/07/2022,BGCR,2.26,2.15,2.25,2.3,2.45,387,,,,,,,,,,,
09/07/2022,SOFR,2.28,2.19,2.26,2.3,2.45,958,,,,,,,,,,,
09/06/2022,EFFR,2.33,2.3,2.32,2.33,2.45,94,2.25,2.5,,,,,,,,,
09/06/2022,OBFR,2.32,2.28,2.31,2.33,2.45,283,,,,,,,,,,,
09/06/2022,TGCR,2.26,1.68,2.25,2.3,2.45,390,,,,,,,,,,,
09/06/2022,BGCR,2.26,1.88,2.25,2.3,2.45,399,,,,,,,,,,,
09/06/2022,SOFR,2.29,2.18,2.26,2.3,2.45,989,,,,,,,,,,,
09/02/2022,EFFR,2.33,2.3,2.32,2.33,2.45,100,2.25,2.5,,,,,,,,,
09/02/2022,OBFR,2.32,2.28,2.31,2.33,2.45,288,,,,,,,,,,,
09/02/2022,TGCR,2.26,2.18,2.25,2.3,2.45,378,,,,,,,,,,,
09/02/2022,BGCR,2.26,2.18,2.25,2.3,2.45,392,,,,,,,,,,,
09/02/2022,SOFR,2.29,2.19,2.26,2.31,2.45,965,,,,,,,,,,,
09/01/2022,EFFR,2.33,2.3,2.32,2.33,2.45,100,2.25,2.5,,,,,,,,,
09/01/2022,OBFR,2.32,2.28,2.31,2.33,2.45,295,,,,,,,,,,,
09/01/2022,TGCR,2.26,2.18,2.25,2.3,2.45,384,,,,,,,,,,,
09/01/2022,BGCR,2.26,2.18,2.25,2.3,2.45,398,,,,,,,,,,,
09/01/2022,SOFR,2.29,2.2,2.26,2.31,2.45,979,,,,,,,,,,,
08/31/2022,EFFR,2.33,2.29,2.32,2.34,2.45,86,2.25,2.5,,,,,,,,,
08/31/2022,OBFR,2.31,2.27,2.3,2.33,2.45,253,,,,,,,,,,,
08/31/2022,TGCR,2.26,1,2.25,2.3,2.45,381,,,,,,,,,,,
08/31/2022,BGCR,2.26,1,2.25,2.3,2.45,404,,,,,,,,,,,
08/31/2022,SOFR,2.29,2.15,2.26,2.31,2.45,1024,,,,,,,,,,,
08/30/2022,EFFR,2.33,2.3,2.32,2.34,2.45,90,2.25,2.5,,,,,,,,,
08/30/2022,OBFR,2.32,2.28,2.31,2.33,2.45,266,,,,,,,,,,,
08/30/2022,TGCR,2.26,2.18,2.25,2.29,2.45,377,,,,,,,,,,,
08/30/2022,BGCR,2.26,2.18,2.25,2.3,2.45,387,,,,,,,,,,,
08/30/2022,SOFR,2.29,2.2,2.26,2.3,2.45,948,,,,,,,,,,,
08/29/2022,EFFR,2.33,2.3,2.32,2.34,2.45,89,2.25,2.5,,,,,,,,,
08/29/2022,OBFR,2.32,2.28,2.31,2.33,2.45,265,,,,,,,,,,,
08/29/2022,TGCR,2.26,2.18,2.25,2.29,2.45,383,,,,,,,,,,,
08/29/2022,BGCR,2.26,2.18,2.25,2.3,2.45,393,,,,,,,,,,,
08/29/2022,SOFR,2.28,2.19,2.25,2.3,2.45,963,,,,,,,,,,,
08/26/2022,EFFR,2.33,2.31,2.32,2.33,2.45,98,2.25,2.5,,,,,,,,,
08/26/2022,OBFR,2.32,2.28,2.31,2.33,2.45,281,,,,,,,,,,,
08/26/2022,TGCR,2.26,2.1,2.25,2.3,2.45,385,,,,,,,,,,,
08/26/2022,BGCR,2.26,2.1,2.25,2.3,2.45,391,,,,,,,,,,,
08/26/2022,SOFR,2.28,2.2,2.25,2.3,2.45,953,,,,,,,,,,,
08/25/2022,EFFR,2.33,2.3,2.32,2.33,2.45,96,2.25,2.5,,,,,,,,,
08/25/2022,OBFR,2.32,2.26,2.31,2.33,2.43,280,,,,,,,,,,,
08/25/2022,TGCR,2.26,2.18,2.25,2.28,2.45,385,,,,,,,,,,,
08/25/2022,BGCR,2.26,2.18,2.25,2.3,2.45,396,,,,,,,,,,,
08/25/2022,SOFR,2.28,2.2,2.25,2.3,2.45,970,,,,,,,,,,,
08/24/2022,EFFR,2.33,2.31,2.32,2.33,2.45,94,2.25,2.5,,,,,,,,,
08/24/2022,OBFR,2.32,2.28,2.31,2.33,2.45,278,,,,,,,,,,,
08/24/2022,TGCR,2.26,2.14,2.25,2.28,2.45,375,,,,,,,,,,,
08/24/2022,BGCR,2.26,2.15,2.25,2.29,2.45,388,,,,,,,,,,,
08/24/2022,SOFR,2.27,2.18,2.25,2.3,2.45,969,,,,,,,,,,,
08/23/2022,EFFR,2.33,2.31,2.32,2.34,2.45,91,2.25,2.5,,,,,,,,,
08/23/2022,OBFR,2.32,2.28,2.31,2.33,2.45,281,,,,,,,,,,,
08/23/2022,TGCR,2.26,2.15,2.25,2.29,2.45,383,,,,,,,,,,,
08/23/2022,BGCR,2.26,2.15,2.25,2.29,2.45,390,,,,,,,,,,,
08/23/2022,SOFR,2.27,2.18,2.25,2.3,2.45,952,,,,,,,,,,,
08/22/2022,EFFR,2.33,2.3,2.32,2.34,2.45,91,2.25,2.5,,,,,,,,,
08/22/2022,OBFR,2.32,2.28,2.31,2.33,2.45,284,,,,,,,,,,,
08/22/2022,TGCR,2.26,0.5,2.25,2.29,2.45,384,,,,,,,,,,,
08/22/2022,BGCR,2.26,0.75,2.25,2.29,2.45,393,,,,,,,,,,,
08/22/2022,SOFR,2.28,2.15,2.25,2.3,2.37,994,,,,,,,,,,,
08/19/2022,EFFR,2.33,2.31,2.32,2.34,2.45,94,2.25,2.5,,,,,,,,,
08/19/2022,OBFR,2.32,2.29,2.31,2.33,2.43,289,,,,,,,,,,,
08/19/2022,TGCR,2.26,2.15,2.25,2.29,2.45,383,,,,,,,,,,,
08/19/2022,BGCR,2.26,2.16,2.25,2.29,2.45,393,,,,,,,,,,,
08/19/2022,SOFR,2.28,2.18,2.26,2.3,2.45,960,,,,,,,,,,,
08/18/2022,EFFR,2.33,2.31,2.32,2.33,2.45,91,2.25,2.5,,,,,,,,,
08/18/2022,OBFR,2.32,2.28,2.31,2.33,2.4,285,,,,,,,,,,,
08/18/2022,TGCR,2.26,1.25,2.25,2.3,2.45,385,,,,,,,,,,,
08/18/2022,BGCR,2.26,1.25,2.25,2.3,2.45,398,,,,,,,,,,,
08/18/2022,SOFR,2.28,2.18,2.26,2.3,2.45,973,,,,,,,,,,,
08/17/2022,EFFR,2.33,2.31,2.32,2.33,2.45,92,2.25,2.5,,,,,,,,,
08/17/2022,OBFR,2.32,2.26,2.31,2.33,2.4,286,,,,,,,,,,,
08/17/2022,TGCR,2.26,2.15,2.25,2.3,2.45,388,,,,,,,,,,,
08/17/2022,BGCR,2.26,2.16,2.25,2.3,2.45,400,,,,,,,,,,,
08/17/2022,SOFR,2.29,2.19,2.26,2.3,2.45,966,,,,,,,,,,,
08/16/2022,EFFR,2.33,2.31,2.32,2.33,2.45,94,2.25,2.5,,,,,,,,,
08/16/2022,OBFR,2.32,2.26,2.31,2.33,2.4,289,,,,,,,,,,,
08/16/2022,TGCR,2.26,2.18,2.25,2.3,2.45,387,,,,,,,,,,,
08/16/2022,BGCR,2.26,2.18,2.25,2.3,2.45,393,,,,,,,,,,,
08/16/2022,SOFR,2.29,2.2,2.26,2.31,2.45,974,,,,,,,,,,,
08/15/2022,EFFR,2.33,2.3,2.32,2.33,2.45,97,2.25,2.5,,,,,,,,,
08/15/2022,OBFR,2.32,2.26,2.31,2.33,2.4,294,,,,,,,,,,,
08/15/2022,TGCR,2.26,2.16,2.25,2.29,2.45,388,,,,,,,,,,,
08/15/2022,BGCR,2.26,2.16,2.25,2.3,2.45,394,,,,,,,,,,,
08/15/2022,SOFR,2.29,2.19,2.26,2.31,2.45,1014,,,,,,,,,,,
08/12/2022,EFFR,2.33,2.3,2.32,2.33,2.45,97,2.25,2.5,,,,,,,,,
08/12/2022,OBFR,2.32,2.26,2.31,2.33,2.37,286,,,,,,,,,,,
08/12/2022,TGCR,2.26,2.16,2.25,2.29,2.45,380,,,,,,,,,,,
08/12/2022,BGCR,2.26,2.18,2.25,2.3,2.45,396,,,,,,,,,,,
08/12/2022,SOFR,2.28,2.19,2.26,2.3,2.45,966,,,,,,,,,,,
08/11/2022,EFFR,2.33,2.31,2.32,2.33,2.45,94,2.25,2.5,,,,,,,,,
08/11/2022,OBFR,2.32,2.26,2.31,2.33,2.4,285,,,,,,,,,,,
08/11/2022,TGCR,2.26,2.15,2.25,2.3,2.45,380,,,,,,,,,,,
08/11/2022,BGCR,2.26,2.15,2.25,2.3,2.45,392,,,,,,,,,,,
08/11/2022,SOFR,2.28,2.18,2.26,2.3,2.45,965,,,,,,,,,,,
08/10/2022,EFFR,2.33,2.31,2.32,2.33,2.45,93,2.25,2.5,,,,,,,,,
08/10/2022,OBFR,2.32,2.26,2.31,2.33,2.4,281,,,,,,,,,,,
08/10/2022,TGCR,2.26,2.18,2.25,2.3,2.45,377,,,,,,,,,,,
08/10/2022,BGCR,2.26,2.18,2.25,2.3,2.45,390,,,,,,,,,,,
08/10/2022,SOFR,2.28,2.19,2.26,2.3,2.45,970,,,,,,,,,,,
08/09/2022,EFFR,2.33,2.31,2.32,2.33,2.45,90,2.25,2.5,,,,,,,,,
08/09/2022,OBFR,2.32,2.26,2.31,2.33,2.4,283,,,,,,,,,,,
08/09/2022,TGCR,2.26,2.18,2.25,2.3,2.45,377,,,,,,,,,,,
08/09/2022,BGCR,2.26,2.18,2.25,2.3,2.45,386,,,,,,,,,,,
08/09/2022,SOFR,2.29,2.2,2.26,2.3,2.45,947,,,,,,,,,,,
08/08/2022,EFFR,2.33,2.31,2.32,2.33,2.45,89,2.25,2.5,,,,,,,,,
08/08/2022,OBFR,2.32,2.26,2.31,2.33,2.4,279,,,,,,,,,,,
08/08/2022,TGCR,2.26,2.18,2.25,2.29,2.45,380,,,,,,,,,,,
08/08/2022,BGCR,2.26,2.18,2.25,2.3,2.45,387,,,,,,,,,,,
08/08/2022,SOFR,2.28,2.19,2.26,2.3,2.45,950,,,,,,,,,,,
08/05/2022,EFFR,2.33,2.31,2.32,2.33,2.45,91,2.25,2.5,,,,,,,,,
08/05/2022,OBFR,2.32,2.26,2.31,2.33,2.43,282,,,,,,,,,,,
08/05/2022,TGCR,2.26,2.15,2.25,2.3,2.45,380,,,,,,,,,,,
08/05/2022,BGCR,2.26,2.15,2.25,2.3,2.45,391,,,,,,,,,,,
08/05/2022,SOFR,2.28,2.19,2.26,2.3,2.45,965,,,,,,,,,,,
08/04/2022,EFFR,2.33,2.31,2.32,2.33,2.45,91,2.25,2.5,,,,,,,,,
08/04/2022,OBFR,2.32,2.26,2.31,2.33,2.43,280,,,,,,,,,,,
08/04/2022,TGCR,2.27,2.18,2.25,2.3,2.45,384,,,,,,,,,,,
08/04/2022,BGCR,2.27,2.18,2.25,2.3,2.45,393,,,,,,,,,,,
08/04/2022,SOFR,2.29,2.2,2.26,2.3,2.45,981,,,,,,,,,,,
08/03/2022,EFFR,2.33,2.3,2.32,2.33,2.45,92,2.25,2.5,,,,,,,,,
08/03/2022,OBFR,2.32,2.26,2.31,2.33,2.45,274,,,,,,,,,,,
08/03/2022,TGCR,2.27,0.75,2.26,2.3,2.45,373,,,,,,,,,,,
08/03/2022,BGCR,2.27,0.75,2.26,2.3,2.45,379,,,,,,,,,,,
08/03/2022,SOFR,2.29,2.18,2.26,2.31,2.45,984,,,,,,,,,,,
08/02/2022,EFFR,2.33,2.3,2.32,2.33,2.45,95,2.25,2.5,,,,,,,,,
08/02/2022,OBFR,2.32,2.26,2.31,2.33,2.45,278,,,,,,,,,,,
08/02/2022,TGCR,2.26,2.18,2.25,2.3,2.45,381,,,,,,,,,,,
08/02/2022,BGCR,2.27,2.18,2.25,2.3,2.45,399,,,,,,,,,,,
08/02/2022,SOFR,2.3,2.2,2.27,2.32,2.37,1015,,,,,,,,,,,
08/01/2022,EFFR,2.33,2.3,2.32,2.33,2.45,93,2.25,2.5,,,,,,,,,
08/01/2022,OBFR,2.32,2.26,2.31,2.33,2.45,270,,,,,,,,,,,
08/01/2022,TGCR,2.25,0.75,2.24,2.28,2.45,378,,,,,,,,,,,
08/01/2022,BGCR,2.25,0.75,2.24,2.3,2.45,401,,,,,,,,,,,
08/01/2022,SOFR,2.28,2.18,2.25,2.3,2.38,1035,,,,,,,,,,,
07/29/2022,EFFR,2.32,2.3,2.31,2.34,2.48,86,2.25,2.5,,,,,,,,,
07/29/2022,OBFR,2.31,2.26,2.31,2.32,2.45,240,,,,,,,,,,,
07/29/2022,TGCR,2.25,2.18,2.24,2.28,2.45,365,,,,,,,,,,,
07/29/2022,BGCR,2.25,2.18,2.24,2.28,2.45,374,,,,,,,,,,,
07/29/2022,SOFR,2.27,2.19,2.25,2.29,2.45,949,,,,,,,,,,,
07/28/2022,EFFR,2.33,2.3,2.32,2.33,2.48,90,2.25,2.5,,,,,,,,,
07/28/2022,OBFR,2.32,2.2,2.31,2.33,2.45,287,,,,,,,,,,,
07/28/2022,TGCR,2.25,1.54,2.24,2.28,2.45,372,,,,,,,,,,,
07/28/2022,BGCR,2.25,1.54,2.24,2.28,2.45,382,,,,,,,,,,,
07/28/2022,SOFR,2.28,1.55,2.25,2.3,2.45,965,,,,,,,,,,,
07/27/2022,EFFR,1.58,1.56,1.57,1.58,1.75,98,1.5,1.75,,,,,,,,,
07/27/2022,OBFR,1.57,1.53,1.56,1.58,1.7,287,,,,,,,,,,,
07/27/2022,TGCR,1.51,1,1.49,1.54,1.7,368,,,,,,,,,,,
07/27/2022,BGCR,1.51,1,1.5,1.54,1.7,385,,,,,,,,,,,
07/27/2022,SOFR,1.53,1.4,1.5,1.55,1.7,941,,,,,,,,,,,
07/26/2022,EFFR,1.58,1.56,1.57,1.58,1.73,97,1.5,1.75,,,,,,,,,
07/26/2022,OBFR,1.57,1.53,1.56,1.58,1.7,293,,,,,,,,,,,
07/26/2022,TGCR,1.5,1.42,1.49,1.53,1.7,369,,,,,,,,,,,
07/26/2022,BGCR,1.51,1.42,1.49,1.54,1.7,376,,,,,,,,,,,
07/26/2022,SOFR,1.53,1.45,1.5,1.55,1.7,951,,,,,,,,,,,
07/25/2022,EFFR,1.58,1.55,1.57,1.59,1.73,94,1.5,1.75,,,,,,,,,
07/25/2022,OBFR,1.57,1.53,1.56,1.58,1.7,291,,,,,,,,,,,
07/25/2022,TGCR,1.5,1.13,1.49,1.53,1.7,367,,,,,,,,,,,
07/25/2022,BGCR,1.51,1.23,1.49,1.53,1.7,379,,,,,,,,,,,
07/25/2022,SOFR,1.53,1.41,1.5,1.55,1.7,985,,,,,,,,,,,
07/22/2022,EFFR,1.58,1.56,1.57,1.58,1.75,96,1.5,1.75,,,,,,,,,
07/22/2022,OBFR,1.57,1.54,1.56,1.58,1.7,284,,,,,,,,,,,
07/22/2022,TGCR,1.5,1.43,1.49,1.54,1.7,364,,,,,,,,,,,
07/22/2022,BGCR,1.5,1.43,1.49,1.54,1.7,371,,,,,,,,,,,
07/22/2022,SOFR,1.52,1.45,1.5,1.54,1.7,931,,,,,,,,,,,
07/21/2022,EFFR,1.58,1.56,1.57,1.58,1.73,96,1.5,1.75,,,,,,,,,
07/21/2022,OBFR,1.57,1.51,1.56,1.58,1.7,287,,,,,,,,,,,
07/21/2022,TGCR,1.5,0.75,1.5,1.53,1.7,371,,,,,,,,,,,
07/21/2022,BGCR,1.51,0.75,1.5,1.54,1.7,377,,,,,,,,,,,
07/21/2022,SOFR,1.53,1.2,1.5,1.55,1.7,960,,,,,,,,,,,
07/20/2022,EFFR,1.58,1.56,1.57,1.58,1.73,95,1.5,1.75,,,,,,,,,
07/20/2022,OBFR,1.57,1.53,1.56,1.58,1.7,274,,,,,,,,,,,
07/20/2022,TGCR,1.51,1,1.5,1.55,1.7,361,,,,,,,,,,,
07/20/2022,BGCR,1.51,1,1.5,1.55,1.7,369,,,,,,,,,,,
07/20/2022,SOFR,1.53,1.43,1.5,1.55,1.7,916,,,,,,,,,,,
07/19/2022,EFFR,1.58,1.56,1.57,1.59,1.73,90,1.5,1.75,,,,,,,,,
07/19/2022,OBFR,1.57,1.53,1.56,1.58,1.7,274,,,,,,,,,,,
07/19/2022,TGCR,1.51,1.43,1.5,1.55,1.7,360,,,,,,,,,,,
07/19/2022,BGCR,1.51,1.43,1.5,1.55,1.7,372,,,,,,,,,,,
07/19/2022,SOFR,1.54,1.45,1.51,1.55,1.7,933,,,,,,,,,,,
07/18/2022,EFFR,1.58,1.55,1.57,1.58,1.71,97,1.5,1.75,,,,,,,,,
07/18/2022,OBFR,1.57,1.52,1.56,1.58,1.7,284,,,,,,,,,,,
07/18/2022,TGCR,1.51,1.43,1.5,1.55,1.7,358,,,,,,,,,,,
07/18/2022,BGCR,1.51,1.43,1.5,1.55,1.7,367,,,,,,,,,,,
07/18/2022,SOFR,1.54,1.45,1.51,1.55,1.7,947,,,,,,,,,,,
07/15/2022,EFFR,1.58,1.55,1.57,1.58,1.7,97,1.5,1.75,,,,,,,,,
07/15/2022,OBFR,1.57,1.52,1.56,1.58,1.7,276,,,,,,,,,,,
07/15/2022,TGCR,1.51,1.43,1.49,1.54,1.7,359,,,,,,,,,,,
07/15/2022,BGCR,1.51,1.43,1.49,1.55,1.7,368,,,,,,,,,,,
07/15/2022,SOFR,1.54,1.45,1.51,1.55,1.7,950,,,,,,,,,,,
07/14/2022,EFFR,1.58,1.55,1.57,1.58,1.7,91,1.5,1.75,,,,,,,,,
07/14/2022,OBFR,1.57,1.51,1.56,1.58,1.69,271,,,,,,,,,,,
07/14/2022,TGCR,1.51,1.43,1.49,1.54,1.7,362,,,,,,,,,,,
07/14/2022,BGCR,1.51,1.43,1.49,1.55,1.7,369,,,,,,,,,,,
07/14/2022,SOFR,1.53,1.45,1.5,1.55,1.7,934,,,,,,,,,,,
07/13/2022,EFFR,1.58,1.55,1.57,1.58,1.7,96,1.5,1.75,,,,,,,,,
07/13/2022,OBFR,1.57,1.52,1.56,1.58,1.65,274,,,,,,,,,,,
07/13/2022,TGCR,1.51,1.25,1.49,1.55,1.7,358,,,,,,,,,,,
07/13/2022,BGCR,1.51,1.3,1.49,1.55,1.7,367,,,,,,,,,,,
07/13/2022,SOFR,1.53,1.44,1.5,1.55,1.7,924,,,,,,,,,,,
07/12/2022,EFFR,1.58,1.55,1.57,1.58,1.7,98,1.5,1.75,,,,,,,,,
07/12/2022,OBFR,1.57,1.53,1.56,1.58,1.68,275,,,,,,,,,,,
07/12/2022,TGCR,1.51,1.43,1.49,1.54,1.7,359,,,,,,,,,,,
07/12/2022,BGCR,1.51,1.43,1.5,1.54,1.7,364,,,,,,,,,,,
07/12/2022,SOFR,1.54,1.45,1.5,1.55,1.7,941,,,,,,,,,,,
07/11/2022,EFFR,1.58,1.55,1.57,1.58,1.7,93,1.5,1.75,,,,,,,,,
07/11/2022,OBFR,1.57,1.53,1.56,1.58,1.62,269,,,,,,,,,,,
07/11/2022,TGCR,1.51,1.37,1.49,1.54,1.7,353,,,,,,,,,,,
07/11/2022,BGCR,1.51,1.37,1.49,1.55,1.7,359,,,,,,,,,,,
07/11/2022,SOFR,1.53,1.44,1.5,1.55,1.7,930,,,,,,,,,,,
07/08/2022,EFFR,1.58,1.55,1.57,1.58,1.7,99,1.5,1.75,,,,,,,,,
07/08/2022,OBFR,1.57,1.54,1.56,1.58,1.65,278,,,,,,,,,,,
07/08/2022,TGCR,1.51,1.42,1.5,1.55,1.7,345,,,,,,,,,,,
07/08/2022,BGCR,1.51,1,1.5,1.55,1.7,368,,,,,,,,,,,
07/08/2022,SOFR,1.53,1,1.5,1.55,1.7,942,,,,,,,,,,,
07/07/2022,EFFR,1.58,1.55,1.57,1.58,1.7,92,1.5,1.75,,,,,,,,,
07/07/2022,OBFR,1.57,1.52,1.56,1.58,1.65,271,,,,,,,,,,,
07/07/2022,TGCR,1.51,1.43,1.49,1.55,1.7,355,,,,,,,,,,,
07/07/2022,BGCR,1.51,1.43,1.49,1.55,1.7,361,,,,,,,,,,,
07/07/2022,SOFR,1.54,1.45,1.5,1.55,1.7,966,,,,,,,,,,,
07/06/2022,EFFR,1.58,1.55,1.57,1.58,1.7,95,1.5,1.75,,,,,,,,,
07/06/2022,OBFR,1.57,1.53,1.56,1.58,1.65,270,,,,,,,,,,,
07/06/2022,TGCR,1.51,1.43,1.5,1.55,1.7,349,,,,,,,,,,,
07/06/2022,BGCR,1.51,1.43,1.5,1.55,1.7,359,,,,,,,,,,,
07/06/2022,SOFR,1.54,1.45,1.5,1.55,1.7,966,,,,,,,,,,,
07/05/2022,EFFR,1.58,1.55,1.57,1.58,1.7,94,1.5,1.75,,,,,,,,,
07/05/2022,OBFR,1.57,1.53,1.56,1.58,1.68,262,,,,,,,,,,,
07/05/2022,TGCR,1.5,0.75,1.49,1.54,1.7,349,,,,,,,,,,,
07/05/2022,BGCR,1.51,0.75,1.49,1.55,1.7,362,,,,,,,,,,,
07/05/2022,SOFR,1.54,1.4,1.5,1.55,1.65,1042,,,,,,,,,,,
07/01/2022,EFFR,1.58,1.56,1.57,1.58,1.7,90,1.5,1.75,,,,,,,,,
07/01/2022,OBFR,1.57,1.52,1.56,1.58,1.66,249,,,,,,,,,,,
07/01/2022,TGCR,1.5,1,1.48,1.53,1.7,338,,,,,,,,,,,
07/01/2022,BGCR,1.5,1,1.48,1.54,1.7,357,,,,,,,,,,,
07/01/2022,SOFR,1.52,1.43,1.48,1.55,1.7,1001,,,,,,,,,,,
06/30/2022,EFFR,1.58,1.55,1.58,1.59,1.72,67,1.5,1.75,,,,,,,,,
06/30/2022,OBFR,1.57,1.5,1.56,1.58,1.7,157,,,,,,,,,,,
06/30/2022,TGCR,1.48,0.1,1.46,1.52,1.7,330,,,,,,,,,,,
06/30/2022,BGCR,1.48,0.1,1.46,1.52,1.7,347,,,,,,,,,,,
06/30/2022,SOFR,1.5,0.75,1.47,1.53,1.62,995,,,,,,,,,,,
06/29/2022,EFFR,1.58,1.56,1.57,1.58,1.7,85,1.5,1.75,,,,,,,,,
06/29/2022,OBFR,1.57,1.53,1.56,1.58,1.7,238,,,,,,,,,,,
06/29/2022,TGCR,1.51,1.3,1.49,1.54,1.7,332,,,,,,,,,,,
06/29/2022,BGCR,1.51,1.3,1.49,1.54,1.7,352,,,,,,,,,,,
06/29/2022,SOFR,1.51,1.42,1.48,1.54,1.7,940,,,,,,,,,,,
06/28/2022,EFFR,1.58,1.56,1.57,1.58,1.7,95,1.5,1.75,,,,,,,,,
06/28/2022,OBFR,1.57,1.54,1.56,1.58,1.7,247,,,,,,,,,,,
06/28/2022,TGCR,1.51,1,1.5,1.55,1.7,338,,,,,,,,,,,
06/28/2022,BGCR,1.51,1,1.5,1.55,1.7,352,,,,,,,,,,,
06/28/2022,SOFR,1.52,1.42,1.48,1.55,1.7,929,,,,,,,,,,,
06/27/2022,EFFR,1.58,1.55,1.57,1.58,1.7,90,1.5,1.75,,,,,,,,,
06/27/2022,OBFR,1.57,1.54,1.56,1.58,1.65,258,,,,,,,,,,,
06/27/2022,TGCR,1.49,0.75,1.47,1.54,1.7,345,,,,,,,,,,,
06/27/2022,BGCR,1.49,1,1.48,1.55,1.7,367,,,,,,,,,,,
06/27/2022,SOFR,1.5,1.4,1.47,1.54,1.7,945,,,,,,,,,,,
06/24/2022,EFFR,1.58,1.55,1.57,1.58,1.7,91,1.5,1.75,,,,,,,,,
06/24/2022,OBFR,1.57,1.54,1.56,1.58,1.64,256,,,,,,,,,,,
06/24/2022,TGCR,1.46,1.35,1.43,1.55,1.7,352,,,,,,,,,,,
06/24/2022,BGCR,1.46,1.35,1.43,1.55,1.7,367,,,,,,,,,,,
06/24/2022,SOFR,1.46,1.38,1.43,1.5,1.7,926,,,,,,,,,,,
06/23/2022,EFFR,1.58,1.56,1.57,1.59,1.7,84,1.5,1.75,,,,,,,,,
06/23/2022,OBFR,1.57,1.54,1.56,1.58,1.68,257,,,,,,,,,,,
06/23/2022,TGCR,1.45,1,1.43,1.55,1.7,358,,,,,,,,,,,
06/23/2022,BGCR,1.46,1,1.43,1.55,1.7,368,,,,,,,,,,,
06/23/2022,SOFR,1.44,1.35,1.42,1.48,1.7,944,,,,,,,,,,,
06/22/2022,EFFR,1.58,1.56,1.57,1.59,1.72,85,1.5,1.75,,,,,,,,,
06/22/2022,OBFR,1.57,1.53,1.56,1.58,1.7,261,,,,,,,,,,,
06/22/2022,TGCR,1.46,0.75,1.43,1.55,1.7,359,,,,,,,,,,,
06/22/2022,BGCR,1.46,0.75,1.43,1.55,1.7,378,,,,,,,,,,,
06/22/2022,SOFR,1.45,1.37,1.43,1.49,1.7,942,,,,,,,,,,,
06/21/2022,EFFR,1.58,1.56,1.57,1.59,1.72,67,1.5,1.75,,,,,,,,,
06/21/2022,OBFR,1.57,1.53,1.56,1.58,1.7,242,,,,,,,,,,,
06/21/2022,TGCR,1.46,0.75,1.43,1.55,1.7,362,,,,,,,,,,,
06/21/2022,BGCR,1.46,0.75,1.43,1.55,1.7,372,,,,,,,,,,,
06/21/2022,SOFR,1.45,1,1.43,1.48,1.7,957,,,,,,,,,,,
06/17/2022,EFFR,1.58,1.56,1.57,1.59,1.7,84,1.5,1.75,,,,,,,,,
06/17/2022,OBFR,1.57,1.53,1.56,1.58,1.66,243,,,,,,,,,,,
06/17/2022,TGCR,1.46,1.3,1.44,1.55,1.7,352,,,,,,,,,,,
06/17/2022,BGCR,1.46,1.3,1.44,1.55,1.7,365,,,,,,,,,,,
06/17/2022,SOFR,1.45,1.38,1.43,1.49,1.7,923,,,,,,,,,,,
06/16/2022,EFFR,1.58,1.55,1.57,1.59,1.7,80,1.5,1.75,,,,,,,,,
06/16/2022,OBFR,1.57,1.3,1.56,1.58,1.65,254,,,,,,,,,,,
06/16/2022,TGCR,1.46,0.71,1.44,1.55,1.7,353,,,,,,,,,,,
06/16/2022,BGCR,1.46,0.71,1.44,1.54,1.7,369,,,,,,,,,,,
06/16/2022,SOFR,1.45,1,1.42,1.49,1.7,976,,,,,,,,,,,
06/15/2022,EFFR,0.83,0.81,0.82,0.84,0.95,83,0.75,1,,,,,,,,,
06/15/2022,OBFR,0.82,0.78,0.81,0.83,0.9,250,,,,,,,,,,,
06/15/2022,TGCR,0.73,0.5,0.68,0.8,0.95,347,,,,,,,,,,,
06/15/2022,BGCR,0.72,0.57,0.68,0.8,0.95,364,,,,,,,,,,,
06/15/2022,SOFR,0.7,0.63,0.68,0.75,0.95,917,,,,,,,,,,,
06/14/2022,EFFR,0.83,0.8,0.82,0.84,0.95,81,0.75,1,,,,,,,,,
06/14/2022,OBFR,0.82,0.78,0.81,0.83,0.9,248,,,,,,,,,,,
06/14/2022,TGCR,0.73,0.15,0.69,0.8,0.95,350,,,,,,,,,,,
06/14/2022,BGCR,0.72,0.15,0.68,0.8,0.95,373,,,,,,,,,,,
06/14/2022,SOFR,0.69,0.6,0.67,0.75,0.95,925,,,,,,,,,,,
06/13/2022,EFFR,0.83,0.8,0.82,0.84,0.91,75,0.75,1,,,,,,,,,
06/13/2022,OBFR,0.82,0.78,0.81,0.83,0.88,238,,,,,,,,,,,
06/13/2022,TGCR,0.76,0.5,0.73,0.8,0.95,352,,,,,,,,,,,
06/13/2022,BGCR,0.75,0.5,0.73,0.8,0.95,381,,,,,,,,,,,
06/13/2022,SOFR,0.73,0.65,0.71,0.78,0.95,970,,,,,,,,,,,
06/10/2022,EFFR,0.83,0.81,0.82,0.84,0.88,76,0.75,1,,,,,,,,,
06/10/2022,OBFR,0.82,0.78,0.81,0.83,0.86,243,,,,,,,,,,,
06/10/2022,TGCR,0.77,0.25,0.75,0.8,0.95,358,,,,,,,,,,,
06/10/2022,BGCR,0.76,0.25,0.75,0.8,0.95,382,,,,,,,,,,,
06/10/2022,SOFR,0.75,0.6,0.73,0.79,0.95,960,,,,,,,,,,,
06/09/2022,EFFR,0.83,0.81,0.82,0.84,0.88,79,0.75,1,,,,,,,,,
06/09/2022,OBFR,0.82,0.78,0.81,0.83,0.87,247,,,,,,,,,,,
06/09/2022,TGCR,0.77,0.3,0.75,0.8,0.95,360,,,,,,,,,,,
06/09/2022,BGCR,0.77,0.3,0.75,0.8,0.95,383,,,,,,,,,,,
06/09/2022,SOFR,0.75,0.65,0.74,0.8,0.95,985,,,,,,,,,,,
06/08/2022,EFFR,0.83,0.8,0.82,0.84,0.88,79,0.75,1,,,,,,,,,
06/08/2022,OBFR,0.82,0.78,0.81,0.83,0.88,247,,,,,,,,,,,
06/08/2022,TGCR,0.78,0.6,0.75,0.8,0.95,354,,,,,,,,,,,
06/08/2022,BGCR,0.78,0.6,0.75,0.8,0.95,372,,,,,,,,,,,
06/08/2022,SOFR,0.76,0.7,0.74,0.8,0.95,959,,,,,,,,,,,
06/07/2022,EFFR,0.83,0.8,0.82,0.84,0.88,82,0.75,1,,,,,,,,,
06/07/2022,OBFR,0.82,0.78,0.81,0.83,0.86,252,,,,,,,,,,,
06/07/2022,TGCR,0.79,0.6,0.76,0.8,0.95,349,,,,,,,,,,,
06/07/2022,BGCR,0.78,0.6,0.76,0.8,0.95,365,,,,,,,,,,,
06/07/2022,SOFR,0.77,0.7,0.75,0.8,0.95,947,,,,,,,,,,,
06/06/2022,EFFR,0.83,0.8,0.82,0.83,0.9,85,0.75,1,,,,,,,,,
06/06/2022,OBFR,0.82,0.78,0.81,0.83,0.87,266,,,,,,,,,,,
06/06/2022,TGCR,0.78,0.65,0.77,0.8,0.95,348,,,,,,,,,,,
06/06/2022,BGCR,0.78,0.65,0.77,0.8,0.95,360,,,,,,,,,,,
06/06/2022,SOFR,0.78,0.72,0.76,0.8,0.95,959,,,,,,,,,,,
06/03/2022,EFFR,0.83,0.8,0.82,0.83,0.88,85,0.75,1,,,,,,,,,
06/03/2022,OBFR,0.82,0.78,0.81,0.83,0.85,252,,,,,,,,,,,
06/03/2022,TGCR,0.79,0.7,0.77,0.8,0.95,354,,,,,,,,,,,
06/03/2022,BGCR,0.79,0.7,0.77,0.8,0.95,365,,,,,,,,,,,
06/03/2022,SOFR,0.78,0.73,0.76,0.8,0.95,954,,,,,,,,,,,
06/02/2022,EFFR,0.83,0.8,0.82,0.84,0.88,83,0.75,1,,,,,,,,,
06/02/2022,OBFR,0.82,0.79,0.81,0.83,0.86,256,,,,,,,,,,,
06/02/2022,TGCR,0.79,0.5,0.77,0.8,0.95,355,,,,,,,,,,,
06/02/2022,BGCR,0.79,0.51,0.77,0.8,0.95,368,,,,,,,,,,,
06/02/2022,SOFR,0.79,0.7,0.77,0.8,0.95,974,,,,,,,,,,,
06/01/2022,EFFR,0.83,0.8,0.82,0.84,0.9,85,0.75,1,,,,,,,,,
06/01/2022,OBFR,0.82,0.79,0.81,0.83,0.86,255,,,,,,,,,,,
06/01/2022,TGCR,0.8,0.65,0.77,0.8,0.95,355,,,,,,,,,,,
06/01/2022,BGCR,0.8,0.65,0.77,0.8,0.95,370,,,,,,,,,,,
06/01/2022,SOFR,0.8,0.73,0.77,0.8,0.95,994,,,,,,,,,,,
05/31/2022,EFFR,0.83,0.79,0.82,0.84,0.91,76,0.75,1,,,,,,,,,
05/31/2022,OBFR,0.82,0.78,0.81,0.83,0.88,235,,,,,,,,,,,
05/31/2022,TGCR,0.79,0.3,0.77,0.8,0.95,351,,,,,,,,,,,
05/31/2022,BGCR,0.8,0.3,0.77,0.8,0.95,366,,,,,,,,,,,
05/31/2022,SOFR,0.79,0.71,0.77,0.8,0.87,1040,,,,,,,,,,,
05/27/2022,EFFR,0.83,0.8,0.82,0.84,0.95,79,0.75,1,,,,,,,,,
05/27/2022,OBFR,0.82,0.78,0.81,0.83,0.88,254,,,,,,,,,,,
05/27/2022,TGCR,0.79,0.65,0.77,0.8,0.95,344,,,,,,,,,,,
05/27/2022,BGCR,0.79,0.65,0.77,0.8,0.95,365,,,,,,,,,,,
05/27/2022,SOFR,0.78,0.72,0.76,0.8,0.95,963,,,,,,,,,,,
05/26/2022,EFFR,0.83,0.8,0.82,0.84,0.95,81,0.75,1,,,,,,,,,
05/26/2022,OBFR,0.82,0.78,0.81,0.83,0.89,252,,,,,,,,,,,
05/26/2022,TGCR,0.79,0.3,0.77,0.8,0.95,351,,,,,,,,,,,
05/26/2022,BGCR,0.79,0.3,0.77,0.8,0.95,368,,,,,,,,,,,
05/26/2022,SOFR,0.78,0.7,0.76,0.8,0.95,955,,,,,,,,,,,
05/25/2022,EFFR,0.83,0.8,0.82,0.84,0.95,85,0.75,1,,,,,,,,,
05/25/2022,OBFR,0.82,0.78,0.81,0.83,0.89,260,,,,,,,,,,,
05/25/2022,TGCR,0.79,0.65,0.77,0.8,0.95,346,,,,,,,,,,,
05/25/2022,BGCR,0.79,0.65,0.77,0.8,0.95,362,,,,,,,,,,,
05/25/2022,SOFR,0.78,0.72,0.76,0.8,0.95,942,,,,,,,,,,,
05/24/2022,EFFR,0.83,0.81,0.82,0.84,0.95,82,0.75,1,,,,,,,,,
05/24/2022,OBFR,0.82,0.78,0.81,0.83,0.9,253,,,,,,,,,,,
05/24/2022,TGCR,0.79,0.7,0.77,0.8,0.95,350,,,,,,,,,,,
05/24/2022,BGCR,0.79,0.7,0.77,0.8,0.95,366,,,,,,,,,,,
05/24/2022,SOFR,0.78,0.72,0.76,0.8,0.95,968,,,,,,,,,,,
05/23/2022,EFFR,0.83,0.8,0.82,0.84,0.95,82,0.75,1,,,,,,,,,
05/23/2022,OBFR,0.82,0.78,0.81,0.83,0.88,254,,,,,,,,,,,
05/23/2022,TGCR,0.79,0.4,0.77,0.8,0.95,346,,,,,,,,,,,
05/23/2022,BGCR,0.79,0.4,0.77,0.8,0.95,364,,,,,,,,,,,
05/23/2022,SOFR,0.78,0.71,0.76,0.8,0.95,984,,,,,,,,,,,
05/20/2022,EFFR,0.83,0.81,0.82,0.84,0.9,82,0.75,1,,,,,,,,,
05/20/2022,OBFR,0.82,0.78,0.81,0.83,0.87,261,,,,,,,,,,,
05/20/2022,TGCR,0.79,0.4,0.77,0.8,0.95,346,,,,,,,,,,,
05/20/2022,BGCR,0.79,0.4,0.77,0.8,0.95,362,,,,,,,,,,,
05/20/2022,SOFR,0.78,0.71,0.76,0.8,0.95,943,,,,,,,,,,,
05/19/2022,EFFR,0.83,0.81,0.82,0.84,0.95,76,0.75,1,,,,,,,,,
05/19/2022,OBFR,0.82,0.78,0.81,0.83,0.88,257,,,,,,,,,,,
05/19/2022,TGCR,0.8,0.4,0.77,0.8,0.95,344,,,,,,,,,,,
05/19/2022,BGCR,0.79,0.4,0.77,0.8,0.95,358,,,,,,,,,,,
05/19/2022,SOFR,0.79,0.71,0.77,0.8,0.95,982,,,,,,,,,,,
05/18/2022,EFFR,0.83,0.81,0.82,0.84,0.95,75,0.75,1,,,,,,,,,
05/18/2022,OBFR,0.82,0.77,0.81,0.83,0.88,252,,,,,,,,,,,
05/18/2022,TGCR,0.8,0.71,0.77,0.8,0.95,341,,,,,,,,,,,
05/18/2022,BGCR,0.8,0.71,0.78,0.8,0.95,355,,,,,,,,,,,
05/18/2022,SOFR,0.79,0.73,0.77,0.8,0.95,939,,,,,,,,,,,
05/17/2022,EFFR,0.83,0.81,0.82,0.84,0.93,80,0.75,1,,,,,,,,,
05/17/2022,OBFR,0.82,0.78,0.81,0.83,0.88,267,,,,,,,,,,,
05/17/2022,TGCR,0.8,0.4,0.78,0.8,0.95,352,,,,,,,,,,,
05/17/2022,BGCR,0.8,0.4,0.78,0.8,0.95,366,,,,,,,,,,,
05/17/2022,SOFR,0.8,0.7,0.78,0.81,0.95,977,,,,,,,,,,,
05/16/2022,EFFR,0.83,0.81,0.82,0.84,0.91,84,0.75,1,,,,,,,,,
05/16/2022,OBFR,0.82,0.78,0.82,0.83,0.87,271,,,,,,,,,,,
05/16/2022,TGCR,0.8,0.4,0.78,0.8,0.95,356,,,,,,,,,,,
05/16/2022,BGCR,0.8,0.4,0.78,0.8,0.95,376,,,,,,,,,,,
05/16/2022,SOFR,0.8,0.65,0.78,0.81,0.87,1013,,,,,,,,,,,
05/13/2022,EFFR,0.83,0.81,0.82,0.84,0.91,84,0.75,1,,,,,,,,,
05/13/2022,OBFR,0.82,0.78,0.82,0.83,0.87,266,,,,,,,,,,,
05/13/2022,TGCR,0.8,0.55,0.77,0.8,0.95,341,,,,,,,,,,,
05/13/2022,BGCR,0.8,0.55,0.77,0.8,0.95,356,,,,,,,,,,,
05/13/2022,SOFR,0.79,0.71,0.77,0.8,0.95,917,,,,,,,,,,,
05/12/2022,EFFR,0.83,0.81,0.82,0.84,0.91,81,0.75,1,,,,,,,,,
05/12/2022,OBFR,0.82,0.78,0.82,0.83,0.88,275,,,,,,,,,,,
05/12/2022,TGCR,0.8,0.4,0.77,0.8,0.95,345,,,,,,,,,,,
05/12/2022,BGCR,0.8,0.4,0.77,0.8,0.95,357,,,,,,,,,,,
05/12/2022,SOFR,0.79,0.71,0.77,0.8,0.95,922,,,,,,,,,,,
05/11/2022,EFFR,0.83,0.81,0.82,0.84,0.95,78,0.75,1,,,,,,,,,
05/11/2022,OBFR,0.82,0.78,0.82,0.83,0.88,256,,,,,,,,,,,
05/11/2022,TGCR,0.8,0.6,0.77,0.8,0.95,344,,,,,,,,,,,
05/11/2022,BGCR,0.8,0.68,0.77,0.8,0.95,357,,,,,,,,,,,
05/11/2022,SOFR,0.78,0.72,0.76,0.8,0.95,925,,,,,,,,,,,
05/10/2022,EFFR,0.83,0.81,0.82,0.84,0.95,72,0.75,1,,,,,,,,,
05/10/2022,OBFR,0.82,0.78,0.82,0.83,0.85,253,,,,,,,,,,,
05/10/2022,TGCR,0.8,0.71,0.77,0.8,0.95,338,,,,,,,,,,,
05/10/2022,BGCR,0.8,0.71,0.77,0.8,0.95,348,,,,,,,,,,,
05/10/2022,SOFR,0.78,0.72,0.76,0.8,0.95,914,,,,,,,,,,,
05/09/2022,EFFR,0.83,0.81,0.83,0.84,0.95,75,0.75,1,,,,,,,,,
05/09/2022,OBFR,0.82,0.78,0.82,0.83,0.85,270,,,,,,,,,,,
05/09/2022,TGCR,0.8,0.65,0.77,0.8,0.95,343,,,,,,,,,,,
05/09/2022,BGCR,0.8,0.65,0.77,0.8,0.95,354,,,,,,,,,,,
05/09/2022,SOFR,0.78,0.72,0.76,0.8,0.95,931,,,,,,,,,,,
05/06/2022,EFFR,0.83,0.8,0.82,0.84,0.95,81,0.75,1,,,,,,,,,
05/06/2022,OBFR,0.82,0.78,0.82,0.83,0.88,267,,,,,,,,,,,
05/06/2022,TGCR,0.8,0.72,0.77,0.8,0.95,339,,,,,,,,,,,
05/06/2022,BGCR,0.8,0.72,0.77,0.8,0.95,360,,,,,,,,,,,
05/06/2022,SOFR,0.78,0.72,0.76,0.8,0.95,979,,,,,,,,,,,
05/05/2022,EFFR,0.83,0.81,0.83,0.84,0.95,74,0.75,1,,,,,,,,,
05/05/2022,OBFR,0.82,0.78,0.82,0.83,0.88,284,,,,,,,,,,,
05/05/2022,TGCR,0.8,0.45,0.78,0.8,0.95,336,,,,,,,,,,,
05/05/2022,BGCR,0.8,0.45,0.78,0.8,0.95,354,,,,,,,,,,,
05/05/2022,SOFR,0.79,0.72,0.77,0.8,0.86,992,,,,,,,,,,,
05/04/2022,EFFR,0.33,0.31,0.32,0.34,0.45,77,0.25,0.5,,,,,,,,,
05/04/2022,OBFR,0.32,0.29,0.32,0.33,0.39,273,,,,,,,,,,,
05/04/2022,TGCR,0.3,0.15,0.28,0.3,0.45,344,,,,,,,,,,,
05/04/2022,BGCR,0.3,0.15,0.28,0.3,0.45,359,,,,,,,,,,,
05/04/2022,SOFR,0.3,0.22,0.27,0.3,0.45,947,,,,,,,,,,,
05/03/2022,EFFR,0.33,0.31,0.33,0.34,0.45,79,0.25,0.5,,,,,,,,,
05/03/2022,OBFR,0.32,0.3,0.32,0.33,0.39,260,,,,,,,,,,,
05/03/2022,TGCR,0.3,0.05,0.28,0.3,0.45,343,,,,,,,,,,,
05/03/2022,BGCR,0.3,0.05,0.28,0.3,0.45,354,,,,,,,,,,,
05/03/2022,SOFR,0.3,0.23,0.28,0.3,0.45,923,,,,,,,,,,,
05/02/2022,EFFR,0.33,0.31,0.33,0.34,0.45,77,0.25,0.5,,,,,,,,,
05/02/2022,OBFR,0.32,0.3,0.32,0.33,0.4,253,,,,,,,,,,,
05/02/2022,TGCR,0.3,0.1,0.28,0.3,0.45,345,,,,,,,,,,,
05/02/2022,BGCR,0.3,0.1,0.28,0.3,0.45,362,,,,,,,,,,,
05/02/2022,SOFR,0.3,0.23,0.27,0.3,0.45,984,,,,,,,,,,,
04/29/2022,EFFR,0.33,0.31,0.32,0.34,0.45,76,0.25,0.5,,,,,,,,,
04/29/2022,OBFR,0.32,0.29,0.31,0.33,0.42,244,,,,,,,,,,,
04/29/2022,TGCR,0.3,0.01,0.27,0.3,0.45,333,,,,,,,,,,,
04/29/2022,BGCR,0.3,0.01,0.27,0.3,0.45,354,,,,,,,,,,,
04/29/2022,SOFR,0.28,0.1,0.26,0.3,0.45,915,,,,,,,,,,,
04/28/2022,EFFR,0.33,0.31,0.33,0.34,0.45,81,0.25,0.5,,,,,,,,,
04/28/2022,OBFR,0.32,0.29,0.32,0.33,0.4,259,,,,,,,,,,,
04/28/2022,TGCR,0.3,0.01,0.27,0.3,0.45,327,,,,,,,,,,,
04/28/2022,BGCR,0.3,0.01,0.27,0.3,0.45,337,,,,,,,,,,,
04/28/2022,SOFR,0.28,0.21,0.26,0.3,0.45,892,,,,,,,,,,,
04/27/2022,EFFR,0.33,0.31,0.33,0.34,0.45,78,0.25,0.5,,,,,,,,,
04/27/2022,OBFR,0.32,0.29,0.32,0.33,0.4,262,,,,,,,,,,,
04/27/2022,TGCR,0.3,0.1,0.27,0.3,0.45,330,,,,,,,,,,,
04/27/2022,BGCR,0.3,0.1,0.27,0.3,0.45,342,,,,,,,,,,,
04/27/2022,SOFR,0.28,0.21,0.26,0.3,0.45,882,,,,,,,,,,,
04/26/2022,EFFR,0.33,0.31,0.32,0.34,0.4,73,0.25,0.5,,,,,,,,,
04/26/2022,OBFR,0.32,0.26,0.32,0.33,0.36,261,,,,,,,,,,,
04/26/2022,TGCR,0.3,0.2,0.27,0.3,0.45,326,,,,,,,,,,,
04/26/2022,BGCR,0.3,0.2,0.27,0.3,0.45,338,,,,,,,,,,,
04/26/2022,SOFR,0.27,0.2,0.25,0.3,0.45,897,,,,,,,,,,,
04/25/2022,EFFR,0.33,0.31,0.33,0.34,0.45,78,0.25,0.5,,,,,,,,,
04/25/2022,OBFR,0.32,0.28,0.32,0.33,0.39,273,,,,,,,,,,,
04/25/2022,TGCR,0.3,0.01,0.27,0.3,0.45,327,,,,,,,,,,,
04/25/2022,BGCR,0.3,0.01,0.27,0.3,0.45,342,,,,,,,,,,,
04/25/2022,SOFR,0.27,0.15,0.25,0.3,0.45,898,,,,,,,,,,,
04/22/2022,EFFR,0.33,0.31,0.33,0.34,0.41,74,0.25,0.5,,,,,,,,,
04/22/2022,OBFR,0.32,0.27,0.32,0.33,0.39,260,,,,,,,,,,,
04/22/2022,TGCR,0.3,0.05,0.27,0.3,0.45,322,,,,,,,,,,,
04/22/2022,BGCR,0.3,0.05,0.27,0.3,0.45,335,,,,,,,,,,,
04/22/2022,SOFR,0.27,0.2,0.24,0.3,0.45,901,,,,,,,,,,,
04/21/2022,EFFR,0.33,0.31,0.33,0.34,0.45,70,0.25,0.5,,,,,,,,,
04/21/2022,OBFR,0.32,0.28,0.32,0.33,0.37,264,,,,,,,,,,,
04/21/2022,TGCR,0.3,0.05,0.27,0.3,0.45,328,,,,,,,,,,,
04/21/2022,BGCR,0.3,0.05,0.26,0.3,0.45,339,,,,,,,,,,,
04/21/2022,SOFR,0.26,0.19,0.23,0.3,0.45,906,,,,,,,,,,,
04/20/2022,EFFR,0.33,0.31,0.33,0.34,0.45,71,0.25,0.5,,,,,,,,,
04/20/2022,OBFR,0.32,0.29,0.32,0.33,0.37,258,,,,,,,,,,,
04/20/2022,TGCR,0.3,0.1,0.27,0.3,0.45,330,,,,,,,,,,,
04/20/2022,BGCR,0.3,0.1,0.26,0.3,0.45,345,,,,,,,,,,,
04/20/2022,SOFR,0.27,0.2,0.24,0.3,0.45,912,,,,,,,,,,,
04/19/2022,EFFR,0.33,0.31,0.32,0.34,0.43,70,0.25,0.5,,,,,,,,,
04/19/2022,OBFR,0.32,0.28,0.32,0.33,0.38,263,,,,,,,,,,,
04/19/2022,TGCR,0.3,0.05,0.28,0.3,0.45,327,,,,,,,,,,,
04/19/2022,BGCR,0.3,0.05,0.28,0.3,0.45,342,,,,,,,,,,,
04/19/2022,SOFR,0.28,0.21,0.26,0.3,0.45,895,,,,,,,,,,,
04/18/2022,EFFR,0.33,0.31,0.32,0.34,0.36,76,0.25,0.5,,,,,,,,,
04/18/2022,OBFR,0.32,0.3,0.32,0.33,0.37,263,,,,,,,,,,,
04/18/2022,TGCR,0.3,0.05,0.28,0.3,0.45,338,,,,,,,,,,,
04/18/2022,BGCR,0.3,0.05,0.28,0.3,0.45,349,,,,,,,,,,,
04/18/2022,SOFR,0.29,0.1,0.27,0.3,0.45,896,,,,,,,,,,,
04/15/2022,EFFR,0.33,0.31,0.32,0.34,0.34,75,0.25,0.5,,,,,,,,,
04/15/2022,OBFR,0.33,0.23,0.32,0.34,0.36,99,,,,,,,,,,,
04/14/2022,EFFR,0.33,0.31,0.32,0.34,0.34,71,0.25,0.5,,,,,,,,,
04/14/2022,OBFR,0.33,0.2,0.32,0.34,0.36,97,,,,,,,,,,,
04/14/2022,TGCR,0.3,0.22,0.28,0.3,0.45,328,,,,,,,,,,,
04/14/2022,BGCR,0.3,0.22,0.28,0.3,0.45,336,,,,,,,,,,,
04/14/2022,SOFR,0.29,0.21,0.27,0.3,0.45,886,,,,,,,,,,,
04/13/2022,EFFR,0.33,0.31,0.32,0.34,0.35,77,0.25,0.5,,,,,,,,,
04/13/2022,OBFR,0.32,0.27,0.32,0.33,0.37,244,,,,,,,,,,,
04/13/2022,TGCR,0.3,0.23,0.28,0.3,0.45,330,,,,,,,,,,,
04/13/2022,BGCR,0.3,0.23,0.28,0.3,0.45,336,,,,,,,,,,,
04/13/2022,SOFR,0.29,0.21,0.27,0.3,0.45,874,,,,,,,,,,,
04/12/2022,EFFR,0.33,0.31,0.32,0.33,0.36,80,0.25,0.5,,,,,,,,,
04/12/2022,OBFR,0.32,0.26,0.32,0.33,0.36,266,,,,,,,,,,,
04/12/2022,TGCR,0.3,0.2,0.28,0.3,0.45,327,,,,,,,,,,,
04/12/2022,BGCR,0.3,0.2,0.28,0.3,0.45,338,,,,,,,,,,,
04/12/2022,SOFR,0.29,0.21,0.27,0.3,0.45,883,,,,,,,,,,,
04/11/2022,EFFR,0.33,0.31,0.32,0.33,0.35,80,0.25,0.5,,,,,,,,,
04/11/2022,OBFR,0.32,0.28,0.32,0.33,0.36,266,,,,,,,,,,,
04/11/2022,TGCR,0.3,0.1,0.29,0.3,0.45,327,,,,,,,,,,,
04/11/2022,BGCR,0.3,0.1,0.29,0.3,0.45,336,,,,,,,,,,,
04/11/2022,SOFR,0.3,0.21,0.27,0.3,0.45,886,,,,,,,,,,,
04/08/2022,EFFR,0.33,0.31,0.32,0.33,0.35,77,0.25,0.5,,,,,,,,,
04/08/2022,OBFR,0.32,0.28,0.32,0.33,0.36,258,,,,,,,,,,,
04/08/2022,TGCR,0.3,0.24,0.29,0.3,0.45,328,,,,,,,,,,,
04/08/2022,BGCR,0.3,0.24,0.29,0.3,0.45,337,,,,,,,,,,,
04/08/2022,SOFR,0.3,0.21,0.27,0.3,0.45,905,,,,,,,,,,,
04/07/2022,EFFR,0.33,0.31,0.32,0.33,0.35,78,0.25,0.5,,,,,,,,,
04/07/2022,OBFR,0.32,0.25,0.32,0.33,0.36,257,,,,,,,,,,,
04/07/2022,TGCR,0.3,0.15,0.29,0.3,0.45,327,,,,,,,,,,,
04/07/2022,BGCR,0.3,0.17,0.29,0.3,0.45,335,,,,,,,,,,,
04/07/2022,SOFR,0.3,0.21,0.27,0.3,0.45,906,,,,,,,,,,,
04/06/2022,EFFR,0.33,0.31,0.32,0.33,0.35,77,0.25,0.5,,,,,,,,,
04/06/2022,OBFR,0.32,0.29,0.32,0.33,0.36,254,,,,,,,,,,,
04/06/2022,TGCR,0.3,0.2,0.29,0.3,0.45,322,,,,,,,,,,,
04/06/2022,BGCR,0.3,0.2,0.29,0.3,0.45,332,,,,,,,,,,,
04/06/2022,SOFR,0.3,0.22,0.27,0.3,0.45,905,,,,,,,,,,,
04/05/2022,EFFR,0.33,0.31,0.32,0.33,0.35,79,0.25,0.5,,,,,,,,,
04/05/2022,OBFR,0.32,0.29,0.32,0.33,0.36,263,,,,,,,,,,,
04/05/2022,TGCR,0.3,0.1,0.29,0.3,0.45,323,,,,,,,,,,,
04/05/2022,BGCR,0.3,0.1,0.29,0.3,0.45,336,,,,,,,,,,,
04/05/2022,SOFR,0.3,0.22,0.27,0.3,0.45,929,,,,,,,,,,,
04/04/2022,EFFR,0.33,0.31,0.32,0.33,0.35,78,0.25,0.5,,,,,,,,,
04/04/2022,OBFR,0.32,0.29,0.32,0.33,0.36,254,,,,,,,,,,,
04/04/2022,TGCR,0.3,0.1,0.29,0.3,0.45,319,,,,,,,,,,,
04/04/2022,BGCR,0.3,0.1,0.29,0.3,0.45,340,,,,,,,,,,,
04/04/2022,SOFR,0.3,0.22,0.27,0.3,0.45,940,,,,,,,,,,,
04/01/2022,EFFR,0.33,0.31,0.32,0.33,0.35,78,0.25,0.5,,,,,,,,,
04/01/2022,OBFR,0.32,0.29,0.32,0.33,0.36,243,,,,,,,,,,,
04/01/2022,TGCR,0.3,0.22,0.29,0.3,0.45,321,,,,,,,,,,,
04/01/2022,BGCR,0.3,0.22,0.29,0.3,0.45,348,,,,,,,,,,,
04/01/2022,SOFR,0.3,0.21,0.27,0.3,0.45,974,,,,,,,,,,,
03/31/2022,EFFR,0.33,0.3,0.32,0.33,0.4,57,0.25,0.5,,,,,,,,,
03/31/2022,OBFR,0.32,0.25,0.31,0.33,0.39,145,,,,,,,,,,,
03/31/2022,TGCR,0.3,0.2,0.29,0.3,0.45,288,,,,,,,,,,,
03/31/2022,BGCR,0.3,0.2,0.29,0.3,0.45,303,,,,,,,,,,,
03/31/2022,SOFR,0.29,0.2,0.26,0.3,0.45,979,,,,,,,,,,,
03/30/2022,EFFR,0.33,0.31,0.32,0.34,0.36,80,0.25,0.5,,,,,,,,,
03/30/2022,OBFR,0.32,0.29,0.32,0.33,0.38,249,,,,,,,,,,,
03/30/2022,TGCR,0.3,0.15,0.29,0.3,0.45,310,,,,,,,,,,,
03/30/2022,BGCR,0.3,0.15,0.28,0.3,0.45,324,,,,,,,,,,,
03/30/2022,SOFR,0.27,0.2,0.24,0.3,0.45,900,,,,,,,,,,,
03/29/2022,EFFR,0.33,0.31,0.32,0.34,0.36,83,0.25,0.5,,,,,,,,,
03/29/2022,OBFR,0.32,0.29,0.32,0.33,0.36,255,,,,,,,,,,,
03/29/2022,TGCR,0.3,0.1,0.3,0.3,0.45,320,,,,,,,,,,,
03/29/2022,BGCR,0.3,0.1,0.3,0.3,0.45,332,,,,,,,,,,,
03/29/2022,SOFR,0.28,0.2,0.25,0.3,0.45,874,,,,,,,,,,,
03/28/2022,EFFR,0.33,0.31,0.32,0.34,0.36,77,0.25,0.5,,,,,,,,,
03/28/2022,OBFR,0.32,0.29,0.32,0.33,0.36,249,,,,,,,,,,,
03/28/2022,TGCR,0.3,0.1,0.3,0.3,0.45,328,,,,,,,,,,,
03/28/2022,BGCR,0.3,0.1,0.3,0.3,0.45,335,,,,,,,,,,,
03/28/2022,SOFR,0.28,0.2,0.25,0.3,0.45,899,,,,,,,,,,,
03/25/2022,EFFR,0.33,0.31,0.32,0.33,0.34,78,0.25,0.5,,,,,,,,,
03/25/2022,OBFR,0.32,0.28,0.32,0.33,0.36,261,,,,,,,,,,,
03/25/2022,TGCR,0.3,0.16,0.3,0.3,0.45,328,,,,,,,,,,,
03/25/2022,BGCR,0.3,0.16,0.3,0.3,0.45,332,,,,,,,,,,,
03/25/2022,SOFR,0.28,0.2,0.25,0.3,0.45,901,,,,,,,,,,,
03/24/2022,EFFR,0.33,0.31,0.32,0.34,0.34,74,0.25,0.5,,,,,,,,,
03/24/2022,OBFR,0.32,0.25,0.32,0.33,0.36,246,,,,,,,,,,,
03/24/2022,TGCR,0.3,0.1,0.3,0.3,0.45,339,,,,,,,,,,,
03/24/2022,BGCR,0.3,0.1,0.3,0.3,0.45,351,,,,,,,,,,,
03/24/2022,SOFR,0.27,0.2,0.24,0.3,0.45,900,,,,,,,,,,,
03/23/2022,EFFR,0.33,0.31,0.32,0.34,0.34,74,0.25,0.5,,,,,,,,,
03/23/2022,OBFR,0.32,0.29,0.32,0.33,0.36,243,,,,,,,,,,,
03/23/2022,TGCR,0.3,0.1,0.3,0.3,0.45,344,,,,,,,,,,,
03/23/2022,BGCR,0.3,0.1,0.3,0.3,0.45,359,,,,,,,,,,,
03/23/2022,SOFR,0.27,0.15,0.24,0.3,0.45,908,,,,,,,,,,,
03/22/2022,EFFR,0.33,0.3,0.32,0.33,0.35,76,0.25,0.5,,,,,,,,,
03/22/2022,OBFR,0.32,0.28,0.32,0.33,0.35,254,,,,,,,,,,,
03/22/2022,TGCR,0.3,0.22,0.3,0.3,0.45,353,,,,,,,,,,,
03/22/2022,BGCR,0.3,0.22,0.3,0.3,0.45,361,,,,,,,,,,,
03/22/2022,SOFR,0.28,0.21,0.25,0.3,0.45,931,,,,,,,,,,,
03/21/2022,EFFR,0.33,0.31,0.32,0.34,0.4,76,0.25,0.5,,,,,,,,,
03/21/2022,OBFR,0.32,0.28,0.32,0.33,0.35,260,,,,,,,,,,,
03/21/2022,TGCR,0.3,0.1,0.3,0.3,0.45,371,,,,,,,,,,,
03/21/2022,BGCR,0.3,0.1,0.3,0.3,0.45,381,,,,,,,,,,,
03/21/2022,SOFR,0.29,0.22,0.26,0.3,0.45,989,,,,,,,,,,,
03/18/2022,EFFR,0.33,0.31,0.32,0.34,0.4,72,0.25,0.5,,,,,,,,,
03/18/2022,OBFR,0.32,0.28,0.32,0.33,0.36,253,,,,,,,,,,,
03/18/2022,TGCR,0.3,0.23,0.3,0.3,0.45,371,,,,,,,,,,,
03/18/2022,BGCR,0.3,0.23,0.3,0.3,0.45,381,,,,,,,,,,,
03/18/2022,SOFR,0.3,0.23,0.26,0.3,0.45,968,,,,,,,,,,,
03/17/2022,EFFR,0.33,0.3,0.32,0.34,0.36,73,0.25,0.5,,,,,,,,,
03/17/2022,OBFR,0.32,0.27,0.32,0.33,0.35,266,,,,,,,,,,,
03/17/2022,TGCR,0.3,0.1,0.3,0.3,0.45,365,,,,,,,,,,,
03/17/2022,BGCR,0.3,0.1,0.3,0.3,0.45,374,,,,,,,,,,,
03/17/2022,SOFR,0.3,0.23,0.27,0.3,0.37,1003,,,,,,,,,,,
03/16/2022,EFFR,0.08,0.06,0.07,0.09,0.15,74,0,0.25,,,,,,,,,
03/16/2022,OBFR,0.07,0.05,0.07,0.08,0.14,260,,,,,,,,,,,
03/16/2022,TGCR,0.05,0.01,0.05,0.05,0.15,364,,,,,,,,,,,
03/16/2022,BGCR,0.05,0.01,0.05,0.05,0.15,375,,,,,,,,,,,
03/16/2022,SOFR,0.05,0,0.03,0.05,0.12,1016,,,,,,,,,,,
03/15/2022,EFFR,0.08,0.06,0.07,0.08,0.1,76,0,0.25,,,,,,,,,
03/15/2022,OBFR,0.07,0.05,0.07,0.08,0.14,253,,,,,,,,,,,
03/15/2022,TGCR,0.05,0.01,0.05,0.05,0.15,360,,,,,,,,,,,
03/15/2022,BGCR,0.05,0.01,0.05,0.05,0.15,370,,,,,,,,,,,
03/15/2022,SOFR,0.05,0,0.03,0.05,0.15,1014,,,,,,,,,,,
03/14/2022,EFFR,0.08,0.06,0.07,0.08,0.1,72,0,0.25,,,,,,,,,
03/14/2022,OBFR,0.07,0.05,0.07,0.08,0.12,251,,,,,,,,,,,
03/14/2022,TGCR,0.05,0.01,0.05,0.05,0.15,353,,,,,,,,,,,
03/14/2022,BGCR,0.05,0,0.05,0.05,0.15,368,,,,,,,,,,,
03/14/2022,SOFR,0.05,0,0.02,0.05,0.15,980,,,,,,,,,,,
03/11/2022,EFFR,0.08,0.06,0.07,0.08,0.1,73,0,0.25,,,,,,,,,
03/11/2022,OBFR,0.07,0.05,0.07,0.08,0.13,247,,,,,,,,,,,
03/11/2022,TGCR,0.05,0.01,0.05,0.05,0.15,357,,,,,,,,,,,
03/11/2022,BGCR,0.05,0.01,0.05,0.05,0.15,368,,,,,,,,,,,
03/11/2022,SOFR,0.05,0,0.03,0.05,0.15,980,,,,,,,,,,,
03/10/2022,EFFR,0.08,0.06,0.07,0.09,0.1,72,0,0.25,,,,,,,,,
03/10/2022,OBFR,0.07,0.04,0.07,0.08,0.13,256,,,,,,,,,,,
03/10/2022,TGCR,0.05,0.01,0.05,0.05,0.15,355,,,,,,,,,,,
03/10/2022,BGCR,0.05,0.01,0.05,0.05,0.15,360,,,,,,,,,,,
03/10/2022,SOFR,0.05,0,0.03,0.05,0.15,977,,,,,,,,,,,
03/09/2022,EFFR,0.08,0.06,0.07,0.09,0.16,71,0,0.25,,,,,,,,,
03/09/2022,OBFR,0.07,0.05,0.07,0.08,0.14,246,,,,,,,,,,,
03/09/2022,TGCR,0.05,0.01,0.05,0.05,0.15,357,,,,,,,,,,,
03/09/2022,BGCR,0.05,0.01,0.05,0.05,0.15,364,,,,,,,,,,,
03/09/2022,SOFR,0.05,0.01,0.05,0.06,0.15,952,,,,,,,,,,,
03/08/2022,EFFR,0.08,0.06,0.07,0.08,0.1,69,0,0.25,,,,,,,,,
03/08/2022,OBFR,0.07,0.05,0.07,0.08,0.13,256,,,,,,,,,,,
03/08/2022,TGCR,0.05,0.01,0.05,0.05,0.15,358,,,,,,,,,,,
03/08/2022,BGCR,0.05,0.01,0.05,0.05,0.15,364,,,,,,,,,,,
03/08/2022,SOFR,0.05,0.01,0.05,0.06,0.15,948,,,,,,,,,,,
03/07/2022,EFFR,0.08,0.06,0.07,0.09,0.17,71,0,0.25,,,,,,,,,
03/07/2022,OBFR,0.07,0.05,0.07,0.08,0.14,263,,,,,,,,,,,
03/07/2022,TGCR,0.05,0.01,0.05,0.05,0.15,355,,,,,,,,,,,
03/07/2022,BGCR,0.05,0.01,0.05,0.05,0.15,364,,,,,,,,,,,
03/07/2022,SOFR,0.05,0.01,0.05,0.06,0.15,990,,,,,,,,,,,
03/04/2022,EFFR,0.08,0.06,0.07,0.09,0.16,72,0,0.25,,,,,,,,,
03/04/2022,OBFR,0.07,0.05,0.07,0.08,0.14,252,,,,,,,,,,,
03/04/2022,TGCR,0.05,0.01,0.05,0.05,0.15,355,,,,,,,,,,,
03/04/2022,BGCR,0.05,0.01,0.05,0.05,0.15,366,,,,,,,,,,,
03/04/2022,SOFR,0.05,0.01,0.05,0.06,0.15,961,,,,,,,,,,,
03/03/2022,EFFR,0.08,0.06,0.07,0.09,0.11,68,0,0.25,,,,,,,,,
03/03/2022,OBFR,0.07,0.05,0.07,0.08,0.14,253,,,,,,,,,,,
03/03/2022,TGCR,0.05,0.01,0.05,0.05,0.15,354,,,,,,,,,,,
03/03/2022,BGCR,0.05,0.01,0.05,0.05,0.15,367,,,,,,,,,,,
03/03/2022,SOFR,0.05,0.01,0.05,0.06,0.15,1001,,,,,,,,,,,
03/02/2022,EFFR,0.08,0.06,0.07,0.09,0.11,70,0,0.25,,,,,,,,,
03/02/2022,OBFR,0.07,0.05,0.07,0.08,0.14,258,,,,,,,,,,,
03/02/2022,TGCR,0.05,0.01,0.05,0.05,0.15,355,,,,,,,,,,,
03/02/2022,BGCR,0.05,0.01,0.05,0.05,0.15,367,,,,,,,,,,,
03/02/2022,SOFR,0.05,0.01,0.05,0.06,0.13,1023,,,,,,,,,,,
03/01/2022,EFFR,0.08,0.06,0.08,0.09,0.18,64,0,0.25,,,,,,,,,
03/01/2022,OBFR,0.07,0.05,0.07,0.08,0.14,247,,,,,,,,,,,
03/01/2022,TGCR,0.05,0.01,0.05,0.05,0.15,361,,,,,,,,,,,
03/01/2022,BGCR,0.05,0.01,0.05,0.05,0.15,372,,,,,,,,,,,
03/01/2022,SOFR,0.05,0.01,0.05,0.06,0.12,1062,,,,,,,,,,,
02/28/2022,EFFR,0.08,0.06,0.07,0.09,0.18,65,0,0.25,,,,,,,,,
02/28/2022,OBFR,0.07,0.05,0.07,0.08,0.14,236,,,,,,,,,,,
02/28/2022,TGCR,0.05,0.01,0.05,0.05,0.15,351,,,,,,,,,,,
02/28/2022,BGCR,0.05,0.01,0.05,0.05,0.15,369,,,,,,,,,,,
02/28/2022,SOFR,0.05,0.01,0.05,0.07,0.13,1052,,,,,,,,,,,
02/25/2022,EFFR,0.08,0.06,0.07,0.09,0.17,69,0,0.25,,,,,,,,,
02/25/2022,OBFR,0.07,0.05,0.07,0.08,0.14,249,,,,,,,,,,,
02/25/2022,TGCR,0.05,0.01,0.05,0.05,0.15,347,,,,,,,,,,,
02/25/2022,BGCR,0.05,0.01,0.05,0.05,0.15,364,,,,,,,,,,,
02/25/2022,SOFR,0.05,0,0.04,0.06,0.15,962,,,,,,,,,,,
02/24/2022,EFFR,0.08,0.06,0.07,0.09,0.11,64,0,0.25,,,,,,,,,
02/24/2022,OBFR,0.07,0.05,0.07,0.08,0.14,243,,,,,,,,,,,
02/24/2022,TGCR,0.05,0.01,0.05,0.05,0.15,332,,,,,,,,,,,
02/24/2022,BGCR,0.05,0.01,0.05,0.05,0.15,345,,,,,,,,,,,
02/24/2022,SOFR,0.05,-0.01,0.03,0.05,0.15,924,,,,,,,,,,,
02/23/2022,EFFR,0.08,0.06,0.07,0.08,0.16,72,0,0.25,,,,,,,,,
02/23/2022,OBFR,0.07,0.05,0.07,0.08,0.14,261,,,,,,,,,,,
02/23/2022,TGCR,0.05,0.01,0.05,0.05,0.15,326,,,,,,,,,,,
02/23/2022,BGCR,0.05,0.01,0.05,0.05,0.15,334,,,,,,,,,,,
02/23/2022,SOFR,0.05,-0.01,0.03,0.05,0.15,902,,,,,,,,,,,
02/22/2022,EFFR,0.08,0.06,0.07,0.08,0.2,72,0,0.25,,,,,,,,,
02/22/2022,OBFR,0.07,0.05,0.07,0.08,0.14,257,,,,,,,,,,,
02/22/2022,TGCR,0.05,0.01,0.05,0.05,0.15,332,,,,,,,,,,,
02/22/2022,BGCR,0.05,0.01,0.05,0.05,0.15,345,,,,,,,,,,,
02/22/2022,SOFR,0.05,-0.01,0.03,0.05,0.15,930,,,,,,,,,,,
02/18/2022,EFFR,0.08,0.06,0.07,0.09,0.2,71,0,0.25,,,,,,,,,
02/18/2022,OBFR,0.07,0.05,0.07,0.08,0.14,245,,,,,,,,,,,
02/18/2022,TGCR,0.05,0.01,0.05,0.05,0.15,335,,,,,,,,,,,
02/18/2022,BGCR,0.05,0.01,0.05,0.05,0.15,345,,,,,,,,,,,
02/18/2022,SOFR,0.05,-0.01,0.03,0.05,0.15,931,,,,,,,,,,,
02/17/2022,EFFR,0.08,0.06,0.07,0.08,0.18,73,0,0.25,,,,,,,,,
02/17/2022,OBFR,0.07,0.05,0.07,0.08,0.14,249,,,,,,,,,,,
02/17/2022,TGCR,0.05,0.01,0.05,0.05,0.15,340,,,,,,,,,,,
02/17/2022,BGCR,0.05,0.01,0.05,0.05,0.15,346,,,,,,,,,,,
02/17/2022,SOFR,0.05,0,0.03,0.05,0.15,911,,,,,,,,,,,
02/16/2022,EFFR,0.08,0.06,0.07,0.08,0.11,70,0,0.25,,,,,,,,,
02/16/2022,OBFR,0.07,0.05,0.07,0.08,0.14,241,,,,,,,,,,,
02/16/2022,TGCR,0.05,0.01,0.05,0.05,0.15,335,,,,,,,,,,,
02/16/2022,BGCR,0.05,0.01,0.05,0.05,0.15,341,,,,,,,,,,,
02/16/2022,SOFR,0.05,-0.01,0.03,0.05,0.15,960,,,,,,,,,,,
02/15/2022,EFFR,0.08,0.06,0.07,0.08,0.1,65,0,0.25,,,,,,,,,
02/15/2022,OBFR,0.07,0.04,0.07,0.08,0.14,249,,,,,,,,,,,
02/15/2022,TGCR,0.05,0.01,0.05,0.05,0.15,332,,,,,,,,,,,
02/15/2022,BGCR,0.05,0.01,0.05,0.05,0.15,340,,,,,,,,,,,
02/15/2022,SOFR,0.05,0,0.03,0.05,0.15,972,,,,,,,,,,,
02/14/2022,EFFR,0.08,0.06,0.07,0.08,0.1,63,0,0.25,,,,,,,,,
02/14/2022,OBFR,0.07,0.05,0.06,0.08,0.14,249,,,,,,,,,,,
02/14/2022,TGCR,0.05,0.01,0.05,0.05,0.15,325,,,,,,,,,,,
02/14/2022,BGCR,0.05,0.01,0.05,0.05,0.15,329,,,,,,,,,,,
02/14/2022,SOFR,0.05,-0.01,0.02,0.05,0.15,895,,,,,,,,,,,
02/11/2022,EFFR,0.08,0.06,0.07,0.08,0.11,67,0,0.25,,,,,,,,,
02/11/2022,OBFR,0.07,0.04,0.07,0.08,0.14,251,,,,,,,,,,,
02/11/2022,TGCR,0.05,0.01,0.05,0.05,0.15,329,,,,,,,,,,,
02/11/2022,BGCR,0.05,0.01,0.05,0.05,0.15,338,,,,,,,,,,,
02/11/2022,SOFR,0.05,-0.01,0.02,0.05,0.15,903,,,,,,,,,,,
02/10/2022,EFFR,0.08,0.06,0.07,0.08,0.11,71,0,0.25,,,,,,,,,
02/10/2022,OBFR,0.07,0.05,0.07,0.08,0.12,280,,,,,,,,,,,
02/10/2022,TGCR,0.05,0.01,0.05,0.05,0.15,337,,,,,,,,,,,
02/10/2022,BGCR,0.05,0.01,0.05,0.05,0.15,344,,,,,,,,,,,
02/10/2022,SOFR,0.05,-0.02,0.01,0.05,0.15,914,,,,,,,,,,,
02/09/2022,EFFR,0.08,0.06,0.07,0.08,0.1,70,0,0.25,,,,,,,,,
02/09/2022,OBFR,0.07,0.05,0.07,0.08,0.12,266,,,,,,,,,,,
02/09/2022,TGCR,0.05,0.01,0.05,0.05,0.15,343,,,,,,,,,,,
02/09/2022,BGCR,0.05,0.01,0.05,0.05,0.15,350,,,,,,,,,,,
02/09/2022,SOFR,0.04,-0.02,0.01,0.05,0.15,911,,,,,,,,,,,
02/08/2022,EFFR,0.08,0.06,0.07,0.08,0.11,70,0,0.25,,,,,,,,,
02/08/2022,OBFR,0.07,0.05,0.07,0.08,0.14,263,,,,,,,,,,,
02/08/2022,TGCR,0.05,0.01,0.05,0.05,0.15,335,,,,,,,,,,,
02/08/2022,BGCR,0.05,0,0.05,0.05,0.15,346,,,,,,,,,,,
02/08/2022,SOFR,0.05,-0.02,0.01,0.05,0.15,896,,,,,,,,,,,
02/07/2022,EFFR,0.08,0.06,0.07,0.08,0.11,72,0,0.25,,,,,,,,,
02/07/2022,OBFR,0.07,0.05,0.07,0.08,0.14,260,,,,,,,,,,,
02/07/2022,TGCR,0.05,0.01,0.05,0.05,0.15,335,,,,,,,,,,,
02/07/2022,BGCR,0.05,0,0.05,0.05,0.15,347,,,,,,,,,,,
02/07/2022,SOFR,0.05,-0.01,0.02,0.05,0.15,905,,,,,,,,,,,
02/04/2022,EFFR,0.08,0.06,0.07,0.08,0.1,69,0,0.25,,,,,,,,,
02/04/2022,OBFR,0.07,0.05,0.07,0.08,0.14,254,,,,,,,,,,,
02/04/2022,TGCR,0.05,0.01,0.05,0.05,0.15,334,,,,,,,,,,,
02/04/2022,BGCR,0.05,0.01,0.05,0.05,0.15,344,,,,,,,,,,,
02/04/2022,SOFR,0.05,0,0.03,0.05,0.15,891,,,,,,,,,,,
02/03/2022,EFFR,0.08,0.06,0.07,0.08,0.2,72,0,0.25,,,,,,,,,
02/03/2022,OBFR,0.07,0.05,0.06,0.08,0.14,277,,,,,,,,,,,
02/03/2022,TGCR,0.05,0.01,0.05,0.05,0.15,332,,,,,,,,,,,
02/03/2022,BGCR,0.05,0.01,0.05,0.05,0.15,344,,,,,,,,,,,
02/03/2022,SOFR,0.05,0,0.03,0.05,0.15,935,,,,,,,,,,,
02/02/2022,EFFR,0.08,0.06,0.07,0.08,0.1,72,0,0.25,,,,,,,,,
02/02/2022,OBFR,0.07,0.05,0.07,0.08,0.12,274,,,,,,,,,,,
02/02/2022,TGCR,0.05,0.01,0.05,0.05,0.15,328,,,,,,,,,,,
02/02/2022,BGCR,0.05,0.01,0.05,0.05,0.15,340,,,,,,,,,,,
02/02/2022,SOFR,0.05,0,0.03,0.05,0.15,927,,,,,,,,,,,
02/01/2022,EFFR,0.08,0.06,0.07,0.08,0.1,75,0,0.25,,,,,,,,,
02/01/2022,OBFR,0.07,0.05,0.07,0.08,0.12,286,,,,,,,,,,,
02/01/2022,TGCR,0.05,0.01,0.05,0.05,0.15,336,,,,,,,,,,,
02/01/2022,BGCR,0.05,0.01,0.05,0.05,0.15,348,,,,,,,,,,,
02/01/2022,SOFR,0.05,0,0.03,0.05,0.15,985,,,,,,,,,,,
01/31/2022,EFFR,0.08,0.05,0.07,0.08,0.1,78,0,0.25,,,,,,,,,
01/31/2022,OBFR,0.07,0.05,0.06,0.08,0.14,256,,,,,,,,,,,
01/31/2022,TGCR,0.05,0.01,0.05,0.05,0.15,343,,,,,,,,,,,
01/31/2022,BGCR,0.05,0.01,0.05,0.05,0.15,357,,,,,,,,,,,
01/31/2022,SOFR,0.05,-0.01,0.02,0.05,0.12,1019,,,,,,,,,,,
01/28/2022,EFFR,0.08,0.06,0.07,0.08,0.16,82,0,0.25,,,,,,,,,
01/28/2022,OBFR,0.07,0.05,0.07,0.08,0.14,281,,,,,,,,,,,
01/28/2022,TGCR,0.05,0.01,0.05,0.05,0.15,332,,,,,,,,,,,
01/28/2022,BGCR,0.05,0.01,0.05,0.05,0.15,345,,,,,,,,,,,
01/28/2022,SOFR,0.05,-0.02,0.01,0.05,0.15,908,,,,,,,,,,,
01/27/2022,EFFR,0.08,0.06,0.07,0.08,0.2,80,0,0.25,,,,,,,,,
01/27/2022,OBFR,0.07,0.05,0.07,0.08,0.14,274,,,,,,,,,,,
01/27/2022,TGCR,0.05,0.01,0.05,0.05,0.15,333,,,,,,,,,,,
01/27/2022,BGCR,0.05,0.01,0.05,0.05,0.15,345,,,,,,,,,,,
01/27/2022,SOFR,0.04,-0.02,0.02,0.05,0.15,913,,,,,,,,,,,
01/26/2022,EFFR,0.08,0.06,0.07,0.08,0.2,78,0,0.25,,,,,,,,,
01/26/2022,OBFR,0.07,0.05,0.07,0.08,0.14,278,,,,,,,,,,,
01/26/2022,TGCR,0.05,0.01,0.05,0.05,0.15,333,,,,,,,,,,,
01/26/2022,BGCR,0.05,0.01,0.05,0.05,0.15,347,,,,,,,,,,,
01/26/2022,SOFR,0.04,-0.02,0.02,0.05,0.15,926,,,,,,,,,,,
01/25/2022,EFFR,0.08,0.06,0.07,0.08,0.2,78,0,0.25,,,,,,,,,
01/25/2022,OBFR,0.07,0.05,0.07,0.08,0.14,278,,,,,,,,,,,
01/25/2022,TGCR,0.05,0.01,0.05,0.05,0.15,336,,,,,,,,,,,
01/25/2022,BGCR,0.05,0.01,0.05,0.05,0.15,349,,,,,,,,,,,
01/25/2022,SOFR,0.05,-0.03,0.01,0.05,0.15,943,,,,,,,,,,,
01/24/2022,EFFR,0.08,0.06,0.07,0.08,0.2,75,0,0.25,,,,,,,,,
01/24/2022,OBFR,0.07,0.05,0.07,0.08,0.14,273,,,,,,,,,,,
01/24/2022,TGCR,0.05,0.01,0.05,0.05,0.15,322,,,,,,,,,,,
01/24/2022,BGCR,0.05,0.01,0.05,0.05,0.15,332,,,,,,,,,,,
01/24/2022,SOFR,0.04,-0.03,0.01,0.05,0.15,886,,,,,,,,,,,
01/21/2022,EFFR,0.08,0.06,0.07,0.08,0.2,76,0,0.25,,,,,,,,,
01/21/2022,OBFR,0.07,0.05,0.07,0.08,0.14,276,,,,,,,,,,,
01/21/2022,TGCR,0.05,0.01,0.05,0.05,0.15,328,,,,,,,,,,,
01/21/2022,BGCR,0.05,0.01,0.05,0.05,0.15,340,,,,,,,,,,,
01/21/2022,SOFR,0.05,-0.02,0.01,0.05,0.15,875,,,,,,,,,,,
01/20/2022,EFFR,0.08,0.06,0.07,0.08,0.2,75,0,0.25,,,,,,,,,
01/20/2022,OBFR,0.07,0.05,0.07,0.08,0.14,265,,,,,,,,,,,
01/20/2022,TGCR,0.05,0.01,0.05,0.05,0.15,337,,,,,,,,,,,
01/20/2022,BGCR,0.05,0.01,0.05,0.05,0.15,346,,,,,,,,,,,
01/20/2022,SOFR,0.04,-0.02,0.02,0.05,0.15,927,,,,,,,,,,,
01/19/2022,EFFR,0.08,0.06,0.07,0.08,0.2,73,0,0.25,,,,,,,,,
01/19/2022,OBFR,0.07,0.05,0.07,0.08,0.14,262,,,,,,,,,,,
01/19/2022,TGCR,0.05,0.01,0.05,0.05,0.15,339,,,,,,,,,,,
01/19/2022,BGCR,0.05,0.01,0.05,0.05,0.15,351,,,,,,,,,,,
01/19/2022,SOFR,0.05,-0.01,0.02,0.05,0.15,917,,,,,,,,,,,
01/18/2022,EFFR,0.08,0.06,0.07,0.08,0.16,71,0,0.25,,,,,,,,,
01/18/2022,OBFR,0.07,0.05,0.07,0.08,0.14,269,,,,,,,,,,,
01/18/2022,TGCR,0.05,0.01,0.05,0.05,0.15,346,,,,,,,,,,,
01/18/2022,BGCR,0.05,0.01,0.05,0.05,0.15,357,,,,,,,,,,,
01/18/2022,SOFR,0.05,-0.01,0.03,0.05,0.15,954,,,,,,,,,,,
01/14/2022,EFFR,0.08,0.06,0.07,0.08,0.1,72,0,0.25,,,,,,,,,
01/14/2022,OBFR,0.07,0.05,0.07,0.08,0.12,260,,,,,,,,,,,
01/14/2022,TGCR,0.05,0.01,0.05,0.05,0.15,333,,,,,,,,,,,
01/14/2022,BGCR,0.05,0.01,0.05,0.05,0.15,340,,,,,,,,,,,
01/14/2022,SOFR,0.05,-0.02,0.02,0.05,0.15,874,,,,,,,,,,,
01/13/2022,EFFR,0.08,0.06,0.07,0.08,0.1,71,0,0.25,,,,,,,,,
01/13/2022,OBFR,0.07,0.05,0.07,0.08,0.12,259,,,,,,,,,,,
01/13/2022,TGCR,0.05,0.01,0.05,0.05,0.15,341,,,,,,,,,,,
01/13/2022,BGCR,0.05,0.01,0.05,0.05,0.15,353,,,,,,,,,,,
01/13/2022,SOFR,0.05,-0.01,0.02,0.05,0.15,892,,,,,,,,,,,
01/12/2022,EFFR,0.08,0.05,0.07,0.08,0.1,70,0,0.25,,,,,,,,,
01/12/2022,OBFR,0.07,0.05,0.07,0.08,0.12,250,,,,,,,,,,,
01/12/2022,TGCR,0.05,0.01,0.05,0.05,0.15,339,,,,,,,,,,,
01/12/2022,BGCR,0.05,0.01,0.05,0.05,0.15,351,,,,,,,,,,,
01/12/2022,SOFR,0.05,-0.01,0.03,0.05,0.15,891,,,,,,,,,,,
01/11/2022,EFFR,0.08,0.05,0.07,0.08,0.1,71,0,0.25,,,,,,,,,
01/11/2022,OBFR,0.07,0.05,0.07,0.08,0.12,260,,,,,,,,,,,
01/11/2022,TGCR,0.05,0.01,0.05,0.05,0.15,338,,,,,,,,,,,
01/11/2022,BGCR,0.05,0.01,0.05,0.05,0.15,358,,,,,,,,,,,
01/11/2022,SOFR,0.05,-0.01,0.03,0.05,0.15,935,,,,,,,,,,,
01/10/2022,EFFR,0.08,0.06,0.07,0.08,0.1,71,0,0.25,,,,,,,,,
01/10/2022,OBFR,0.07,0.05,0.06,0.08,0.12,267,,,,,,,,,,,
01/10/2022,TGCR,0.05,0.01,0.05,0.05,0.15,336,,,,,,,,,,,
01/10/2022,BGCR,0.05,0.01,0.05,0.05,0.15,351,,,,,,,,,,,
01/10/2022,SOFR,0.05,-0.01,0.03,0.05,0.15,919,,,,,,,,,,,
01/07/2022,EFFR,0.08,0.06,0.07,0.08,0.1,71,0,0.25,,,,,,,,,
01/07/2022,OBFR,0.07,0.05,0.06,0.08,0.12,258,,,,,,,,,,,
01/07/2022,TGCR,0.05,0.01,0.05,0.05,0.15,330,,,,,,,,,,,
01/07/2022,BGCR,0.05,0.01,0.05,0.05,0.15,345,,,,,,,,,,,
01/07/2022,SOFR,0.05,0,0.04,0.05,0.15,929,,,,,,,,,,,
01/06/2022,EFFR,0.08,0.06,0.07,0.08,0.1,73,0,0.25,,,,,,,,,
01/06/2022,OBFR,0.07,0.05,0.06,0.08,0.12,262,,,,,,,,,,,
01/06/2022,TGCR,0.05,0.01,0.05,0.05,0.15,329,,,,,,,,,,,
01/06/2022,BGCR,0.05,0.01,0.05,0.05,0.15,350,,,,,,,,,,,
01/06/2022,SOFR,0.05,0,0.04,0.06,0.15,942,,,,,,,,,,,
01/05/2022,EFFR,0.08,0.05,0.07,0.08,0.1,74,0,0.25,,,,,,,,,
01/05/2022,OBFR,0.07,0.05,0.06,0.08,0.12,263,,,,,,,,,,,
01/05/2022,TGCR,0.05,0.01,0.05,0.05,0.15,325,,,,,,,,,,,
01/05/2022,BGCR,0.05,0.01,0.05,0.05,0.15,340,,,,,,,,,,,
01/05/2022,SOFR,0.05,0,0.04,0.06,0.15,946,,,,,,,,,,,
01/04/2022,EFFR,0.08,0.06,0.07,0.08,0.1,74,0,0.25,,,,,,,,,
01/04/2022,OBFR,0.07,0.05,0.06,0.08,0.12,252,,,,,,,,,,,
01/04/2022,TGCR,0.05,0.01,0.05,0.05,0.15,325,,,,,,,,,,,
01/04/2022,BGCR,0.05,0.01,0.05,0.05,0.15,348,,,,,,,,,,,
01/04/2022,SOFR,0.05,0,0.05,0.06,0.15,976,,,,,,,,,,,
01/03/2022,EFFR,0.08,0.06,0.08,0.08,0.15,74,0,0.25,,,,,,,,,
01/03/2022,OBFR,0.07,0.05,0.07,0.08,0.14,249,,,,,,,,,,,
01/03/2022,TGCR,0.05,0.01,0.05,0.05,0.15,321,,,,,,,,,,,
01/03/2022,BGCR,0.05,0.01,0.05,0.05,0.15,344,,,,,,,,,,,
01/03/2022,SOFR,0.05,-0.01,0.04,0.06,0.15,972,,,,,,,,,,,
12/31/2021,EFFR,0.07,0.05,0.07,0.09,0.2,49,0,0.25,,,,,,,,,
12/31/2021,OBFR,0.07,0.03,0.06,0.08,0.15,88,,,,,,,,,,,
12/31/2021,TGCR,0.05,0.01,0.05,0.05,0.15,302,,,,,,,,,,,
12/31/2021,BGCR,0.05,0.01,0.05,0.05,0.15,327,,,,,,,,,,,
12/31/2021,SOFR,0.05,-0.01,0.03,0.05,0.15,923,,,,,,,,,,,
12/30/2021,EFFR,0.08,0.05,0.07,0.08,0.1,77,0,0.25,,,,,,,,,
12/30/2021,OBFR,0.07,0.04,0.07,0.08,0.14,239,,,,,,,,,,,
12/30/2021,TGCR,0.05,0.01,0.05,0.05,0.15,307,,,,,,,,,,,
12/30/2021,BGCR,0.05,0.01,0.05,0.05,0.15,322,,,,,,,,,,,
12/30/2021,SOFR,0.05,-0.02,0.02,0.05,0.15,836,,,,,,,,,,,
12/29/2021,EFFR,0.08,0.06,0.07,0.08,0.16,71,0,0.25,,,,,,,,,
12/29/2021,OBFR,0.07,0.05,0.07,0.08,0.14,230,,,,,,,,,,,
12/29/2021,TGCR,0.05,0.01,0.05,0.05,0.15,308,,,,,,,,,,,
12/29/2021,BGCR,0.05,0.01,0.05,0.05,0.15,330,,,,,,,,,,,
12/29/2021,SOFR,0.05,-0.02,0.02,0.05,0.15,869,,,,,,,,,,,
12/28/2021,EFFR,0.08,0.06,0.07,0.08,0.2,72,0,0.25,,,,,,,,,
12/28/2021,OBFR,0.07,0.04,0.07,0.08,0.14,242,,,,,,,,,,,
12/28/2021,TGCR,0.05,0.01,0.05,0.05,0.15,315,,,,,,,,,,,
12/28/2021,BGCR,0.05,0.01,0.05,0.05,0.15,328,,,,,,,,,,,
12/28/2021,SOFR,0.05,-0.01,0.03,0.05,0.15,844,,,,,,,,,,,
12/27/2021,EFFR,0.08,0.06,0.07,0.08,0.2,75,0,0.25,,,,,,,,,
12/27/2021,OBFR,0.07,0.05,0.07,0.08,0.14,257,,,,,,,,,,,
12/27/2021,TGCR,0.05,0.01,0.05,0.05,0.15,316,,,,,,,,,,,
12/27/2021,BGCR,0.05,0.01,0.05,0.05,0.15,328,,,,,,,,,,,
12/27/2021,SOFR,0.05,-0.02,0.02,0.05,0.15,888,,,,,,,,,,,
12/24/2021,EFFR,0.08,0.06,0.07,0.08,0.2,69,0,0.25,,,,,,,,,
12/24/2021,OBFR,0.08,0.04,0.07,0.08,0.17,88,,,,,,,,,,,
12/23/2021,EFFR,0.08,0.06,0.07,0.09,0.2,71,0,0.25,,,,,,,,,
12/23/2021,OBFR,0.08,0.04,0.07,0.09,0.2,91,,,,,,,,,,,
12/23/2021,TGCR,0.05,0.01,0.05,0.05,0.15,323,,,,,,,,,,,
12/23/2021,BGCR,0.05,0.01,0.05,0.05,0.15,344,,,,,,,,,,,
12/23/2021,SOFR,0.05,-0.01,0.03,0.05,0.15,880,,,,,,,,,,,
12/22/2021,EFFR,0.08,0.06,0.07,0.08,0.2,69,0,0.25,,,,,,,,,
12/22/2021,OBFR,0.07,0.05,0.06,0.08,0.14,234,,,,,,,,,,,
12/22/2021,TGCR,0.05,0.01,0.05,0.05,0.15,331,,,,,,,,,,,
12/22/2021,BGCR,0.05,0.01,0.05,0.05,0.15,347,,,,,,,,,,,
12/22/2021,SOFR,0.05,-0.02,0.02,0.05,0.15,893,,,,,,,,,,,
12/21/2021,EFFR,0.08,0.06,0.07,0.08,0.2,69,0,0.25,,,,,,,,,
12/21/2021,OBFR,0.07,0.05,0.06,0.08,0.14,249,,,,,,,,,,,
12/21/2021,TGCR,0.05,0.01,0.05,0.05,0.15,329,,,,,,,,,,,
12/21/2021,BGCR,0.05,0.01,0.05,0.05,0.15,345,,,,,,,,,,,
12/21/2021,SOFR,0.05,-0.02,0.01,0.05,0.15,896,,,,,,,,,,,
12/20/2021,EFFR,0.08,0.06,0.07,0.08,0.2,72,0,0.25,,,,,,,,,
12/20/2021,OBFR,0.07,0.05,0.06,0.08,0.14,259,,,,,,,,,,,
12/20/2021,TGCR,0.05,0.01,0.05,0.05,0.15,324,,,,,,,,,,,
12/20/2021,BGCR,0.05,0.01,0.05,0.05,0.15,337,,,,,,,,,,,
12/20/2021,SOFR,0.04,-0.02,0.01,0.05,0.15,905,,,,,,,,,,,
12/17/2021,EFFR,0.08,0.06,0.07,0.08,0.2,71,0,0.25,,,,,,,,,
12/17/2021,OBFR,0.07,0.04,0.06,0.08,0.14,257,,,,,,,,,,,
12/17/2021,TGCR,0.05,0.01,0.05,0.05,0.15,326,,,,,,,,,,,
12/17/2021,BGCR,0.05,0.01,0.05,0.05,0.15,338,,,,,,,,,,,
12/17/2021,SOFR,0.05,-0.01,0.02,0.05,0.15,910,,,,,,,,,,,
12/16/2021,EFFR,0.08,0.06,0.07,0.08,0.1,73,0,0.25,,,,,,,,,
12/16/2021,OBFR,0.07,0.05,0.06,0.08,0.14,248,,,,,,,,,,,
12/16/2021,TGCR,0.05,0.01,0.05,0.05,0.15,329,,,,,,,,,,,
12/16/2021,BGCR,0.05,0.01,0.05,0.05,0.15,348,,,,,,,,,,,
12/16/2021,SOFR,0.05,-0.01,0.02,0.05,0.15,914,,,,,,,,,,,
12/15/2021,EFFR,0.08,0.06,0.07,0.08,0.1,74,0,0.25,,,,,,,,,
12/15/2021,OBFR,0.07,0.04,0.06,0.08,0.14,248,,,,,,,,,,,
12/15/2021,TGCR,0.05,0.01,0.05,0.05,0.15,337,,,,,,,,,,,
12/15/2021,BGCR,0.05,0.01,0.05,0.05,0.15,355,,,,,,,,,,,
12/15/2021,SOFR,0.05,-0.01,0.03,0.05,0.15,959,,,,,,,,,,,
12/14/2021,EFFR,0.08,0.06,0.07,0.08,0.11,73,0,0.25,,,,,,,,,
12/14/2021,OBFR,0.07,0.05,0.06,0.08,0.12,256,,,,,,,,,,,
12/14/2021,TGCR,0.05,0.01,0.05,0.05,0.15,336,,,,,,,,,,,
12/14/2021,BGCR,0.05,0.01,0.05,0.05,0.15,356,,,,,,,,,,,
12/14/2021,SOFR,0.05,-0.01,0.03,0.05,0.15,919,,,,,,,,,,,
12/13/2021,EFFR,0.08,0.06,0.07,0.09,0.2,69,0,0.25,,,,,,,,,
12/13/2021,OBFR,0.07,0.05,0.06,0.08,0.14,250,,,,,,,,,,,
12/13/2021,TGCR,0.05,0.01,0.05,0.05,0.15,341,,,,,,,,,,,
12/13/2021,BGCR,0.05,0.01,0.05,0.05,0.15,359,,,,,,,,,,,
12/13/2021,SOFR,0.05,-0.01,0.03,0.05,0.15,936,,,,,,,,,,,
12/10/2021,EFFR,0.08,0.06,0.07,0.09,0.17,74,0,0.25,,,,,,,,,
12/10/2021,OBFR,0.07,0.05,0.06,0.08,0.14,261,,,,,,,,,,,
12/10/2021,TGCR,0.05,0.01,0.05,0.05,0.15,334,,,,,,,,,,,
12/10/2021,BGCR,0.05,0.01,0.05,0.05,0.15,352,,,,,,,,,,,
12/10/2021,SOFR,0.05,0,0.04,0.06,0.15,919,,,,,,,,,,,
12/09/2021,EFFR,0.08,0.06,0.07,0.09,0.2,76,0,0.25,,,,,,,,,
12/09/2021,OBFR,0.07,0.04,0.06,0.08,0.14,266,,,,,,,,,,,
12/09/2021,TGCR,0.05,0.01,0.05,0.05,0.15,339,,,,,,,,,,,
12/09/2021,BGCR,0.05,0.01,0.05,0.05,0.15,351,,,,,,,,,,,
12/09/2021,SOFR,0.05,0,0.04,0.06,0.15,973,,,,,,,,,,,
12/08/2021,EFFR,0.08,0.06,0.07,0.09,0.17,76,0,0.25,,,,,,,,,
12/08/2021,OBFR,0.07,0.04,0.06,0.08,0.14,261,,,,,,,,,,,
12/08/2021,TGCR,0.05,0.01,0.05,0.05,0.15,339,,,,,,,,,,,
12/08/2021,BGCR,0.05,0.01,0.05,0.05,0.15,353,,,,,,,,,,,
12/08/2021,SOFR,0.05,0,0.05,0.06,0.15,978,,,,,,,,,,,
12/07/2021,EFFR,0.08,0.06,0.08,0.09,0.2,74,0,0.25,,,,,,,,,
12/07/2021,OBFR,0.07,0.04,0.06,0.08,0.14,257,,,,,,,,,,,
12/07/2021,TGCR,0.05,0.01,0.05,0.05,0.15,338,,,,,,,,,,,
12/07/2021,BGCR,0.05,0.01,0.05,0.05,0.15,349,,,,,,,,,,,
12/07/2021,SOFR,0.05,0,0.04,0.06,0.15,989,,,,,,,,,,,
12/06/2021,EFFR,0.08,0.06,0.07,0.09,0.2,74,0,0.25,,,,,,,,,
12/06/2021,OBFR,0.07,0.04,0.06,0.08,0.14,259,,,,,,,,,,,
12/06/2021,TGCR,0.05,0.01,0.05,0.05,0.15,334,,,,,,,,,,,
12/06/2021,BGCR,0.05,0.01,0.05,0.05,0.15,355,,,,,,,,,,,
12/06/2021,SOFR,0.05,0,0.04,0.06,0.14,994,,,,,,,,,,,
12/03/2021,EFFR,0.08,0.06,0.07,0.09,0.17,77,0,0.25,,,,,,,,,
12/03/2021,OBFR,0.07,0.04,0.06,0.08,0.14,261,,,,,,,,,,,
12/03/2021,TGCR,0.05,0.01,0.05,0.05,0.15,338,,,,,,,,,,,
12/03/2021,BGCR,0.05,0.01,0.05,0.05,0.15,361,,,,,,,,,,,
12/03/2021,SOFR,0.05,0,0.04,0.06,0.14,1015,,,,,,,,,,,
12/02/2021,EFFR,0.08,0.06,0.07,0.09,0.17,78,0,0.25,,,,,,,,,
12/02/2021,OBFR,0.07,0.04,0.06,0.08,0.14,270,,,,,,,,,,,
12/02/2021,TGCR,0.05,0.01,0.05,0.05,0.15,338,,,,,,,,,,,
12/02/2021,BGCR,0.05,0.01,0.05,0.05,0.15,362,,,,,,,,,,,
12/02/2021,SOFR,0.05,0,0.04,0.06,0.15,1031,,,,,,,,,,,
12/01/2021,EFFR,0.08,0.06,0.07,0.09,0.12,76,0,0.25,,,,,,,,,
12/01/2021,OBFR,0.07,0.04,0.07,0.08,0.14,256,,,,,,,,,,,
12/01/2021,TGCR,0.05,0.01,0.05,0.05,0.15,341,,,,,,,,,,,
12/01/2021,BGCR,0.05,0.01,0.05,0.05,0.15,374,,,,,,,,,,,
12/01/2021,SOFR,0.05,0,0.05,0.06,0.14,1088,,,,,,,,,,,
11/30/2021,EFFR,0.07,0.05,0.06,0.08,0.12,77,0,0.25,,,,,,,,,
11/30/2021,OBFR,0.07,0.04,0.05,0.08,0.14,220,,,,,,,,,,,
11/30/2021,TGCR,0.05,0.01,0.05,0.05,0.15,334,,,,,,,,,,,
11/30/2021,BGCR,0.05,0.01,0.05,0.05,0.15,362,,,,,,,,,,,
11/30/2021,SOFR,0.05,0,0.04,0.06,0.13,1067,,,,,,,,,,,
11/29/2021,EFFR,0.08,0.06,0.07,0.09,0.12,85,0,0.25,,,,,,,,,
11/29/2021,OBFR,0.07,0.04,0.06,0.08,0.14,279,,,,,,,,,,,
11/29/2021,TGCR,0.05,0.01,0.05,0.05,0.15,328,,,,,,,,,,,
11/29/2021,BGCR,0.05,0.01,0.05,0.05,0.15,350,,,,,,,,,,,
11/29/2021,SOFR,0.05,0,0.04,0.05,0.15,953,,,,,,,,,,,
11/26/2021,EFFR,0.08,0.06,0.07,0.08,0.11,85,0,0.25,,,,,,,,,
11/26/2021,OBFR,0.07,0.04,0.06,0.08,0.14,268,,,,,,,,,,,
11/26/2021,TGCR,0.05,0.01,0.05,0.05,0.15,327,,,,,,,,,,,
11/26/2021,BGCR,0.05,0.01,0.05,0.05,0.15,334,,,,,,,,,,,
11/26/2021,SOFR,0.05,0,0.04,0.06,0.15,895,,,,,,,,,,,
11/24/2021,EFFR,0.08,0.06,0.07,0.08,0.12,79,0,0.25,,,,,,,,,
11/24/2021,OBFR,0.07,0.04,0.06,0.08,0.14,257,,,,,,,,,,,
11/24/2021,TGCR,0.05,0.01,0.05,0.05,0.15,325,,,,,,,,,,,
11/24/2021,BGCR,0.05,0.01,0.05,0.05,0.15,339,,,,,,,,,,,
11/24/2021,SOFR,0.05,0,0.04,0.05,0.15,887,,,,,,,,,,,
11/23/2021,EFFR,0.08,0.06,0.07,0.09,0.12,74,0,0.25,,,,,,,,,
11/23/2021,OBFR,0.07,0.04,0.06,0.08,0.14,272,,,,,,,,,,,
11/23/2021,TGCR,0.05,0.01,0.05,0.05,0.15,328,,,,,,,,,,,
11/23/2021,BGCR,0.05,0.01,0.05,0.05,0.15,350,,,,,,,,,,,
11/23/2021,SOFR,0.05,-0.01,0.03,0.05,0.15,920,,,,,,,,,,,
11/22/2021,EFFR,0.08,0.06,0.07,0.08,0.12,74,0,0.25,,,,,,,,,
11/22/2021,OBFR,0.07,0.04,0.06,0.08,0.12,278,,,,,,,,,,,
11/22/2021,TGCR,0.05,0.01,0.05,0.05,0.15,336,,,,,,,,,,,
11/22/2021,BGCR,0.05,0.01,0.05,0.05,0.15,357,,,,,,,,,,,
11/22/2021,SOFR,0.05,-0.01,0.03,0.05,0.15,930,,,,,,,,,,,
11/19/2021,EFFR,0.08,0.06,0.07,0.08,0.1,74,0,0.25,,,,,,,,,
11/19/2021,OBFR,0.07,0.04,0.06,0.08,0.11,272,,,,,,,,,,,
11/19/2021,TGCR,0.05,0.01,0.05,0.05,0.15,331,,,,,,,,,,,
11/19/2021,BGCR,0.05,0.01,0.05,0.05,0.15,350,,,,,,,,,,,
11/19/2021,SOFR,0.05,-0.01,0.03,0.05,0.15,895,,,,,,,,,,,
11/18/2021,EFFR,0.08,0.06,0.07,0.08,0.1,77,0,0.25,,,,,,,,,
11/18/2021,OBFR,0.07,0.04,0.06,0.08,0.11,273,,,,,,,,,,,
11/18/2021,TGCR,0.05,0.01,0.05,0.05,0.15,337,,,,,,,,,,,
11/18/2021,BGCR,0.05,0.01,0.05,0.05,0.15,358,,,,,,,,,,,
11/18/2021,SOFR,0.05,-0.01,0.03,0.05,0.15,898,,,,,,,,,,,
11/17/2021,EFFR,0.08,0.05,0.07,0.09,0.09,74,0,0.25,,,,,,,,,
11/17/2021,OBFR,0.07,0.04,0.06,0.08,0.11,271,,,,,,,,,,,
11/17/2021,TGCR,0.05,0.01,0.05,0.05,0.15,329,,,,,,,,,,,
11/17/2021,BGCR,0.05,0.01,0.05,0.05,0.15,347,,,,,,,,,,,
11/17/2021,SOFR,0.05,-0.01,0.03,0.05,0.15,893,,,,,,,,,,,
11/16/2021,EFFR,0.08,0.05,0.07,0.08,0.09,76,0,0.25,,,,,,,,,
11/16/2021,OBFR,0.07,0.04,0.06,0.08,0.11,265,,,,,,,,,,,
11/16/2021,TGCR,0.05,0.01,0.05,0.05,0.15,327,,,,,,,,,,,
11/16/2021,BGCR,0.05,0.01,0.05,0.05,0.15,346,,,,,,,,,,,
11/16/2021,SOFR,0.05,-0.01,0.04,0.05,0.15,924,,,,,,,,,,,
11/15/2021,EFFR,0.08,0.05,0.07,0.08,0.09,77,0,0.25,,,,,,,,,
11/15/2021,OBFR,0.07,0.04,0.06,0.08,0.11,283,,,,,,,,,,,
11/15/2021,TGCR,0.05,0.01,0.05,0.05,0.15,333,,,,,,,,,,,
11/15/2021,BGCR,0.05,0.01,0.05,0.05,0.15,349,,,,,,,,,,,
11/15/2021,SOFR,0.05,0,0.04,0.05,0.15,958,,,,,,,,,,,
11/12/2021,EFFR,0.08,0.05,0.07,0.08,0.09,74,0,0.25,,,,,,,,,
11/12/2021,OBFR,0.07,0.04,0.06,0.08,0.11,264,,,,,,,,,,,
11/12/2021,TGCR,0.05,0.01,0.05,0.05,0.15,324,,,,,,,,,,,
11/12/2021,BGCR,0.05,0.01,0.05,0.05,0.15,343,,,,,,,,,,,
11/12/2021,SOFR,0.05,0,0.04,0.05,0.15,868,,,,,,,,,,,
11/10/2021,EFFR,0.08,0.05,0.07,0.09,0.09,72,0,0.25,,,,,,,,,
11/10/2021,OBFR,0.07,0.04,0.06,0.08,0.14,277,,,,,,,,,,,
11/10/2021,TGCR,0.05,0.01,0.05,0.05,0.15,328,,,,,,,,,,,
11/10/2021,BGCR,0.05,0.01,0.05,0.05,0.15,343,,,,,,,,,,,
11/10/2021,SOFR,0.05,0,0.04,0.05,0.15,871,,,,,,,,,,,
11/09/2021,EFFR,0.08,0.06,0.07,0.08,0.1,75,0,0.25,,,,,,,,,
11/09/2021,OBFR,0.07,0.04,0.06,0.08,0.11,281,,,,,,,,,,,
11/09/2021,TGCR,0.05,0.01,0.05,0.05,0.15,330,,,,,,,,,,,
11/09/2021,BGCR,0.05,0.01,0.05,0.05,0.15,352,,,,,,,,,,,
11/09/2021,SOFR,0.05,0,0.04,0.05,0.15,908,,,,,,,,,,,
11/08/2021,EFFR,0.08,0.06,0.07,0.08,0.1,76,0,0.25,,,,,,,,,
11/08/2021,OBFR,0.07,0.04,0.06,0.08,0.11,285,,,,,,,,,,,
11/08/2021,TGCR,0.05,0.01,0.05,0.05,0.15,332,,,,,,,,,,,
11/08/2021,BGCR,0.05,0.01,0.05,0.05,0.15,357,,,,,,,,,,,
11/08/2021,SOFR,0.05,0,0.04,0.05,0.15,907,,,,,,,,,,,
11/05/2021,EFFR,0.08,0.04,0.07,0.08,0.1,79,0,0.25,,,,,,,,,
11/05/2021,OBFR,0.07,0.04,0.06,0.08,0.11,283,,,,,,,,,,,
11/05/2021,TGCR,0.05,0.01,0.05,0.05,0.15,331,,,,,,,,,,,
11/05/2021,BGCR,0.05,0.01,0.05,0.05,0.15,354,,,,,,,,,,,
11/05/2021,SOFR,0.05,0,0.04,0.05,0.15,875,,,,,,,,,,,
11/04/2021,EFFR,0.08,0.05,0.07,0.08,0.1,76,0,0.25,,,,,,,,,
11/04/2021,OBFR,0.07,0.04,0.06,0.08,0.11,276,,,,,,,,,,,
11/04/2021,TGCR,0.05,0.01,0.05,0.05,0.15,338,,,,,,,,,,,
11/04/2021,BGCR,0.05,0.01,0.05,0.05,0.15,353,,,,,,,,,,,
11/04/2021,SOFR,0.05,-0.01,0.04,0.05,0.15,925,,,,,,,,,,,
11/03/2021,EFFR,0.08,0.05,0.07,0.08,0.09,75,0,0.25,,,,,,,,,
11/03/2021,OBFR,0.07,0.05,0.06,0.08,0.11,276,,,,,,,,,,,
11/03/2021,TGCR,0.05,0.01,0.05,0.05,0.15,329,,,,,,,,,,,
11/03/2021,BGCR,0.05,0.01,0.05,0.05,0.15,359,,,,,,,,,,,
11/03/2021,SOFR,0.05,0,0.04,0.05,0.15,877,,,,,,,,,,,
11/02/2021,EFFR,0.08,0.05,0.07,0.08,0.1,78,0,0.25,,,,,,,,,
11/02/2021,OBFR,0.07,0.04,0.06,0.08,0.11,264,,,,,,,,,,,
11/02/2021,TGCR,0.05,0.01,0.05,0.05,0.15,338,,,,,,,,,,,
11/02/2021,BGCR,0.05,0.01,0.05,0.05,0.15,364,,,,,,,,,,,
11/02/2021,SOFR,0.05,-0.01,0.04,0.05,0.15,910,,,,,,,,,,,
11/01/2021,EFFR,0.08,0.05,0.07,0.08,0.12,78,0,0.25,,,,,,,,,
11/01/2021,OBFR,0.07,0.04,0.06,0.08,0.14,266,,,,,,,,,,,
11/01/2021,TGCR,0.05,0.01,0.05,0.05,0.15,329,,,,,,,,,,,
11/01/2021,BGCR,0.05,0.01,0.05,0.05,0.15,353,,,,,,,,,,,
11/01/2021,SOFR,0.05,-0.02,0.03,0.05,0.15,959,,,,,,,,,,,
10/29/2021,EFFR,0.07,0.05,0.06,0.08,0.15,70,0,0.25,,,,,,,,,
10/29/2021,OBFR,0.06,0.04,0.05,0.07,0.14,222,,,,,,,,,,,
10/29/2021,TGCR,0.05,0.01,0.05,0.05,0.15,317,,,,,,,,,,,
10/29/2021,BGCR,0.05,0.01,0.05,0.05,0.15,336,,,,,,,,,,,
10/29/2021,SOFR,0.05,-0.03,0.02,0.05,0.15,847,,,,,,,,,,,
10/28/2021,EFFR,0.08,0.06,0.07,0.08,0.11,84,0,0.25,,,,,,,,,
10/28/2021,OBFR,0.07,0.04,0.06,0.08,0.14,272,,,,,,,,,,,
10/28/2021,TGCR,0.05,0.01,0.05,0.05,0.15,317,,,,,,,,,,,
10/28/2021,BGCR,0.05,0.01,0.05,0.05,0.15,345,,,,,,,,,,,
10/28/2021,SOFR,0.05,-0.03,0.02,0.05,0.15,871,,,,,,,,,,,
10/27/2021,EFFR,0.08,0.06,0.07,0.09,0.1,78,0,0.25,,,,,,,,,
10/27/2021,OBFR,0.07,0.05,0.06,0.08,0.14,267,,,,,,,,,,,
10/27/2021,TGCR,0.05,0.01,0.05,0.05,0.15,325,,,,,,,,,,,
10/27/2021,BGCR,0.05,0.01,0.05,0.05,0.15,356,,,,,,,,,,,
10/27/2021,SOFR,0.05,-0.03,0.02,0.05,0.15,865,,,,,,,,,,,
10/26/2021,EFFR,0.08,0.05,0.07,0.08,0.1,77,0,0.25,,,,,,,,,
10/26/2021,OBFR,0.07,0.05,0.06,0.08,0.11,276,,,,,,,,,,,
10/26/2021,TGCR,0.05,0.01,0.05,0.05,0.15,326,,,,,,,,,,,
10/26/2021,BGCR,0.05,0.01,0.05,0.05,0.15,356,,,,,,,,,,,
10/26/2021,SOFR,0.05,-0.03,0.02,0.05,0.15,877,,,,,,,,,,,
10/25/2021,EFFR,0.08,0.06,0.07,0.08,0.1,78,0,0.25,,,,,,,,,
10/25/2021,OBFR,0.07,0.05,0.06,0.08,0.11,286,,,,,,,,,,,
10/25/2021,TGCR,0.05,0.01,0.05,0.05,0.15,329,,,,,,,,,,,
10/25/2021,BGCR,0.05,0.01,0.05,0.05,0.15,353,,,,,,,,,,,
10/25/2021,SOFR,0.04,-0.03,0.02,0.05,0.15,858,,,,,,,,,,,
10/22/2021,EFFR,0.08,0.05,0.07,0.08,0.1,74,0,0.25,,,,,,,,,
10/22/2021,OBFR,0.07,0.05,0.06,0.08,0.12,274,,,,,,,,,,,
10/22/2021,TGCR,0.05,0.01,0.05,0.05,0.15,331,,,,,,,,,,,
10/22/2021,BGCR,0.05,0.01,0.05,0.05,0.15,357,,,,,,,,,,,
10/22/2021,SOFR,0.05,-0.03,0.02,0.05,0.15,863,,,,,,,,,,,
10/21/2021,EFFR,0.08,0.05,0.07,0.08,0.12,75,0,0.25,,,,,,,,,
10/21/2021,OBFR,0.07,0.04,0.06,0.08,0.14,284,,,,,,,,,,,
10/21/2021,TGCR,0.05,0.01,0.05,0.05,0.15,332,,,,,,,,,,,
10/21/2021,BGCR,0.05,0.01,0.05,0.05,0.15,360,,,,,,,,,,,
10/21/2021,SOFR,0.03,-0.05,0,0.05,0.15,879,,,,,,,,,,,
10/20/2021,EFFR,0.08,0.06,0.07,0.09,0.15,72,0,0.25,,,,,,,,,
10/20/2021,OBFR,0.07,0.05,0.06,0.08,0.14,271,,,,,,,,,,,
10/20/2021,TGCR,0.05,0.01,0.05,0.05,0.15,334,,,,,,,,,,,
10/20/2021,BGCR,0.05,0.01,0.05,0.05,0.15,360,,,,,,,,,,,
10/20/2021,SOFR,0.03,-0.04,0,0.05,0.15,857,,,,,,,,,,,
10/19/2021,EFFR,0.08,0.05,0.07,0.08,0.1,70,0,0.25,,,,,,,,,
10/19/2021,OBFR,0.07,0.05,0.06,0.08,0.12,269,,,,,,,,,,,
10/19/2021,TGCR,0.05,0.01,0.05,0.05,0.15,339,,,,,,,,,,,
10/19/2021,BGCR,0.05,0.01,0.05,0.05,0.15,368,,,,,,,,,,,
10/19/2021,SOFR,0.03,-0.03,0.01,0.05,0.15,875,,,,,,,,,,,
10/18/2021,EFFR,0.08,0.05,0.07,0.08,0.09,71,0,0.25,,,,,,,,,
10/18/2021,OBFR,0.07,0.05,0.06,0.08,0.11,277,,,,,,,,,,,
10/18/2021,TGCR,0.05,0.01,0.05,0.05,0.15,352,,,,,,,,,,,
10/18/2021,BGCR,0.05,0.01,0.05,0.05,0.15,377,,,,,,,,,,,
10/18/2021,SOFR,0.05,-0.02,0.01,0.05,0.15,879,,,,,,,,,,,
10/15/2021,EFFR,0.08,0.05,0.07,0.08,0.09,73,0,0.25,,,,,,,,,
10/15/2021,OBFR,0.07,0.05,0.06,0.08,0.11,266,,,,,,,,,,,
10/15/2021,TGCR,0.05,0.01,0.05,0.05,0.15,351,,,,,,,,,,,
10/15/2021,BGCR,0.05,0.02,0.05,0.05,0.15,374,,,,,,,,,,,
10/15/2021,SOFR,0.05,-0.01,0.02,0.05,0.15,889,,,,,,,,,,,
10/14/2021,EFFR,0.08,0.05,0.07,0.08,0.09,72,0,0.25,,,,,,,,,
10/14/2021,OBFR,0.07,0.05,0.06,0.08,0.11,266,,,,,,,,,,,
10/14/2021,TGCR,0.05,0.02,0.05,0.05,0.15,355,,,,,,,,,,,
10/14/2021,BGCR,0.05,0.01,0.05,0.05,0.15,370,,,,,,,,,,,
10/14/2021,SOFR,0.05,-0.03,0.03,0.05,0.15,873,,,,,,,,,,,
10/13/2021,EFFR,0.08,0.05,0.07,0.08,0.09,73,0,0.25,,,,,,,,,
10/13/2021,OBFR,0.07,0.04,0.06,0.08,0.11,270,,,,,,,,,,,
10/13/2021,TGCR,0.05,0.02,0.05,0.05,0.15,352,,,,,,,,,,,
10/13/2021,BGCR,0.05,0.02,0.05,0.05,0.15,372,,,,,,,,,,,
10/13/2021,SOFR,0.05,-0.01,0.03,0.05,0.15,907,,,,,,,,,,,
10/12/2021,EFFR,0.08,0.05,0.07,0.08,0.09,76,0,0.25,,,,,,,,,
10/12/2021,OBFR,0.07,0.05,0.07,0.08,0.11,275,,,,,,,,,,,
10/12/2021,TGCR,0.05,0.02,0.05,0.05,0.15,347,,,,,,,,,,,
10/12/2021,BGCR,0.05,0.02,0.05,0.05,0.15,369,,,,,,,,,,,
10/12/2021,SOFR,0.05,-0.01,0.03,0.05,0.15,925,,,,,,,,,,,
10/08/2021,EFFR,0.08,0.05,0.07,0.08,0.09,77,0,0.25,,,,,,,,,
10/08/2021,OBFR,0.07,0.04,0.06,0.08,0.11,264,,,,,,,,,,,
10/08/2021,TGCR,0.05,0.02,0.05,0.05,0.15,349,,,,,,,,,,,
10/08/2021,BGCR,0.05,0.02,0.05,0.05,0.15,375,,,,,,,,,,,
10/08/2021,SOFR,0.05,0,0.04,0.05,0.15,887,,,,,,,,,,,
10/07/2021,EFFR,0.08,0.05,0.07,0.08,0.09,77,0,0.25,,,,,,,,,
10/07/2021,OBFR,0.07,0.05,0.06,0.08,0.11,259,,,,,,,,,,,
10/07/2021,TGCR,0.05,0.01,0.05,0.05,0.15,352,,,,,,,,,,,
10/07/2021,BGCR,0.05,0.01,0.05,0.05,0.15,372,,,,,,,,,,,
10/07/2021,SOFR,0.05,0,0.04,0.05,0.15,911,,,,,,,,,,,
10/06/2021,EFFR,0.08,0.05,0.07,0.08,0.09,75,0,0.25,,,,,,,,,
10/06/2021,OBFR,0.07,0.05,0.07,0.08,0.11,256,,,,,,,,,,,
10/06/2021,TGCR,0.05,0.02,0.05,0.05,0.15,348,,,,,,,,,,,
10/06/2021,BGCR,0.05,0.02,0.05,0.05,0.15,364,,,,,,,,,,,
10/06/2021,SOFR,0.05,0,0.04,0.05,0.15,902,,,,,,,,,,,
10/05/2021,EFFR,0.08,0.05,0.07,0.08,0.09,74,0,0.25,,,,,,,,,
10/05/2021,OBFR,0.07,0.04,0.07,0.08,0.11,263,,,,,,,,,,,
10/05/2021,TGCR,0.05,0.02,0.05,0.05,0.15,344,,,,,,,,,,,
10/05/2021,BGCR,0.05,0.02,0.05,0.05,0.15,369,,,,,,,,,,,
10/05/2021,SOFR,0.05,0,0.04,0.05,0.15,916,,,,,,,,,,,
10/04/2021,EFFR,0.08,0.05,0.07,0.08,0.1,73,0,0.25,,,,,,,,,
10/04/2021,OBFR,0.07,0.05,0.07,0.08,0.11,261,,,,,,,,,,,
10/04/2021,TGCR,0.05,0.02,0.05,0.05,0.15,343,,,,,,,,,,,
10/04/2021,BGCR,0.05,0.02,0.05,0.05,0.15,368,,,,,,,,,,,
10/04/2021,SOFR,0.05,0,0.04,0.05,0.15,925,,,,,,,,,,,
10/01/2021,EFFR,0.08,0.06,0.07,0.08,0.1,68,0,0.25,,,,,,,,,
10/01/2021,OBFR,0.07,0.05,0.07,0.08,0.11,257,,,,,,,,,,,
10/01/2021,TGCR,0.05,0.01,0.05,0.05,0.15,342,,,,,,,,,,,
10/01/2021,BGCR,0.05,0.01,0.05,0.05,0.15,371,,,,,,,,,,,
10/01/2021,SOFR,0.05,0,0.04,0.05,0.15,928,,,,,,,,,,,
09/30/2021,EFFR,0.06,0.05,0.06,0.07,0.09,52,0,0.25,,,,,,,,,
09/30/2021,OBFR,0.06,0.03,0.05,0.07,0.14,137,,,,,,,,,,,
09/30/2021,TGCR,0.05,0.01,0.05,0.05,0.15,322,,,,,,,,,,,
09/30/2021,BGCR,0.05,0.01,0.05,0.05,0.15,353,,,,,,,,,,,
09/30/2021,SOFR,0.05,-0.01,0.03,0.05,0.15,939,,,,,,,,,,,
09/29/2021,EFFR,0.08,0.05,0.07,0.08,0.09,73,0,0.25,,,,,,,,,
09/29/2021,OBFR,0.07,0.05,0.06,0.08,0.11,248,,,,,,,,,,,
09/29/2021,TGCR,0.05,0.01,0.05,0.05,0.15,340,,,,,,,,,,,
09/29/2021,BGCR,0.05,0.01,0.05,0.05,0.15,364,,,,,,,,,,,
09/29/2021,SOFR,0.05,-0.02,0.03,0.05,0.15,872,,,,,,,,,,,
09/28/2021,EFFR,0.08,0.06,0.07,0.08,0.09,71,0,0.25,,,,,,,,,
09/28/2021,OBFR,0.07,0.05,0.06,0.08,0.11,244,,,,,,,,,,,
09/28/2021,TGCR,0.05,0.02,0.05,0.05,0.15,348,,,,,,,,,,,
09/28/2021,BGCR,0.05,0.02,0.05,0.05,0.15,378,,,,,,,,,,,
09/28/2021,SOFR,0.05,0,0.04,0.05,0.15,883,,,,,,,,,,,
09/27/2021,EFFR,0.08,0.05,0.07,0.08,0.09,72,0,0.25,,,,,,,,,
09/27/2021,OBFR,0.07,0.05,0.06,0.08,0.12,254,,,,,,,,,,,
09/27/2021,TGCR,0.05,0.03,0.05,0.05,0.15,351,,,,,,,,,,,
09/27/2021,BGCR,0.05,0.03,0.05,0.05,0.15,377,,,,,,,,,,,
09/27/2021,SOFR,0.05,0,0.04,0.05,0.15,927,,,,,,,,,,,
09/24/2021,EFFR,0.08,0.06,0.07,0.08,0.09,69,0,0.25,,,,,,,,,
09/24/2021,OBFR,0.07,0.05,0.06,0.08,0.12,254,,,,,,,,,,,
09/24/2021,TGCR,0.05,0.02,0.05,0.05,0.15,353,,,,,,,,,,,
09/24/2021,BGCR,0.05,0.02,0.05,0.05,0.15,377,,,,,,,,,,,
09/24/2021,SOFR,0.05,0,0.04,0.05,0.15,896,,,,,,,,,,,
09/23/2021,EFFR,0.08,0.05,0.07,0.08,0.1,70,0,0.25,,,,,,,,,
09/23/2021,OBFR,0.07,0.05,0.06,0.08,0.12,264,,,,,,,,,,,
09/23/2021,TGCR,0.05,0.01,0.05,0.05,0.15,350,,,,,,,,,,,
09/23/2021,BGCR,0.05,0.01,0.05,0.05,0.15,370,,,,,,,,,,,
09/23/2021,SOFR,0.05,0,0.03,0.05,0.15,878,,,,,,,,,,,
09/22/2021,EFFR,0.08,0.06,0.07,0.08,0.1,71,0,0.25,,,,,,,,,
09/22/2021,OBFR,0.07,0.05,0.06,0.08,0.12,265,,,,,,,,,,,
09/22/2021,TGCR,0.05,0.01,0.05,0.05,0.15,349,,,,,,,,,,,
09/22/2021,BGCR,0.05,0.01,0.05,0.05,0.15,375,,,,,,,,,,,
09/22/2021,SOFR,0.05,0,0.03,0.05,0.15,879,,,,,,,,,,,
09/21/2021,EFFR,0.08,0.06,0.07,0.08,0.09,70,0,0.25,,,,,,,,,
09/21/2021,OBFR,0.07,0.04,0.06,0.08,0.12,277,,,,,,,,,,,
09/21/2021,TGCR,0.05,0.01,0.05,0.05,0.15,353,,,,,,,,,,,
09/21/2021,BGCR,0.05,0.01,0.05,0.05,0.15,377,,,,,,,,,,,
09/21/2021,SOFR,0.05,0,0.03,0.05,0.15,894,,,,,,,,,,,
09/20/2021,EFFR,0.08,0.06,0.07,0.08,0.1,69,0,0.25,,,,,,,,,
09/20/2021,OBFR,0.07,0.05,0.06,0.08,0.12,258,,,,,,,,,,,
09/20/2021,TGCR,0.05,0.01,0.05,0.05,0.15,356,,,,,,,,,,,
09/20/2021,BGCR,0.05,0.01,0.05,0.05,0.15,385,,,,,,,,,,,
09/20/2021,SOFR,0.05,0,0.03,0.05,0.15,928,,,,,,,,,,,
09/17/2021,EFFR,0.08,0.05,0.07,0.08,0.1,64,0,0.25,,,,,,,,,
09/17/2021,OBFR,0.07,0.05,0.06,0.08,0.12,256,,,,,,,,,,,
09/17/2021,TGCR,0.05,0.01,0.05,0.05,0.15,354,,,,,,,,,,,
09/17/2021,BGCR,0.05,0.01,0.05,0.05,0.15,371,,,,,,,,,,,
09/17/2021,SOFR,0.05,0.01,0.04,0.05,0.15,884,,,,,,,,,,,
09/16/2021,EFFR,0.08,0.05,0.07,0.08,0.09,66,0,0.25,,,,,,,,,
09/16/2021,OBFR,0.07,0.05,0.06,0.08,0.12,256,,,,,,,,,,,
09/16/2021,TGCR,0.05,0.01,0.05,0.05,0.15,367,,,,,,,,,,,
09/16/2021,BGCR,0.05,0.01,0.05,0.05,0.15,387,,,,,,,,,,,
09/16/2021,SOFR,0.05,0.02,0.05,0.05,0.15,905,,,,,,,,,,,
09/15/2021,EFFR,0.08,0.05,0.07,0.08,0.09,69,0,0.25,,,,,,,,,
09/15/2021,OBFR,0.07,0.05,0.06,0.08,0.12,252,,,,,,,,,,,
09/15/2021,TGCR,0.05,0.02,0.05,0.05,0.15,371,,,,,,,,,,,
09/15/2021,BGCR,0.05,0.02,0.05,0.05,0.15,405,,,,,,,,,,,
09/15/2021,SOFR,0.05,0.02,0.05,0.06,0.15,942,,,,,,,,,,,
09/14/2021,EFFR,0.08,0.05,0.07,0.08,0.09,69,0,0.25,,,,,,,,,
09/14/2021,OBFR,0.07,0.05,0.06,0.08,0.12,258,,,,,,,,,,,
09/14/2021,TGCR,0.05,0.02,0.05,0.05,0.15,357,,,,,,,,,,,
09/14/2021,BGCR,0.05,0.02,0.05,0.05,0.15,380,,,,,,,,,,,
09/14/2021,SOFR,0.05,0.01,0.04,0.05,0.15,893,,,,,,,,,,,
09/13/2021,EFFR,0.08,0.05,0.07,0.08,0.09,67,0,0.25,,,,,,,,,
09/13/2021,OBFR,0.07,0.05,0.06,0.08,0.12,262,,,,,,,,,,,
09/13/2021,TGCR,0.05,0.01,0.05,0.05,0.15,354,,,,,,,,,,,
09/13/2021,BGCR,0.05,0.01,0.05,0.05,0.15,382,,,,,,,,,,,
09/13/2021,SOFR,0.05,0.01,0.05,0.05,0.15,914,,,,,,,,,,,
09/10/2021,EFFR,0.08,0.06,0.07,0.08,0.09,67,0,0.25,,,,,,,,,
09/10/2021,OBFR,0.07,0.05,0.06,0.08,0.12,277,,,,,,,,,,,
09/10/2021,TGCR,0.05,0.01,0.05,0.05,0.15,359,,,,,,,,,,,
09/10/2021,BGCR,0.05,0.01,0.05,0.05,0.15,396,,,,,,,,,,,
09/10/2021,SOFR,0.05,0.02,0.05,0.06,0.15,891,,,,,,,,,,,
09/09/2021,EFFR,0.08,0.05,0.07,0.08,0.09,70,0,0.25,,,,,,,,,
09/09/2021,OBFR,0.07,0.04,0.06,0.08,0.12,281,,,,,,,,,,,
09/09/2021,TGCR,0.05,0.01,0.05,0.05,0.15,360,,,,,,,,,,,
09/09/2021,BGCR,0.05,0.01,0.05,0.05,0.15,394,,,,,,,,,,,
09/09/2021,SOFR,0.05,0.01,0.05,0.05,0.15,917,,,,,,,,,,,
09/08/2021,EFFR,0.08,0.05,0.07,0.08,0.1,70,0,0.25,,,,,,,,,
09/08/2021,OBFR,0.07,0.04,0.06,0.08,0.12,276,,,,,,,,,,,
09/08/2021,TGCR,0.05,0.02,0.05,0.05,0.15,352,,,,,,,,,,,
09/08/2021,BGCR,0.05,0.02,0.05,0.05,0.15,377,,,,,,,,,,,
09/08/2021,SOFR,0.05,0.01,0.05,0.05,0.15,896,,,,,,,,,,,
09/07/2021,EFFR,0.08,0.05,0.07,0.08,0.1,71,0,0.25,,,,,,,,,
09/07/2021,OBFR,0.07,0.04,0.06,0.08,0.12,271,,,,,,,,,,,
09/07/2021,TGCR,0.05,0.02,0.05,0.05,0.15,361,,,,,,,,,,,
09/07/2021,BGCR,0.05,0.02,0.05,0.05,0.15,396,,,,,,,,,,,
09/07/2021,SOFR,0.05,0.01,0.05,0.06,0.15,945,,,,,,,,,,,
09/03/2021,EFFR,0.08,0.06,0.07,0.08,0.1,68,0,0.25,,,,,,,,,
09/03/2021,OBFR,0.07,0.05,0.06,0.08,0.12,267,,,,,,,,,,,
09/03/2021,TGCR,0.05,0.01,0.05,0.05,0.15,352,,,,,,,,,,,
09/03/2021,BGCR,0.05,0.01,0.05,0.05,0.15,386,,,,,,,,,,,
09/03/2021,SOFR,0.05,0.02,0.05,0.06,0.15,883,,,,,,,,,,,
09/02/2021,EFFR,0.08,0.05,0.07,0.08,0.11,69,0,0.25,,,,,,,,,
09/02/2021,OBFR,0.07,0.04,0.06,0.08,0.12,267,,,,,,,,,,,
09/02/2021,TGCR,0.05,0.01,0.05,0.05,0.15,360,,,,,,,,,,,
09/02/2021,BGCR,0.05,0.01,0.05,0.05,0.15,397,,,,,,,,,,,
09/02/2021,SOFR,0.05,0.02,0.05,0.06,0.15,952,,,,,,,,,,,
09/01/2021,EFFR,0.08,0.05,0.07,0.08,0.1,72,0,0.25,,,,,,,,,
09/01/2021,OBFR,0.07,0.05,0.06,0.08,0.12,266,,,,,,,,,,,
09/01/2021,TGCR,0.05,0.02,0.05,0.05,0.15,360,,,,,,,,,,,
09/01/2021,BGCR,0.05,0.02,0.05,0.05,0.15,391,,,,,,,,,,,
09/01/2021,SOFR,0.05,0.02,0.05,0.06,0.15,936,,,,,,,,,,,
08/31/2021,EFFR,0.06,0.05,0.06,0.08,0.1,59,0,0.25,,,,,,,,,
08/31/2021,OBFR,0.05,0.03,0.04,0.07,0.12,214,,,,,,,,,,,
08/31/2021,TGCR,0.05,0.02,0.05,0.05,0.15,360,,,,,,,,,,,
08/31/2021,BGCR,0.05,0.02,0.05,0.05,0.15,397,,,,,,,,,,,
08/31/2021,SOFR,0.05,0.02,0.05,0.06,0.15,953,,,,,,,,,,,
08/30/2021,EFFR,0.08,0.05,0.07,0.09,0.1,71,0,0.25,,,,,,,,,
08/30/2021,OBFR,0.07,0.04,0.06,0.08,0.12,262,,,,,,,,,,,
08/30/2021,TGCR,0.05,0.02,0.05,0.05,0.15,349,,,,,,,,,,,
08/30/2021,BGCR,0.05,0.02,0.05,0.05,0.15,366,,,,,,,,,,,
08/30/2021,SOFR,0.05,0,0.04,0.05,0.15,885,,,,,,,,,,,
08/27/2021,EFFR,0.08,0.05,0.07,0.09,0.11,71,0,0.25,,,,,,,,,
08/27/2021,OBFR,0.07,0.04,0.06,0.08,0.12,257,,,,,,,,,,,
08/27/2021,TGCR,0.05,0.02,0.05,0.05,0.15,354,,,,,,,,,,,
08/27/2021,BGCR,0.05,0.02,0.05,0.05,0.15,383,,,,,,,,,,,
08/27/2021,SOFR,0.05,0,0.04,0.05,0.15,920,,,,,,,,,,,
08/26/2021,EFFR,0.09,0.05,0.07,0.09,0.1,69,0,0.25,,,,,,,,,
08/26/2021,OBFR,0.07,0.04,0.07,0.08,0.12,246,,,,,,,,,,,
08/26/2021,TGCR,0.05,0.02,0.05,0.05,0.15,350,,,,,,,,,,,
08/26/2021,BGCR,0.05,0.02,0.05,0.05,0.15,377,,,,,,,,,,,
08/26/2021,SOFR,0.05,0.01,0.05,0.05,0.15,864,,,,,,,,,,,
08/25/2021,EFFR,0.09,0.05,0.07,0.09,0.1,70,0,0.25,,,,,,,,,
08/25/2021,OBFR,0.07,0.04,0.07,0.08,0.12,256,,,,,,,,,,,
08/25/2021,TGCR,0.05,0.01,0.05,0.05,0.15,358,,,,,,,,,,,
08/25/2021,BGCR,0.05,0.02,0.05,0.05,0.15,376,,,,,,,,,,,
08/25/2021,SOFR,0.05,0,0.04,0.05,0.15,912,,,,,,,,,,,
08/24/2021,EFFR,0.09,0.05,0.08,0.09,0.1,66,0,0.25,,,,,,,,,
08/24/2021,OBFR,0.08,0.04,0.07,0.08,0.12,255,,,,,,,,,,,
08/24/2021,TGCR,0.05,0.02,0.05,0.05,0.15,363,,,,,,,,,,,
08/24/2021,BGCR,0.05,0.02,0.05,0.05,0.15,391,,,,,,,,,,,
08/24/2021,SOFR,0.05,0,0.04,0.05,0.15,923,,,,,,,,,,,
08/23/2021,EFFR,0.09,0.07,0.08,0.1,0.11,67,0,0.25,,,,,,,,,
08/23/2021,OBFR,0.08,0.05,0.07,0.08,0.12,261,,,,,,,,,,,
08/23/2021,TGCR,0.05,0.01,0.05,0.05,0.15,356,,,,,,,,,,,
08/23/2021,BGCR,0.05,0.01,0.05,0.05,0.15,373,,,,,,,,,,,
08/23/2021,SOFR,0.05,0,0.03,0.05,0.15,899,,,,,,,,,,,
08/20/2021,EFFR,0.09,0.05,0.08,0.1,0.11,68,0,0.25,,,,,,,,,
08/20/2021,OBFR,0.08,0.04,0.07,0.09,0.12,259,,,,,,,,,,,
08/20/2021,TGCR,0.05,0.01,0.05,0.05,0.15,354,,,,,,,,,,,
08/20/2021,BGCR,0.05,0.01,0.05,0.05,0.15,375,,,,,,,,,,,
08/20/2021,SOFR,0.05,0,0.03,0.05,0.15,902,,,,,,,,,,,
08/19/2021,EFFR,0.09,0.07,0.08,0.1,0.11,67,0,0.25,,,,,,,,,
08/19/2021,OBFR,0.08,0.04,0.07,0.09,0.12,250,,,,,,,,,,,
08/19/2021,TGCR,0.05,0.01,0.05,0.05,0.15,360,,,,,,,,,,,
08/19/2021,BGCR,0.05,0.01,0.05,0.05,0.15,384,,,,,,,,,,,
08/19/2021,SOFR,0.05,0,0.03,0.05,0.15,925,,,,,,,,,,,
08/18/2021,EFFR,0.09,0.07,0.08,0.1,0.11,65,0,0.25,,,,,,,,,
08/18/2021,OBFR,0.08,0.04,0.07,0.09,0.12,255,,,,,,,,,,,
08/18/2021,TGCR,0.05,0.02,0.05,0.05,0.15,357,,,,,,,,,,,
08/18/2021,BGCR,0.05,0.01,0.05,0.05,0.15,375,,,,,,,,,,,
08/18/2021,SOFR,0.05,0,0.04,0.05,0.15,935,,,,,,,,,,,
08/17/2021,EFFR,0.1,0.05,0.08,0.1,0.11,64,0,0.25,,,,,,,,,
08/17/2021,OBFR,0.08,0.04,0.07,0.09,0.12,250,,,,,,,,,,,
08/17/2021,TGCR,0.05,0.02,0.05,0.05,0.15,365,,,,,,,,,,,
08/17/2021,BGCR,0.05,0.02,0.05,0.05,0.15,380,,,,,,,,,,,
08/17/2021,SOFR,0.05,0.01,0.05,0.05,0.15,905,,,,,,,,,,,
08/16/2021,EFFR,0.1,0.05,0.08,0.1,0.11,66,0,0.25,,,,,,,,,
08/16/2021,OBFR,0.08,0.04,0.07,0.09,0.12,252,,,,,,,,,,,
08/16/2021,TGCR,0.05,0.02,0.05,0.05,0.15,362,,,,,,,,,,,
08/16/2021,BGCR,0.05,0.02,0.05,0.05,0.15,377,,,,,,,,,,,
08/16/2021,SOFR,0.05,0.01,0.05,0.06,0.15,906,,,,,,,,,,,
08/13/2021,EFFR,0.1,0.07,0.08,0.1,0.11,65,0,0.25,,,,,,,,,
08/13/2021,OBFR,0.08,0.04,0.07,0.09,0.12,249,,,,,,,,,,,
08/13/2021,TGCR,0.05,0.02,0.05,0.05,0.15,364,,,,,,,,,,,
08/13/2021,BGCR,0.05,0.02,0.05,0.05,0.15,385,,,,,,,,,,,
08/13/2021,SOFR,0.05,0,0.04,0.05,0.15,893,,,,,,,,,,,
08/12/2021,EFFR,0.1,0.05,0.08,0.1,0.11,68,0,0.25,,,,,,,,,
08/12/2021,OBFR,0.08,0.04,0.07,0.09,0.12,247,,,,,,,,,,,
08/12/2021,TGCR,0.05,0.02,0.05,0.05,0.15,363,,,,,,,,,,,
08/12/2021,BGCR,0.05,0.02,0.05,0.05,0.15,380,,,,,,,,,,,
08/12/2021,SOFR,0.05,0,0.04,0.05,0.15,909,,,,,,,,,,,
08/11/2021,EFFR,0.1,0.07,0.08,0.1,0.11,68,0,0.25,,,,,,,,,
08/11/2021,OBFR,0.08,0.04,0.07,0.09,0.12,248,,,,,,,,,,,
08/11/2021,TGCR,0.05,0.02,0.05,0.05,0.15,350,,,,,,,,,,,
08/11/2021,BGCR,0.05,0.02,0.05,0.05,0.15,371,,,,,,,,,,,
08/11/2021,SOFR,0.05,0,0.04,0.05,0.15,904,,,,,,,,,,,
08/10/2021,EFFR,0.1,0.07,0.08,0.1,0.11,69,0,0.25,,,,,,,,,
08/10/2021,OBFR,0.08,0.04,0.07,0.09,0.12,251,,,,,,,,,,,
08/10/2021,TGCR,0.05,0.02,0.05,0.05,0.15,345,,,,,,,,,,,
08/10/2021,BGCR,0.05,0.02,0.05,0.05,0.15,363,,,,,,,,,,,
08/10/2021,SOFR,0.05,0.01,0.04,0.05,0.15,865,,,,,,,,,,,
08/09/2021,EFFR,0.1,0.07,0.08,0.1,0.11,68,0,0.25,,,,,,,,,
08/09/2021,OBFR,0.08,0.04,0.07,0.09,0.12,252,,,,,,,,,,,
08/09/2021,TGCR,0.05,0.01,0.05,0.05,0.15,343,,,,,,,,,,,
08/09/2021,BGCR,0.05,0.02,0.05,0.05,0.15,365,,,,,,,,,,,
08/09/2021,SOFR,0.05,0.02,0.05,0.06,0.15,884,,,,,,,,,,,
08/06/2021,EFFR,0.1,0.07,0.08,0.1,0.11,70,0,0.25,,,,,,,,,
08/06/2021,OBFR,0.08,0.04,0.07,0.09,0.12,248,,,,,,,,,,,
08/06/2021,TGCR,0.05,0.01,0.05,0.05,0.15,347,,,,,,,,,,,
08/06/2021,BGCR,0.05,0.01,0.05,0.05,0.15,367,,,,,,,,,,,
08/06/2021,SOFR,0.05,0.02,0.05,0.06,0.15,891,,,,,,,,,,,
08/05/2021,EFFR,0.1,0.07,0.08,0.1,0.11,70,0,0.25,,,,,,,,,
08/05/2021,OBFR,0.08,0.04,0.07,0.09,0.12,243,,,,,,,,,,,
08/05/2021,TGCR,0.05,NA,NA,NA,NA,353,,,,,,,,,,,2
08/05/2021,BGCR,0.05,NA,NA,NA,NA,381,,,,,,,,,,,2
08/05/2021,SOFR,0.05,NA,NA,NA,NA,901,,,,,,,,,,,2
08/04/2021,EFFR,0.1,0.07,0.08,0.1,0.11,71,0,0.25,,,,,,,,,
08/04/2021,OBFR,0.08,0.04,0.07,0.09,0.12,250,,,,,,,,,,,
08/04/2021,TGCR,0.05,0.03,0.05,0.05,0.15,353,,,,,,,,,,,
08/04/2021,BGCR,0.05,0.03,0.05,0.05,0.15,385,,,,,,,,,,,
08/04/2021,SOFR,0.05,0.02,0.05,0.06,0.15,926,,,,,,,,,,,
08/03/2021,EFFR,0.1,0.07,0.08,0.1,0.11,69,0,0.25,,,,,,,,,
08/03/2021,OBFR,0.08,0.04,0.07,0.09,0.12,245,,,,,,,,,,,
08/03/2021,TGCR,0.05,0.03,0.05,0.05,0.15,352,,,,,,,,,,,
08/03/2021,BGCR,0.05,0.03,0.05,0.05,0.15,382,,,,,,,,,,,
08/03/2021,SOFR,0.05,0.02,0.05,0.06,0.15,974,,,,,,,,,,,
08/02/2021,EFFR,0.1,0.05,0.08,0.1,0.11,74,0,0.25,,,,,,,,,
08/02/2021,OBFR,0.08,0.04,0.07,0.09,0.12,246,,,,,,,,,,,
08/02/2021,TGCR,0.05,0.02,0.05,0.05,0.15,360,,,,,,,,,,,
08/02/2021,BGCR,0.05,0.02,0.05,0.05,0.15,398,,,,,,,,,,,
08/02/2021,SOFR,0.05,0.01,0.05,0.06,0.15,986,,,,,,,,,,,
07/30/2021,EFFR,0.07,0.04,0.06,0.08,0.11,61,0,0.25,,,,,,,,,
07/30/2021,OBFR,0.06,0.03,0.05,0.08,0.12,215,,,,,,,,,,,
07/30/2021,TGCR,0.05,0.02,0.05,0.05,0.15,343,,,,,,,,,,,
07/30/2021,BGCR,0.05,0.02,0.05,0.05,0.15,368,,,,,,,,,,,
07/30/2021,SOFR,0.05,0,0.03,0.05,0.15,903,,,,,,,,,,,
07/29/2021,EFFR,0.1,0.06,0.08,0.1,0.11,70,0,0.25,,,,,,,,,
07/29/2021,OBFR,0.08,0.04,0.07,0.09,0.12,253,,,,,,,,,,,
07/29/2021,TGCR,0.05,0.02,0.05,0.05,0.15,341,,,,,,,,,,,
07/29/2021,BGCR,0.05,0.02,0.05,0.05,0.15,377,,,,,,,,,,,
07/29/2021,SOFR,0.05,0.01,0.04,0.05,0.15,877,,,,,,,,,,,
07/28/2021,EFFR,0.1,0.07,0.08,0.1,0.11,65,0,0.25,,,,,,,,,
07/28/2021,OBFR,0.08,0.04,0.07,0.09,0.12,244,,,,,,,,,,,
07/28/2021,TGCR,0.05,0.02,0.05,0.05,0.15,345,,,,,,,,,,,
07/28/2021,BGCR,0.05,0.02,0.05,0.05,0.15,370,,,,,,,,,,,
07/28/2021,SOFR,0.05,0.01,0.04,0.05,0.15,862,,,,,,,,,,,
07/27/2021,EFFR,0.1,0.05,0.08,0.1,0.11,69,0,0.25,,,,,,,,,
07/27/2021,OBFR,0.08,0.04,0.07,0.09,0.12,256,,,,,,,,,,,
07/27/2021,TGCR,0.05,0.01,0.05,0.05,0.15,343,,,,,,,,,,,
07/27/2021,BGCR,0.05,0.01,0.05,0.05,0.15,365,,,,,,,,,,,
07/27/2021,SOFR,0.05,0.01,0.04,0.05,0.15,874,,,,,,,,,,,
07/26/2021,EFFR,0.1,0.05,0.08,0.1,0.11,73,0,0.25,,,,,,,,,
07/26/2021,OBFR,0.08,0.05,0.07,0.09,0.12,260,,,,,,,,,,,
07/26/2021,TGCR,0.05,0.01,0.05,0.05,0.15,342,,,,,,,,,,,
07/26/2021,BGCR,0.05,0.01,0.05,0.05,0.15,364,,,,,,,,,,,
07/26/2021,SOFR,0.05,0.01,0.04,0.05,0.15,881,,,,,,,,,,,
07/23/2021,EFFR,0.1,0.07,0.08,0.1,0.11,68,0,0.25,,,,,,,,,
07/23/2021,OBFR,0.08,0.05,0.07,0.09,0.12,245,,,,,,,,,,,
07/23/2021,TGCR,0.05,0.01,0.05,0.05,0.15,345,,,,,,,,,,,
07/23/2021,BGCR,0.05,0.01,0.05,0.05,0.15,370,,,,,,,,,,,
07/23/2021,SOFR,0.05,0.01,0.04,0.05,0.15,861,,,,,,,,,,,
07/22/2021,EFFR,0.1,0.06,0.08,0.1,0.11,71,0,0.25,,,,,,,,,
07/22/2021,OBFR,0.08,0.05,0.07,0.09,0.12,255,,,,,,,,,,,
07/22/2021,TGCR,0.05,0.02,0.05,0.05,0.15,339,,,,,,,,,,,
07/22/2021,BGCR,0.05,0.02,0.05,0.05,0.15,371,,,,,,,,,,,
07/22/2021,SOFR,0.05,0.01,0.04,0.05,0.15,849,,,,,,,,,,,
07/21/2021,EFFR,0.1,0.06,0.08,0.1,0.11,71,0,0.25,,,,,,,,,
07/21/2021,OBFR,0.08,0.05,0.07,0.09,0.12,258,,,,,,,,,,,
07/21/2021,TGCR,0.05,0.01,0.05,0.05,0.15,352,,,,,,,,,,,
07/21/2021,BGCR,0.05,0.01,0.05,0.05,0.15,383,,,,,,,,,,,
07/21/2021,SOFR,0.05,0,0.03,0.05,0.15,913,,,,,,,,,,,
07/20/2021,EFFR,0.1,0.06,0.08,0.1,0.11,70,0,0.25,,,,,,,,,
07/20/2021,OBFR,0.08,0.05,0.07,0.09,0.12,259,,,,,,,,,,,
07/20/2021,TGCR,0.05,0.01,0.05,0.05,0.15,348,,,,,,,,,,,
07/20/2021,BGCR,0.05,0.01,0.05,0.05,0.15,373,,,,,,,,,,,
07/20/2021,SOFR,0.05,0.01,0.04,0.05,0.15,855,,,,,,,,,,,
07/19/2021,EFFR,0.1,0.07,0.08,0.1,0.11,67,0,0.25,,,,,,,,,
07/19/2021,OBFR,0.08,0.05,0.08,0.09,0.12,255,,,,,,,,,,,
07/19/2021,TGCR,0.05,0.02,0.05,0.05,0.15,337,,,,,,,,,,,
07/19/2021,BGCR,0.05,0.02,0.05,0.05,0.15,369,,,,,,,,,,,
07/19/2021,SOFR,0.05,0,0.03,0.05,0.15,888,,,,,,,,,,,
07/16/2021,EFFR,0.1,0.05,0.08,0.1,0.11,72,0,0.25,,,,,,,,,
07/16/2021,OBFR,0.08,0.05,0.08,0.09,0.13,254,,,,,,,,,,,
07/16/2021,TGCR,0.05,0.02,0.05,0.05,0.15,339,,,,,,,,,,,
07/16/2021,BGCR,0.05,0.02,0.05,0.05,0.15,364,,,,,,,,,,,
07/16/2021,SOFR,0.05,0.02,0.04,0.05,0.15,864,,,,,,,,,,,
07/15/2021,EFFR,0.1,0.07,0.08,0.1,0.11,73,0,0.25,,,,,,,,,
07/15/2021,OBFR,0.08,0.05,0.08,0.09,0.13,253,,,,,,,,,,,
07/15/2021,TGCR,0.05,0.02,0.05,0.05,0.15,348,,,,,,,,,,,
07/15/2021,BGCR,0.05,0.03,0.05,0.05,0.15,378,,,,,,,,,,,
07/15/2021,SOFR,0.05,0.02,0.05,0.06,0.15,933,,,,,,,,,,,
07/14/2021,EFFR,0.1,0.06,0.08,0.1,0.11,72,0,0.25,,,,,,,,,
07/14/2021,OBFR,0.08,0.04,0.08,0.09,0.12,246,,,,,,,,,,,
07/14/2021,TGCR,0.05,0.02,0.05,0.05,0.15,329,,,,,,,,,,,
07/14/2021,BGCR,0.05,0.02,0.05,0.05,0.15,361,,,,,,,,,,,
07/14/2021,SOFR,0.05,0,0.04,0.05,0.15,908,,,,,,,,,,,
07/13/2021,EFFR,0.1,0.07,0.08,0.1,0.11,74,0,0.25,,,,,,,,,
07/13/2021,OBFR,0.08,0.05,0.08,0.09,0.12,249,,,,,,,,,,,
07/13/2021,TGCR,0.05,0.02,0.05,0.05,0.15,331,,,,,,,,,,,
07/13/2021,BGCR,0.05,0.02,0.05,0.05,0.15,361,,,,,,,,,,,
07/13/2021,SOFR,0.05,0.01,0.04,0.05,0.15,875,,,,,,,,,,,
07/12/2021,EFFR,0.1,0.05,0.08,0.1,0.11,75,0,0.25,,,,,,,,,
07/12/2021,OBFR,0.08,0.04,0.08,0.09,0.14,256,,,,,,,,,,,
07/12/2021,TGCR,0.05,0.02,0.05,0.05,0.15,331,,,,,,,,,,,
07/12/2021,BGCR,0.05,0.02,0.05,0.05,0.15,359,,,,,,,,,,,
07/12/2021,SOFR,0.05,0.01,0.04,0.05,0.15,855,,,,,,,,,,,
07/09/2021,EFFR,0.1,0.07,0.08,0.1,0.11,75,0,0.25,,,,,,,,,
07/09/2021,OBFR,0.08,0.04,0.08,0.09,0.12,257,,,,,,,,,,,
07/09/2021,TGCR,0.05,0.02,0.05,0.05,0.15,330,,,,,,,,,,,
07/09/2021,BGCR,0.05,0.02,0.05,0.05,0.15,360,,,,,,,,,,,
07/09/2021,SOFR,0.05,0,0.04,0.05,0.15,911,,,,,,,,,,,
07/08/2021,EFFR,0.1,0.05,0.09,0.1,0.11,76,0,0.25,,,,,,,,,
07/08/2021,OBFR,0.08,0.04,0.08,0.09,0.12,256,,,,,,,,,,,
07/08/2021,TGCR,0.05,0.02,0.05,0.05,0.15,331,,,,,,,,,,,
07/08/2021,BGCR,0.05,0.02,0.05,0.05,0.15,364,,,,,,,,,,,
07/08/2021,SOFR,0.05,0.01,0.05,0.06,0.15,874,,,,,,,,,,,
07/07/2021,EFFR,0.1,0.05,0.09,0.1,0.11,77,0,0.25,,,,,,,,,
07/07/2021,OBFR,0.08,0.01,0.08,0.09,0.12,247,,,,,,,,,,,
07/07/2021,TGCR,0.05,0.03,0.05,0.05,0.15,325,,,,,,,,,,,
07/07/2021,BGCR,0.05,0.03,0.05,0.05,0.15,360,,,,,,,,,,,
07/07/2021,SOFR,0.05,0,0.05,0.06,0.15,905,,,,,,,,,,,
07/06/2021,EFFR,0.1,0.05,0.09,0.1,0.11,76,0,0.25,,,,,,,,,
07/06/2021,OBFR,0.08,0.05,0.08,0.09,0.12,262,,,,,,,,,,,
07/06/2021,TGCR,0.05,0.02,0.05,0.05,0.15,324,,,,,,,,,,,
07/06/2021,BGCR,0.05,0.03,0.05,0.05,0.15,360,,,,,,,,,,,
07/06/2021,SOFR,0.05,0,0.05,0.06,0.15,934,,,,,,,,,,,
07/02/2021,EFFR,0.1,0.05,0.09,0.1,0.11,81,0,0.25,,,,,,,,,
07/02/2021,OBFR,0.08,0.04,0.08,0.1,0.14,242,,,,,,,,,,,
07/02/2021,TGCR,0.05,0.02,0.05,0.05,0.15,315,,,,,,,,,,,
07/02/2021,BGCR,0.05,0.02,0.05,0.05,0.15,352,,,,,,,,,,,
07/02/2021,SOFR,0.05,0,0.05,0.06,0.15,910,,,,,,,,,,,
07/01/2021,EFFR,0.1,0.05,0.09,0.1,0.11,70,0,0.25,,,,,,,,,
07/01/2021,OBFR,0.08,0.04,0.08,0.09,0.12,246,,,,,,,,,,,
07/01/2021,TGCR,0.05,0.02,0.05,0.05,0.15,315,,,,,,,,,,,
07/01/2021,BGCR,0.05,0.03,0.05,0.05,0.15,347,,,,,,,,,,,
07/01/2021,SOFR,0.05,0,0.04,0.06,0.15,938,,,,,,,,,,,
06/30/2021,EFFR,0.08,0.04,0.06,0.1,0.11,49,0,0.25,,,,,,,,,
06/30/2021,OBFR,0.06,0.03,0.05,0.09,0.14,137,,,,,,,,,,,
06/30/2021,TGCR,0.05,0.01,0.05,0.05,0.15,294,,,,,,,,,,,
06/30/2021,BGCR,0.05,0.01,0.05,0.05,0.15,325,,,,,,,,,,,
06/30/2021,SOFR,0.05,-0.02,0.03,0.05,0.15,871,,,,,,,,,,,
06/29/2021,EFFR,0.1,0.07,0.09,0.1,0.11,75,0,0.25,,,,,,,,,
06/29/2021,OBFR,0.08,0.05,0.08,0.09,0.12,252,,,,,,,,,,,
06/29/2021,TGCR,0.05,0.01,0.05,0.05,0.15,316,,,,,,,,,,,
06/29/2021,BGCR,0.05,0,0.05,0.05,0.15,341,,,,,,,,,,,
06/29/2021,SOFR,0.05,-0.02,0.02,0.05,0.15,850,,,,,,,,,,,
06/28/2021,EFFR,0.1,0.05,0.09,0.1,0.11,77,0,0.25,,,,,,,,,
06/28/2021,OBFR,0.08,0.05,0.08,0.09,0.12,266,,,,,,,,,,,
06/28/2021,TGCR,0.05,0.02,0.05,0.05,0.15,317,,,,,,,,,,,
06/28/2021,BGCR,0.05,0,0.05,0.05,0.15,342,,,,,,,,,,,
06/28/2021,SOFR,0.05,-0.01,0.04,0.05,0.15,853,,,,,,,,,,,
06/25/2021,EFFR,0.1,0.07,0.09,0.1,0.11,77,0,0.25,,,,,,,,,
06/25/2021,OBFR,0.08,0.05,0.08,0.09,0.12,267,,,,,,,,,,,
06/25/2021,TGCR,0.05,0.02,0.05,0.05,0.15,319,,,,,,,,,,,
06/25/2021,BGCR,0.05,0.02,0.05,0.05,0.15,346,,,,,,,,,,,
06/25/2021,SOFR,0.05,0,0.04,0.06,0.15,850,,,,,,,,,,,
06/24/2021,EFFR,0.1,0.07,0.09,0.1,0.11,74,0,0.25,,,,,,,,,
06/24/2021,OBFR,0.08,0.05,0.08,0.1,0.12,266,,,,,,,,,,,
06/24/2021,TGCR,0.05,0.03,0.05,0.05,0.15,326,,,,,,,,,,,
06/24/2021,BGCR,0.05,0.03,0.05,0.05,0.15,353,,,,,,,,,,,
06/24/2021,SOFR,0.05,-0.01,0.04,0.05,0.15,868,,,,,,,,,,,
06/23/2021,EFFR,0.1,0.05,0.09,0.1,0.11,71,0,0.25,,,,,,,,,
06/23/2021,OBFR,0.08,0.05,0.08,0.1,0.12,261,,,,,,,,,,,
06/23/2021,TGCR,0.05,0.02,0.05,0.05,0.15,325,,,,,,,,,,,
06/23/2021,BGCR,0.05,0.02,0.05,0.05,0.15,348,,,,,,,,,,,
06/23/2021,SOFR,0.05,-0.02,0.03,0.05,0.15,835,,,,,,,,,,,
06/22/2021,EFFR,0.1,0.08,0.09,0.1,0.11,70,0,0.25,,,,,,,,,
06/22/2021,OBFR,0.08,0.05,0.08,0.1,0.12,261,,,,,,,,,,,
06/22/2021,TGCR,0.05,0.02,0.05,0.05,0.15,333,,,,,,,,,,,
06/22/2021,BGCR,0.05,0.02,0.05,0.05,0.15,358,,,,,,,,,,,
06/22/2021,SOFR,0.05,-0.01,0.03,0.05,0.15,888,,,,,,,,,,,
06/21/2021,EFFR,0.1,0.08,0.09,0.1,0.11,66,0,0.25,,,,,,,,,
06/21/2021,OBFR,0.08,0.05,0.08,0.09,0.12,253,,,,,,,,,,,
06/21/2021,TGCR,0.05,0.02,0.05,0.06,0.15,335,,,,,,,,,,,
06/21/2021,BGCR,0.05,0.02,0.05,0.05,0.15,366,,,,,,,,,,,
06/21/2021,SOFR,0.05,0,0.03,0.05,0.15,894,,,,,,,,,,,
06/18/2021,EFFR,0.1,0.07,0.09,0.1,0.11,68,0,0.25,,,,,,,,,
06/18/2021,OBFR,0.08,0.04,0.08,0.1,0.12,224,,,,,,,,,,,
06/18/2021,TGCR,0.05,0.02,0.05,0.06,0.15,342,,,,,,,,,,,
06/18/2021,BGCR,0.05,0.02,0.05,0.06,0.15,370,,,,,,,,,,,
06/18/2021,SOFR,0.05,0,0.04,0.06,0.15,921,,,,,,,,,,,
06/17/2021,EFFR,0.1,0.05,0.09,0.1,0.11,64,0,0.25,,,,,,,,,
06/17/2021,OBFR,0.08,0.04,0.08,0.09,0.14,226,,,,,,,,,,,
06/17/2021,TGCR,0.05,0.02,0.05,0.06,0.15,347,,,,,,,,,,,
06/17/2021,BGCR,0.05,0.02,0.05,0.06,0.15,393,,,,,,,,,,,
06/17/2021,SOFR,0.05,0,0.04,0.06,0.15,998,,,,,,,,,,,
06/16/2021,EFFR,0.06,0.04,0.05,0.07,0.1,62,0,0.25,,,,,,,,,
06/16/2021,OBFR,0.04,0.02,0.04,0.06,0.1,242,,,,,,,,,,,
06/16/2021,TGCR,0.01,0,0.01,0.01,0.15,352,,,,,,,,,,,
06/16/2021,BGCR,0.01,0,0.01,0.01,0.15,375,,,,,,,,,,,
06/16/2021,SOFR,0.01,-0.02,0,0.01,0.15,900,,,,,,,,,,,
06/15/2021,EFFR,0.06,0.04,0.05,0.07,0.1,60,0,0.25,,,,,,,,,
06/15/2021,OBFR,0.04,0.02,0.04,0.06,0.1,248,,,,,,,,,,,
06/15/2021,TGCR,0.01,0,0.01,0.01,0.15,355,,,,,,,,,,,
06/15/2021,BGCR,0.01,0,0.01,0.01,0.15,381,,,,,,,,,,,
06/15/2021,SOFR,0.01,-0.02,0,0.01,0.15,905,,,,,,,,,,,
06/14/2021,EFFR,0.06,0.04,0.05,0.07,0.1,58,0,0.25,,,,,,,,,
06/14/2021,OBFR,0.04,0.02,0.04,0.05,0.1,251,,,,,,,,,,,
06/14/2021,TGCR,0.01,0,0.01,0.01,0.15,346,,,,,,,,,,,
06/14/2021,BGCR,0.01,0,0.01,0.01,0.15,367,,,,,,,,,,,
06/14/2021,SOFR,0.01,-0.04,0,0.01,0.15,877,,,,,,,,,,,
06/11/2021,EFFR,0.06,0.04,0.05,0.07,0.1,60,0,0.25,,,,,,,,,
06/11/2021,OBFR,0.04,0.02,0.04,0.06,0.1,252,,,,,,,,,,,
06/11/2021,TGCR,0.01,0,0.01,0.01,0.15,350,,,,,,,,,,,
06/11/2021,BGCR,0.01,0,0.01,0.01,0.15,370,,,,,,,,,,,
06/11/2021,SOFR,0.01,-0.02,0,0.01,0.15,834,,,,,,,,,,,
06/10/2021,EFFR,0.06,0.04,0.05,0.07,0.1,63,0,0.25,,,,,,,,,
06/10/2021,OBFR,0.04,0.02,0.04,0.06,0.1,249,,,,,,,,,,,
06/10/2021,TGCR,0.01,0,0.01,0.01,0.15,358,,,,,,,,,,,
06/10/2021,BGCR,0.01,0,0.01,0.01,0.15,386,,,,,,,,,,,
06/10/2021,SOFR,0.01,-0.02,0.01,0.01,0.15,904,,,,,,,,,,,
06/09/2021,EFFR,0.06,0.04,0.05,0.07,0.1,64,0,0.25,,,,,,,,,
06/09/2021,OBFR,0.04,0.03,0.04,0.05,0.1,259,,,,,,,,,,,
06/09/2021,TGCR,0.01,0,0.01,0.01,0.15,355,,,,,,,,,,,
06/09/2021,BGCR,0.01,0,0.01,0.01,0.15,374,,,,,,,,,,,
06/09/2021,SOFR,0.01,-0.03,0,0.01,0.15,896,,,,,,,,,,,
06/08/2021,EFFR,0.06,0.04,0.05,0.07,0.1,64,0,0.25,,,,,,,,,
06/08/2021,OBFR,0.04,0.02,0.04,0.06,0.1,254,,,,,,,,,,,
06/08/2021,TGCR,0.01,0,0.01,0.01,0.15,356,,,,,,,,,,,
06/08/2021,BGCR,0.01,0,0.01,0.01,0.15,381,,,,,,,,,,,
06/08/2021,SOFR,0.01,-0.03,0,0.01,0.15,896,,,,,,,,,,,
06/07/2021,EFFR,0.06,0.04,0.05,0.06,0.1,67,0,0.25,,,,,,,,,
06/07/2021,OBFR,0.04,0.03,0.04,0.06,0.1,267,,,,,,,,,,,
06/07/2021,TGCR,0.01,0,0.01,0.01,0.15,360,,,,,,,,,,,
06/07/2021,BGCR,0.01,0,0.01,0.01,0.15,387,,,,,,,,,,,
06/07/2021,SOFR,0.01,-0.03,0,0.01,0.15,921,,,,,,,,,,,
06/04/2021,EFFR,0.06,0.04,0.05,0.07,0.1,68,0,0.25,,,,,,,,,
06/04/2021,OBFR,0.04,0.03,0.04,0.06,0.1,262,,,,,,,,,,,
06/04/2021,TGCR,0.01,0,0.01,0.01,0.15,356,,,,,,,,,,,
06/04/2021,BGCR,0.01,0,0.01,0.01,0.15,381,,,,,,,,,,,
06/04/2021,SOFR,0.01,-0.02,0.01,0.01,0.15,898,,,,,,,,,,,
06/03/2021,EFFR,0.06,0.04,0.05,0.07,0.1,69,0,0.25,,,,,,,,,
06/03/2021,OBFR,0.04,0.03,0.04,0.05,0.1,272,,,,,,,,,,,
06/03/2021,TGCR,0.01,0,0.01,0.01,0.15,360,,,,,,,,,,,
06/03/2021,BGCR,0.01,0,0.01,0.01,0.15,391,,,,,,,,,,,
06/03/2021,SOFR,0.01,-0.02,0.01,0.01,0.15,903,,,,,,,,,,,
06/02/2021,EFFR,0.06,0.04,0.05,0.07,0.1,70,0,0.25,,,,,,,,,
06/02/2021,OBFR,0.05,0.03,0.04,0.06,0.12,250,,,,,,,,,,,
06/02/2021,TGCR,0.01,0,0.01,0.01,0.15,371,,,,,,,,,,,
06/02/2021,BGCR,0.01,0,0.01,0.01,0.15,408,,,,,,,,,,,
06/02/2021,SOFR,0.01,-0.03,0.01,0.01,0.15,953,,,,,,,,,,,
06/01/2021,EFFR,0.06,0.04,0.05,0.07,0.14,60,0,0.25,,,,,,,,,
06/01/2021,OBFR,0.04,0.02,0.04,0.06,0.14,233,,,,,,,,,,,
06/01/2021,TGCR,0.01,0,0.01,0.01,0.15,366,,,,,,,,,,,
06/01/2021,BGCR,0.01,0,0.01,0.01,0.15,404,,,,,,,,,,,
06/01/2021,SOFR,0.01,-0.03,0,0.01,0.15,977,,,,,,,,,,,
05/28/2021,EFFR,0.05,0.01,0.03,0.07,0.12,61,0,0.25,,,,,,,,,
05/28/2021,OBFR,0.03,0.01,0.02,0.05,0.12,219,,,,,,,,,,,
05/28/2021,TGCR,0.01,0,0.01,0.01,0.15,355,,,,,,,,,,,
05/28/2021,BGCR,0.01,-0.01,0.01,0.01,0.15,378,,,,,,,,,,,
05/28/2021,SOFR,0.01,-0.05,-0.01,0.01,0.15,868,,,,,,,,,,,
05/27/2021,EFFR,0.06,0.04,0.05,0.07,0.1,67,0,0.25,,,,,,,,,
05/27/2021,OBFR,0.04,0.02,0.04,0.06,0.12,243,,,,,,,,,,,
05/27/2021,TGCR,0.01,0,0.01,0.01,0.15,356,,,,,,,,,,,
05/27/2021,BGCR,0.01,-0.01,0.01,0.01,0.15,376,,,,,,,,,,,
05/27/2021,SOFR,0.01,-0.05,-0.01,0.01,0.15,877,,,,,,,,,,,
05/26/2021,EFFR,0.06,0.04,0.05,0.07,0.12,64,0,0.25,,,,,,,,,
05/26/2021,OBFR,0.04,0.02,0.04,0.05,0.12,262,,,,,,,,,,,
05/26/2021,TGCR,0.01,0,0.01,0.01,0.15,349,,,,,,,,,,,
05/26/2021,BGCR,0.01,0,0.01,0.01,0.15,372,,,,,,,,,,,
05/26/2021,SOFR,0.01,-0.05,-0.01,0.01,0.15,869,,,,,,,,,,,
05/25/2021,EFFR,0.06,0.03,0.05,0.07,0.11,65,0,0.25,,,,,,,,,
05/25/2021,OBFR,0.04,0.02,0.04,0.05,0.11,261,,,,,,,,,,,
05/25/2021,TGCR,0.01,0,0.01,0.01,0.15,353,,,,,,,,,,,
05/25/2021,BGCR,0.01,0,0.01,0.01,0.15,376,,,,,,,,,,,
05/25/2021,SOFR,0.01,-0.05,-0.01,0.01,0.15,877,,,,,,,,,,,
05/24/2021,EFFR,0.06,0.04,0.05,0.07,0.1,64,0,0.25,,,,,,,,,
05/24/2021,OBFR,0.05,0.02,0.04,0.05,0.12,265,,,,,,,,,,,
05/24/2021,TGCR,0.01,0,0.01,0.01,0.15,350,,,,,,,,,,,
05/24/2021,BGCR,0.01,-0.01,0.01,0.01,0.15,372,,,,,,,,,,,
05/24/2021,SOFR,0.01,-0.05,-0.01,0.01,0.15,858,,,,,,,,,,,
05/21/2021,EFFR,0.06,0.04,0.05,0.07,0.1,65,0,0.25,,,,,,,,,
05/21/2021,OBFR,0.05,0.02,0.04,0.05,0.11,270,,,,,,,,,,,
05/21/2021,TGCR,0.01,0,0.01,0.01,0.15,350,,,,,,,,,,,
05/21/2021,BGCR,0.01,-0.01,0.01,0.01,0.15,370,,,,,,,,,,,
05/21/2021,SOFR,0.01,-0.05,-0.01,0.01,0.15,857,,,,,,,,,,,
05/20/2021,EFFR,0.06,0.05,0.05,0.07,0.1,66,0,0.25,,,,,,,,,
05/20/2021,OBFR,0.05,0.03,0.04,0.05,0.11,259,,,,,,,,,,,
05/20/2021,TGCR,0.01,0,0.01,0.01,0.15,358,,,,,,,,,,,
05/20/2021,BGCR,0.01,0,0.01,0.01,0.15,372,,,,,,,,,,,
05/20/2021,SOFR,0.01,-0.04,0,0.01,0.15,872,,,,,,,,,,,
05/19/2021,EFFR,0.06,0.04,0.05,0.07,0.1,60,0,0.25,,,,,,,,,
05/19/2021,OBFR,0.05,0.03,0.04,0.05,0.1,249,,,,,,,,,,,
05/19/2021,TGCR,0.01,0,0.01,0.01,0.15,351,,,,,,,,,,,
05/19/2021,BGCR,0.01,0,0.01,0.01,0.15,368,,,,,,,,,,,
05/19/2021,SOFR,0.01,-0.04,0,0.01,0.15,891,,,,,,,,,,,
05/18/2021,EFFR,0.06,0.04,0.05,0.07,0.1,63,0,0.25,,,,,,,,,
05/18/2021,OBFR,0.05,0.03,0.04,0.06,0.1,266,,,,,,,,,,,
05/18/2021,TGCR,0.01,0,0.01,0.01,0.15,351,,,,,,,,,,,
05/18/2021,BGCR,0.01,0,0.01,0.01,0.15,371,,,,,,,,,,,
05/18/2021,SOFR,0.01,-0.03,0,0.01,0.15,888,,,,,,,,,,,
05/17/2021,EFFR,0.06,0.03,0.05,0.07,0.1,63,0,0.25,,,,,,,,,
05/17/2021,OBFR,0.05,0.03,0.04,0.05,0.1,267,,,,,,,,,,,
05/17/2021,TGCR,0.01,0,0.01,0.01,0.15,346,,,,,,,,,,,
05/17/2021,BGCR,0.01,0,0.01,0.01,0.15,363,,,,,,,,,,,
05/17/2021,SOFR,0.01,-0.03,0,0.01,0.15,902,,,,,,,,,,,
05/14/2021,EFFR,0.06,0.04,0.05,0.07,0.1,62,0,0.25,,,,,,,,,
05/14/2021,OBFR,0.05,0.03,0.04,0.05,0.1,245,,,,,,,,,,,
05/14/2021,TGCR,0.01,0,0.01,0.01,0.15,348,,,,,,,,,,,
05/14/2021,BGCR,0.01,0,0.01,0.01,0.15,370,,,,,,,,,,,
05/14/2021,SOFR,0.01,-0.04,-0.01,0.01,0.15,865,,,,,,,,,,,
05/13/2021,EFFR,0.06,0.04,0.05,0.07,0.1,63,0,0.25,,,,,,,,,
05/13/2021,OBFR,0.05,0.02,0.04,0.05,0.1,253,,,,,,,,,,,
05/13/2021,TGCR,0.01,0,0.01,0.01,0.15,349,,,,,,,,,,,
05/13/2021,BGCR,0.01,-0.01,0.01,0.01,0.15,372,,,,,,,,,,,
05/13/2021,SOFR,0.01,-0.03,0,0.01,0.15,860,,,,,,,,,,,
05/12/2021,EFFR,0.06,0.04,0.05,0.07,0.1,67,0,0.25,,,,,,,,,
05/12/2021,OBFR,0.05,0.03,0.04,0.05,0.1,253,,,,,,,,,,,
05/12/2021,TGCR,0.01,0,0.01,0.01,0.15,352,,,,,,,,,,,
05/12/2021,BGCR,0.01,0,0.01,0.01,0.15,378,,,,,,,,,,,
05/12/2021,SOFR,0.01,-0.03,0,0.01,0.15,895,,,,,,,,,,,
05/11/2021,EFFR,0.06,0.04,0.05,0.07,0.1,64,0,0.25,,,,,,,,,
05/11/2021,OBFR,0.05,0.03,0.04,0.05,0.1,261,,,,,,,,,,,
05/11/2021,TGCR,0.01,0,0.01,0.01,0.15,359,,,,,,,,,,,
05/11/2021,BGCR,0.01,0,0.01,0.01,0.15,383,,,,,,,,,,,
05/11/2021,SOFR,0.01,-0.02,0.01,0.01,0.15,865,,,,,,,,,,,
05/10/2021,EFFR,0.06,0.04,0.05,0.07,0.1,66,0,0.25,,,,,,,,,
05/10/2021,OBFR,0.05,0.03,0.04,0.05,0.1,271,,,,,,,,,,,
05/10/2021,TGCR,0.01,0,0.01,0.01,0.15,350,,,,,,,,,,,
05/10/2021,BGCR,0.01,0,0.01,0.01,0.15,374,,,,,,,,,,,
05/10/2021,SOFR,0.01,-0.02,0.01,0.01,0.15,869,,,,,,,,,,,
05/07/2021,EFFR,0.06,0.04,0.05,0.07,0.1,69,0,0.25,,,,,,,,,
05/07/2021,OBFR,0.05,0.03,0.05,0.05,0.1,258,,,,,,,,,,,
05/07/2021,TGCR,0.01,0,0.01,0.01,0.15,348,,,,,,,,,,,
05/07/2021,BGCR,0.01,0,0.01,0.01,0.15,374,,,,,,,,,,,
05/07/2021,SOFR,0.01,-0.02,0.01,0.01,0.15,869,,,,,,,,,,,
05/06/2021,EFFR,0.06,0.04,0.05,0.07,0.1,72,0,0.25,,,,,,,,,
05/06/2021,OBFR,0.05,0.03,0.05,0.05,0.1,261,,,,,,,,,,,
05/06/2021,TGCR,0.01,0,0.01,0.01,0.15,349,,,,,,,,,,,
05/06/2021,BGCR,0.01,0,0.01,0.01,0.15,368,,,,,,,,,,,
05/06/2021,SOFR,0.01,-0.02,0.01,0.01,0.15,883,,,,,,,,,,,
05/05/2021,EFFR,0.06,0.04,0.05,0.07,0.13,73,0,0.25,,,,,,,,,
05/05/2021,OBFR,0.05,0.03,0.05,0.06,0.13,244,,,,,,,,,,,
05/05/2021,TGCR,0.01,0,0.01,0.01,0.15,343,,,,,,,,,,,
05/05/2021,BGCR,0.01,0,0.01,0.01,0.15,363,,,,,,,,,,,
05/05/2021,SOFR,0.01,-0.02,0.01,0.01,0.15,841,,,,,,,,,,,
05/04/2021,EFFR,0.06,0.04,0.05,0.07,0.1,73,0,0.25,,,,,,,,,
05/04/2021,OBFR,0.05,0.03,0.05,0.06,0.11,257,,,,,,,,,,,
05/04/2021,TGCR,0.01,0,0.01,0.01,0.15,344,,,,,,,,,,,
05/04/2021,BGCR,0.01,0,0.01,0.01,0.15,371,,,,,,,,,,,
05/04/2021,SOFR,0.01,-0.02,0.01,0.01,0.15,895,,,,,,,,,,,
05/03/2021,EFFR,0.06,0.04,0.05,0.07,0.13,74,0,0.25,,,,,,,,,
05/03/2021,OBFR,0.05,0.02,0.05,0.06,0.13,248,,,,,,,,,,,
05/03/2021,TGCR,0.01,0,0.01,0.01,0.15,349,,,,,,,,,,,
05/03/2021,BGCR,0.01,0,0.01,0.01,0.15,376,,,,,,,,,,,
05/03/2021,SOFR,0.01,-0.02,0.01,0.01,0.15,930,,,,,,,,,,,
04/30/2021,EFFR,0.05,0.02,0.03,0.07,0.1,70,0,0.25,,,,,,,,,
04/30/2021,OBFR,0.03,0.01,0.02,0.05,0.11,235,,,,,,,,,,,
04/30/2021,TGCR,0.01,0,0.01,0.01,0.15,351,,,,,,,,,,,
04/30/2021,BGCR,0.01,0,0.01,0.01,0.15,377,,,,,,,,,,,
04/30/2021,SOFR,0.01,-0.02,0,0.01,0.15,924,,,,,,,,,,,
04/29/2021,EFFR,0.06,0.04,0.05,0.08,0.1,72,0,0.25,,,,,,,,,
04/29/2021,OBFR,0.05,0.02,0.05,0.06,0.1,269,,,,,,,,,,,
04/29/2021,TGCR,0.01,0,0.01,0.01,0.15,349,,,,,,,,,,,
04/29/2021,BGCR,0.01,0,0.01,0.01,0.15,373,,,,,,,,,,,
04/29/2021,SOFR,0.01,-0.03,0,0.01,0.15,838,,,,,,,,,,,
04/28/2021,EFFR,0.07,0.05,0.05,0.08,0.1,67,0,0.25,,,,,,,,,
04/28/2021,OBFR,0.05,0.03,0.05,0.06,0.1,259,,,,,,,,,,,
04/28/2021,TGCR,0.01,0,0.01,0.01,0.15,354,,,,,,,,,,,
04/28/2021,BGCR,0.01,0,0.01,0.01,0.15,375,,,,,,,,,,,
04/28/2021,SOFR,0.01,-0.03,0,0.01,0.15,847,,,,,,,,,,,
04/27/2021,EFFR,0.07,0.05,0.06,0.08,0.1,65,0,0.25,,,,,,,,,
04/27/2021,OBFR,0.06,0.03,0.05,0.06,0.1,265,,,,,,,,,,,
04/27/2021,TGCR,0.01,0,0.01,0.01,0.15,354,,,,,,,,,,,
04/27/2021,BGCR,0.01,0,0.01,0.01,0.15,376,,,,,,,,,,,
04/27/2021,SOFR,0.01,-0.03,0,0.01,0.15,879,,,,,,,,,,,
04/26/2021,EFFR,0.07,0.05,0.06,0.07,0.1,72,0,0.25,,,,,,,,,
04/26/2021,OBFR,0.06,0.03,0.06,0.06,0.1,276,,,,,,,,,,,
04/26/2021,TGCR,0.01,0,0.01,0.01,0.15,350,,,,,,,,,,,
04/26/2021,BGCR,0.01,0,0.01,0.01,0.15,369,,,,,,,,,,,
04/26/2021,SOFR,0.01,-0.03,0,0.01,0.15,875,,,,,,,,,,,
04/23/2021,EFFR,0.07,0.05,0.06,0.08,0.1,66,0,0.25,,,,,,,,,
04/23/2021,OBFR,0.06,0.03,0.06,0.07,0.11,259,,,,,,,,,,,
04/23/2021,TGCR,0.01,0,0.01,0.01,0.15,352,,,,,,,,,,,
04/23/2021,BGCR,0.01,0,0.01,0.01,0.15,380,,,,,,,,,,,
04/23/2021,SOFR,0.01,-0.02,0,0.01,0.15,871,,,,,,,,,,,
04/22/2021,EFFR,0.07,0.05,0.06,0.08,0.1,70,0,0.25,,,,,,,,,
04/22/2021,OBFR,0.06,0.03,0.06,0.07,0.11,263,,,,,,,,,,,
04/22/2021,TGCR,0.01,0,0.01,0.01,0.15,356,,,,,,,,,,,
04/22/2021,BGCR,0.01,0,0.01,0.01,0.15,380,,,,,,,,,,,
04/22/2021,SOFR,0.01,-0.02,0,0.01,0.15,870,,,,,,,,,,,
04/21/2021,EFFR,0.07,0.05,0.06,0.08,0.1,72,0,0.25,,,,,,,,,
04/21/2021,OBFR,0.06,0.03,0.06,0.07,0.1,250,,,,,,,,,,,
04/21/2021,TGCR,0.01,0,0.01,0.01,0.15,346,,,,,,,,,,,
04/21/2021,BGCR,0.01,0,0.01,0.01,0.15,371,,,,,,,,,,,
04/21/2021,SOFR,0.01,-0.03,0,0.01,0.15,882,,,,,,,,,,,
04/20/2021,EFFR,0.07,0.05,0.06,0.08,0.1,70,0,0.25,,,,,,,,,
04/20/2021,OBFR,0.06,0.03,0.06,0.07,0.1,256,,,,,,,,,,,
04/20/2021,TGCR,0.01,0,0.01,0.01,0.15,351,,,,,,,,,,,
04/20/2021,BGCR,0.01,0,0.01,0.01,0.15,375,,,,,,,,,,,
04/20/2021,SOFR,0.01,-0.03,0,0.01,0.15,896,,,,,,,,,,,
04/19/2021,EFFR,0.07,0.05,0.06,0.08,0.1,65,0,0.25,,,,,,,,,
04/19/2021,OBFR,0.06,0.03,0.06,0.07,0.1,248,,,,,,,,,,,
04/19/2021,TGCR,0.01,0,0.01,0.01,0.15,351,,,,,,,,,,,
04/19/2021,BGCR,0.01,0,0.01,0.01,0.15,380,,,,,,,,,,,
04/19/2021,SOFR,0.01,-0.03,0,0.01,0.15,919,,,,,,,,,,,
04/16/2021,EFFR,0.07,0.05,0.06,0.08,0.1,66,0,0.25,,,,,,,,,
04/16/2021,OBFR,0.06,0.03,0.06,0.07,0.1,246,,,,,,,,,,,
04/16/2021,TGCR,0.01,0,0.01,0.01,0.15,358,,,,,,,,,,,
04/16/2021,BGCR,0.01,0,0.01,0.01,0.15,387,,,,,,,,,,,
04/16/2021,SOFR,0.01,-0.02,0,0.01,0.15,913,,,,,,,,,,,
04/15/2021,EFFR,0.07,0.05,0.06,0.08,0.1,66,0,0.25,,,,,,,,,
04/15/2021,OBFR,0.06,0.03,0.06,0.07,0.1,242,,,,,,,,,,,
04/15/2021,TGCR,0.01,0,0.01,0.01,0.15,359,,,,,,,,,,,
04/15/2021,BGCR,0.01,0,0.01,0.01,0.15,384,,,,,,,,,,,
04/15/2021,SOFR,0.01,-0.02,0.01,0.01,0.15,928,,,,,,,,,,,
04/14/2021,EFFR,0.07,0.05,0.06,0.08,0.1,68,0,0.25,,,,,,,,,
04/14/2021,OBFR,0.06,0.03,0.06,0.07,0.1,235,,,,,,,,,,,
04/14/2021,TGCR,0.01,0,0.01,0.01,0.15,354,,,,,,,,,,,
04/14/2021,BGCR,0.01,-0.01,0.01,0.01,0.15,376,,,,,,,,,,,
04/14/2021,SOFR,0.01,-0.03,0,0.01,0.15,883,,,,,,,,,,,
04/13/2021,EFFR,0.07,0.05,0.06,0.08,0.1,67,0,0.25,,,,,,,,,
04/13/2021,OBFR,0.06,0.03,0.06,0.07,0.1,242,,,,,,,,,,,
04/13/2021,TGCR,0.01,0,0.01,0.01,0.15,354,,,,,,,,,,,
04/13/2021,BGCR,0.01,0,0.01,0.01,0.15,379,,,,,,,,,,,
04/13/2021,SOFR,0.01,-0.02,0,0.01,0.15,894,,,,,,,,,,,
04/12/2021,EFFR,0.07,0.05,0.06,0.08,0.1,68,0,0.25,,,,,,,,,
04/12/2021,OBFR,0.06,0.04,0.06,0.07,0.11,252,,,,,,,,,,,
04/12/2021,TGCR,0.01,0,0.01,0.01,0.15,350,,,,,,,,,,,
04/12/2021,BGCR,0.01,0,0.01,0.01,0.15,377,,,,,,,,,,,
04/12/2021,SOFR,0.01,-0.02,0,0.01,0.15,863,,,,,,,,,,,
04/09/2021,EFFR,0.07,0.05,0.06,0.08,0.1,69,0,0.25,,,,,,,,,
04/09/2021,OBFR,0.06,0.04,0.06,0.07,0.1,244,,,,,,,,,,,
04/09/2021,TGCR,0.01,0,0.01,0.01,0.15,346,,,,,,,,,,,
04/09/2021,BGCR,0.01,0,0.01,0.01,0.15,366,,,,,,,,,,,
04/09/2021,SOFR,0.01,-0.02,0,0.01,0.15,867,,,,,,,,,,,
04/08/2021,EFFR,0.07,0.04,0.06,0.08,0.1,75,0,0.25,,,,,,,,,
04/08/2021,OBFR,0.06,0.03,0.06,0.07,0.12,257,,,,,,,,,,,
04/08/2021,TGCR,0.01,0,0.01,0.01,0.15,350,,,,,,,,,,,
04/08/2021,BGCR,0.01,0,0.01,0.01,0.15,370,,,,,,,,,,,
04/08/2021,SOFR,0.01,-0.01,0.01,0.01,0.15,896,,,,,,,,,,,
04/07/2021,EFFR,0.07,0.05,0.06,0.08,0.1,73,0,0.25,,,,,,,,,
04/07/2021,OBFR,0.06,0.04,0.06,0.07,0.11,256,,,,,,,,,,,
04/07/2021,TGCR,0.01,0.01,0.01,0.01,0.15,341,,,,,,,,,,,
04/07/2021,BGCR,0.01,0.01,0.01,0.01,0.15,366,,,,,,,,,,,
04/07/2021,SOFR,0.01,0,0.01,0.02,0.15,924,,,,,,,,,,,
04/06/2021,EFFR,0.07,0.05,0.06,0.08,0.1,74,0,0.25,,,,,,,,,
04/06/2021,OBFR,0.07,0.04,0.06,0.07,0.13,255,,,,,,,,,,,
04/06/2021,TGCR,0.01,0.01,0.01,0.01,0.15,349,,,,,,,,,,,
04/06/2021,BGCR,0.01,0.01,0.01,0.01,0.15,378,,,,,,,,,,,
04/06/2021,SOFR,0.01,0,0.01,0.04,0.15,979,,,,,,,,,,,
04/05/2021,EFFR,0.07,0.05,0.06,0.08,0.1,73,0,0.25,,,,,,,,,
04/05/2021,OBFR,0.07,0.04,0.06,0.07,0.12,262,,,,,,,,,,,
04/05/2021,TGCR,0.01,0.01,0.01,0.01,0.15,338,,,,,,,,,,,
04/05/2021,BGCR,0.01,0.01,0.01,0.01,0.15,368,,,,,,,,,,,
04/05/2021,SOFR,0.01,0,0.01,0.04,0.15,985,,,,,,,,,,,
04/02/2021,EFFR,0.07,0.05,0.06,0.08,0.1,72,0,0.25,,,,,,,,,
04/02/2021,OBFR,0.07,0.03,0.06,0.08,0.1,92,,,,,,,,,,,
04/01/2021,EFFR,0.07,0.05,0.06,0.08,0.1,72,0,0.25,,,,,,,,,
04/01/2021,OBFR,0.07,0.03,0.06,0.08,0.1,95,,,,,,,,,,,
04/01/2021,TGCR,0.01,0,0.01,0.01,0.15,333,,,,,,,,,,,
04/01/2021,BGCR,0.01,0,0.01,0.01,0.15,364,,,,,,,,,,,
04/01/2021,SOFR,0.01,0,0.01,0.03,0.15,989,,,,,,,,,,,
03/31/2021,EFFR,0.06,0.02,0.05,0.07,0.1,56,0,0.25,,,,,,,,,
03/31/2021,OBFR,0.05,0.01,0.02,0.07,0.14,148,,,,,,,,,,,
03/31/2021,TGCR,0.01,0,0.01,0.01,0.15,324,,,,,,,,,,,
03/31/2021,BGCR,0.01,0,0.01,0.01,0.15,348,,,,,,,,,,,
03/31/2021,SOFR,0.01,-0.02,0,0.01,0.15,931,,,,,,,,,,,
03/30/2021,EFFR,0.07,0.05,0.06,0.08,0.1,76,0,0.25,,,,,,,,,
03/30/2021,OBFR,0.07,0.03,0.06,0.07,0.11,246,,,,,,,,,,,
03/30/2021,TGCR,0.01,0,0.01,0.01,0.15,324,,,,,,,,,,,
03/30/2021,BGCR,0.01,-0.04,0.01,0.01,0.15,338,,,,,,,,,,,
03/30/2021,SOFR,0.01,-0.02,0.01,0.02,0.15,808,,,,,,,,,,,
03/29/2021,EFFR,0.07,0.05,0.07,0.08,0.1,74,0,0.25,,,,,,,,,
03/29/2021,OBFR,0.07,0.03,0.06,0.07,0.11,252,,,,,,,,,,,
03/29/2021,TGCR,0.01,0.01,0.01,0.01,0.15,329,,,,,,,,,,,
03/29/2021,BGCR,0.01,0,0.01,0.01,0.15,348,,,,,,,,,,,
03/29/2021,SOFR,0.01,0,0.01,0.03,0.15,858,,,,,,,,,,,
03/26/2021,EFFR,0.07,0.05,0.07,0.08,0.1,75,0,0.25,,,,,,,,,
03/26/2021,OBFR,0.07,0.04,0.06,0.07,0.11,252,,,,,,,,,,,
03/26/2021,TGCR,0.01,0.01,0.01,0.01,0.15,347,,,,,,,,,,,
03/26/2021,BGCR,0.01,0.01,0.01,0.01,0.15,374,,,,,,,,,,,
03/26/2021,SOFR,0.01,0,0.01,0.03,0.15,924,,,,,,,,,,,
03/25/2021,EFFR,0.07,0.05,0.07,0.08,0.1,79,0,0.25,,,,,,,,,
03/25/2021,OBFR,0.07,0.04,0.07,0.07,0.12,270,,,,,,,,,,,
03/25/2021,TGCR,0.01,0.01,0.01,0.01,0.15,351,,,,,,,,,,,
03/25/2021,BGCR,0.01,0.01,0.01,0.01,0.15,385,,,,,,,,,,,
03/25/2021,SOFR,0.01,0,0.01,0.03,0.15,956,,,,,,,,,,,
03/24/2021,EFFR,0.07,0.05,0.07,0.08,0.1,70,0,0.25,,,,,,,,,
03/24/2021,OBFR,0.07,0.03,0.07,0.07,0.13,248,,,,,,,,,,,
03/24/2021,TGCR,0.01,0,0.01,0.01,0.15,355,,,,,,,,,,,
03/24/2021,BGCR,0.01,0,0.01,0.01,0.15,393,,,,,,,,,,,
03/24/2021,SOFR,0.01,-0.01,0.01,0.01,0.15,895,,,,,,,,,,,
03/23/2021,EFFR,0.07,0.05,0.07,0.08,0.1,71,0,0.25,,,,,,,,,
03/23/2021,OBFR,0.07,0.04,0.07,0.07,0.12,247,,,,,,,,,,,
03/23/2021,TGCR,0.01,-0.01,0.01,0.01,0.15,349,,,,,,,,,,,
03/23/2021,BGCR,0.01,0,0.01,0.01,0.15,383,,,,,,,,,,,
03/23/2021,SOFR,0.01,-0.03,0,0.01,0.15,896,,,,,,,,,,,
03/22/2021,EFFR,0.07,0.05,0.07,0.08,0.13,68,0,0.25,,,,,,,,,
03/22/2021,OBFR,0.07,0.03,0.07,0.07,0.13,241,,,,,,,,,,,
03/22/2021,TGCR,0.01,0,0.01,0.01,0.15,332,,,,,,,,,,,
03/22/2021,BGCR,0.01,0,0.01,0.01,0.15,358,,,,,,,,,,,
03/22/2021,SOFR,0.01,-0.05,0,0.01,0.15,869,,,,,,,,,,,
03/19/2021,EFFR,0.07,0.05,0.07,0.08,0.1,72,0,0.25,,,,,,,,,
03/19/2021,OBFR,0.07,0.03,0.07,0.07,0.13,226,,,,,,,,,,,
03/19/2021,TGCR,0.01,-0.01,0.01,0.01,0.15,337,,,,,,,,,,,
03/19/2021,BGCR,0.01,-0.01,0.01,0.01,0.15,362,,,,,,,,,,,
03/19/2021,SOFR,0.01,-0.04,0,0.01,0.15,865,,,,,,,,,,,
03/18/2021,EFFR,0.07,0.05,0.07,0.08,0.1,75,0,0.25,,,,,,,,,
03/18/2021,OBFR,0.07,0.03,0.07,0.07,0.13,239,,,,,,,,,,,
03/18/2021,TGCR,0.01,0,0.01,0.01,0.15,339,,,,,,,,,,,
03/18/2021,BGCR,0.01,-0.03,0.01,0.01,0.15,363,,,,,,,,,,,
03/18/2021,SOFR,0.01,-0.03,0.01,0.01,0.15,868,,,,,,,,,,,
03/17/2021,EFFR,0.07,0.05,0.07,0.08,0.1,72,0,0.25,,,,,,,,,
03/17/2021,OBFR,0.07,0.03,0.07,0.07,0.14,222,,,,,,,,,,,
03/17/2021,TGCR,0.01,0,0.01,0.01,0.15,331,,,,,,,,,,,
03/17/2021,BGCR,0.01,0,0.01,0.01,0.15,363,,,,,,,,,,,
03/17/2021,SOFR,0.01,-0.01,0.01,0.01,0.15,883,,,,,,,,,,,
03/16/2021,EFFR,0.07,0.05,0.07,0.08,0.1,69,0,0.25,,,,,,,,,
03/16/2021,OBFR,0.07,0.03,0.07,0.07,0.14,220,,,,,,,,,,,
03/16/2021,TGCR,0.01,0,0.01,0.01,0.15,342,,,,,,,,,,,
03/16/2021,BGCR,0.01,0,0.01,0.01,0.15,367,,,,,,,,,,,
03/16/2021,SOFR,0.01,-0.01,0.01,0.01,0.15,914,,,,,,,,,,,
03/15/2021,EFFR,0.07,0.05,0.07,0.08,0.1,70,0,0.25,,,,,,,,,
03/15/2021,OBFR,0.07,0.03,0.07,0.07,0.13,213,,,,,,,,,,,
03/15/2021,TGCR,0.01,0.01,0.01,0.01,0.15,344,,,,,,,,,,,
03/15/2021,BGCR,0.01,0.01,0.01,0.01,0.15,364,,,,,,,,,,,
03/15/2021,SOFR,0.01,0,0.01,0.02,0.15,898,,,,,,,,,,,
03/12/2021,EFFR,0.07,0.05,0.07,0.08,0.1,63,0,0.25,,,,,,,,,
03/12/2021,OBFR,0.07,0.03,0.07,0.07,0.13,217,,,,,,,,,,,
03/12/2021,TGCR,0.01,-0.01,0.01,0.01,0.15,342,,,,,,,,,,,
03/12/2021,BGCR,0.01,-0.01,0.01,0.01,0.15,369,,,,,,,,,,,
03/12/2021,SOFR,0.01,-0.03,0,0.01,0.15,889,,,,,,,,,,,
03/11/2021,EFFR,0.07,0.04,0.07,0.08,0.1,67,0,0.25,,,,,,,,,
03/11/2021,OBFR,0.07,0.03,0.07,0.07,0.13,216,,,,,,,,,,,
03/11/2021,TGCR,0.01,0.01,0.01,0.01,0.15,346,,,,,,,,,,,
03/11/2021,BGCR,0.01,-0.01,0.01,0.01,0.15,371,,,,,,,,,,,
03/11/2021,SOFR,0.01,-0.01,0.01,0.03,0.15,884,,,,,,,,,,,
03/10/2021,EFFR,0.07,0.05,0.07,0.08,0.1,66,0,0.25,,,,,,,,,
03/10/2021,OBFR,0.07,0.03,0.07,0.07,0.13,228,,,,,,,,,,,
03/10/2021,TGCR,0.01,0.01,0.01,0.01,0.15,344,,,,,,,,,,,
03/10/2021,BGCR,0.01,0.01,0.01,0.01,0.15,365,,,,,,,,,,,
03/10/2021,SOFR,0.02,0,0.01,0.04,0.15,914,,,,,,,,,,,
03/09/2021,EFFR,0.07,0.05,0.07,0.08,0.1,69,0,0.25,,,,,,,,,
03/09/2021,OBFR,0.07,0.03,0.07,0.07,0.14,219,,,,,,,,,,,
03/09/2021,TGCR,0.01,0.01,0.01,0.01,0.15,341,,,,,,,,,,,
03/09/2021,BGCR,0.01,0.01,0.01,0.01,0.15,368,,,,,,,,,,,
03/09/2021,SOFR,0.02,0,0.01,0.03,0.15,914,,,,,,,,,,,
03/08/2021,EFFR,0.07,0.05,0.07,0.08,0.1,66,0,0.25,,,,,,,,,
03/08/2021,OBFR,0.07,0.03,0.07,0.07,0.14,213,,,,,,,,,,,
03/08/2021,TGCR,0.01,0.01,0.01,0.01,0.15,339,,,,,,,,,,,
03/08/2021,BGCR,0.01,0.01,0.01,0.01,0.15,362,,,,,,,,,,,
03/08/2021,SOFR,0.02,0,0.01,0.04,0.15,928,,,,,,,,,,,
03/05/2021,EFFR,0.07,0.05,0.07,0.08,0.1,69,0,0.25,,,,,,,,,
03/05/2021,OBFR,0.07,0.04,0.07,0.07,0.14,210,,,,,,,,,,,
03/05/2021,TGCR,0.01,0.01,0.01,0.01,0.15,339,,,,,,,,,,,
03/05/2021,BGCR,0.01,0.01,0.01,0.01,0.15,364,,,,,,,,,,,
03/05/2021,SOFR,0.02,0,0.01,0.03,0.15,933,,,,,,,,,,,
03/04/2021,EFFR,0.07,0.05,0.07,0.08,0.1,69,0,0.25,,,,,,,,,
03/04/2021,OBFR,0.07,0.03,0.07,0.07,0.13,224,,,,,,,,,,,
03/04/2021,TGCR,0.01,0.01,0.01,0.01,0.15,343,,,,,,,,,,,
03/04/2021,BGCR,0.01,0.01,0.01,0.01,0.15,375,,,,,,,,,,,
03/04/2021,SOFR,0.02,0.01,0.01,0.04,0.15,936,,,,,,,,,,,
03/03/2021,EFFR,0.07,0.05,0.07,0.08,0.1,68,0,0.25,,,,,,,,,
03/03/2021,OBFR,0.07,0.04,0.07,0.07,0.14,215,,,,,,,,,,,
03/03/2021,TGCR,0.03,0.01,0.03,0.03,0.15,342,,,,,,,,,,,
03/03/2021,BGCR,0.03,0.01,0.03,0.03,0.15,374,,,,,,,,,,,
03/03/2021,SOFR,0.04,0.02,0.03,0.06,0.15,897,,,,,,,,,,,
03/02/2021,EFFR,0.07,0.05,0.07,0.08,0.1,68,0,0.25,,,,,,,,,
03/02/2021,OBFR,0.07,0.03,0.07,0.07,0.14,204,,,,,,,,,,,
03/02/2021,TGCR,0.02,0.01,0.02,0.02,0.15,349,,,,,,,,,,,
03/02/2021,BGCR,0.02,0.01,0.02,0.02,0.15,390,,,,,,,,,,,
03/02/2021,SOFR,0.04,0.01,0.02,0.05,0.15,951,,,,,,,,,,,
03/01/2021,EFFR,0.07,0.05,0.07,0.08,0.1,68,0,0.25,,,,,,,,,
03/01/2021,OBFR,0.07,0.03,0.07,0.07,0.14,194,,,,,,,,,,,
03/01/2021,TGCR,0.01,0.01,0.01,0.01,0.15,337,,,,,,,,,,,
03/01/2021,BGCR,0.01,0.01,0.01,0.01,0.15,372,,,,,,,,,,,
03/01/2021,SOFR,0.02,0,0.01,0.04,0.15,988,,,,,,,,,,,
02/26/2021,EFFR,0.07,0.03,0.07,0.08,0.1,71,0,0.25,,,,,,,,,
02/26/2021,OBFR,0.07,0.03,0.06,0.07,0.14,208,,,,,,,,,,,
02/26/2021,TGCR,0.01,0.01,0.01,0.01,0.15,336,,,,,,,,,,,
02/26/2021,BGCR,0.01,0,0.01,0.01,0.15,367,,,,,,,,,,,
02/26/2021,SOFR,0.01,-0.02,0.01,0.01,0.15,889,,,,,,,,,,,
02/25/2021,EFFR,0.07,0.05,0.07,0.08,0.1,77,0,0.25,,,,,,,,,
02/25/2021,OBFR,0.07,0.03,0.07,0.07,0.14,243,,,,,,,,,,,
02/25/2021,TGCR,0.02,0.01,0.02,0.02,0.15,332,,,,,,,,,,,
02/25/2021,BGCR,0.02,0,0.02,0.02,0.15,369,,,,,,,,,,,
02/25/2021,SOFR,0.03,0.01,0.02,0.05,0.15,896,,,,,,,,,,,
02/24/2021,EFFR,0.07,0.05,0.07,0.08,0.11,70,0,0.25,,,,,,,,,
02/24/2021,OBFR,0.07,0.04,0.07,0.07,0.14,212,,,,,,,,,,,
02/24/2021,TGCR,0.01,0.01,0.01,0.01,0.15,340,,,,,,,,,,,
02/24/2021,BGCR,0.01,0.01,0.01,0.01,0.15,371,,,,,,,,,,,
02/24/2021,SOFR,0.02,0.01,0.01,0.04,0.15,870,,,,,,,,,,,
02/23/2021,EFFR,0.07,0.05,0.07,0.08,0.1,70,0,0.25,,,,,,,,,
02/23/2021,OBFR,0.07,0.03,0.07,0.07,0.14,212,,,,,,,,,,,
02/23/2021,TGCR,0.01,0.01,0.01,0.01,0.15,344,,,,,,,,,,,
02/23/2021,BGCR,0.01,0.01,0.01,0.01,0.15,376,,,,,,,,,,,
02/23/2021,SOFR,0.01,0,0.01,0.03,0.15,917,,,,,,,,,,,
02/22/2021,EFFR,0.07,0.05,0.07,0.08,0.1,70,0,0.25,,,,,,,,,
02/22/2021,OBFR,0.07,0.03,0.07,0.07,0.14,206,,,,,,,,,,,
02/22/2021,TGCR,0.02,0.01,0.01,0.02,0.15,327,,,,,,,,,,,
02/22/2021,BGCR,0.02,0.01,0.01,0.02,0.15,360,,,,,,,,,,,
02/22/2021,SOFR,0.03,0.01,0.02,0.04,0.15,860,,,,,,,,,,,
02/19/2021,EFFR,0.07,0.05,0.07,0.08,0.1,71,0,0.25,,,,,,,,,
02/19/2021,OBFR,0.07,0.03,0.07,0.07,0.14,204,,,,,,,,,,,
02/19/2021,TGCR,0.01,0.01,0.01,0.01,0.15,331,,,,,,,,,,,
02/19/2021,BGCR,0.01,0.01,0.01,0.02,0.15,359,,,,,,,,,,,
02/19/2021,SOFR,0.02,0.01,0.01,0.04,0.15,873,,,,,,,,,,,
02/18/2021,EFFR,0.07,0.05,0.07,0.08,0.1,73,0,0.25,,,,,,,,,
02/18/2021,OBFR,0.07,0.04,0.07,0.07,0.14,215,,,,,,,,,,,
02/18/2021,TGCR,0.02,0.01,0.02,0.02,0.15,333,,,,,,,,,,,
02/18/2021,BGCR,0.02,0.01,0.02,0.03,0.15,365,,,,,,,,,,,
02/18/2021,SOFR,0.03,0.02,0.02,0.05,0.15,872,,,,,,,,,,,
02/17/2021,EFFR,0.08,0.05,0.07,0.08,0.1,66,0,0.25,,,,,,,,,
02/17/2021,OBFR,0.07,0.04,0.07,0.08,0.14,199,,,,,,,,,,,
02/17/2021,TGCR,0.05,0.02,0.05,0.05,0.15,343,,,,,,,,,,,
02/17/2021,BGCR,0.05,0.02,0.05,0.05,0.15,373,,,,,,,,,,,
02/17/2021,SOFR,0.06,0.03,0.05,0.08,0.15,957,,,,,,,,,,,
02/16/2021,EFFR,0.08,0.05,0.07,0.08,0.11,65,0,0.25,,,,,,,,,
02/16/2021,OBFR,0.07,0.04,0.07,0.08,0.14,201,,,,,,,,,,,
02/16/2021,TGCR,0.04,0.03,0.04,0.05,0.15,337,,,,,,,,,,,
02/16/2021,BGCR,0.04,0.03,0.04,0.05,0.15,372,,,,,,,,,,,
02/16/2021,SOFR,0.06,0.04,0.05,0.08,0.15,934,,,,,,,,,,,
02/12/2021,EFFR,0.08,0.05,0.07,0.08,0.11,63,0,0.25,,,,,,,,,
02/12/2021,OBFR,0.07,0.04,0.07,0.08,0.14,200,,,,,,,,,,,
02/12/2021,TGCR,0.03,0.02,0.03,0.03,0.15,332,,,,,,,,,,,
02/12/2021,BGCR,0.03,0.02,0.03,0.03,0.15,365,,,,,,,,,,,
02/12/2021,SOFR,0.05,0.02,0.03,0.07,0.15,890,,,,,,,,,,,
02/11/2021,EFFR,0.08,0.05,0.07,0.08,0.1,67,0,0.25,,,,,,,,,
02/11/2021,OBFR,0.07,0.04,0.07,0.08,0.14,206,,,,,,,,,,,
02/11/2021,TGCR,0.04,0.03,0.04,0.04,0.15,332,,,,,,,,,,,
02/11/2021,BGCR,0.04,0.03,0.04,0.04,0.15,362,,,,,,,,,,,
02/11/2021,SOFR,0.06,0.03,0.04,0.08,0.15,891,,,,,,,,,,,
02/10/2021,EFFR,0.08,0.05,0.07,0.08,0.1,68,0,0.25,,,,,,,,,
02/10/2021,OBFR,0.07,0.05,0.07,0.08,0.14,200,,,,,,,,,,,
02/10/2021,TGCR,0.05,0.03,0.05,0.05,0.15,337,,,,,,,,,,,
02/10/2021,BGCR,0.05,0.03,0.05,0.05,0.15,357,,,,,,,,,,,
02/10/2021,SOFR,0.06,0.04,0.05,0.09,0.15,884,,,,,,,,,,,
02/09/2021,EFFR,0.08,0.05,0.07,0.08,0.1,73,0,0.25,,,,,,,,,
02/09/2021,OBFR,0.07,0.04,0.07,0.08,0.14,211,,,,,,,,,,,
02/09/2021,TGCR,0.03,0.02,0.03,0.03,0.15,332,,,,,,,,,,,
02/09/2021,BGCR,0.03,0.02,0.03,0.04,0.15,359,,,,,,,,,,,
02/09/2021,SOFR,0.05,0.03,0.03,0.07,0.15,901,,,,,,,,,,,
02/08/2021,EFFR,0.07,0.05,0.07,0.08,0.1,72,0,0.25,,,,,,,,,
02/08/2021,OBFR,0.07,0.04,0.07,0.08,0.14,205,,,,,,,,,,,
02/08/2021,TGCR,0.01,0.01,0.01,0.01,0.15,329,,,,,,,,,,,
02/08/2021,BGCR,0.01,0.01,0.01,0.01,0.15,355,,,,,,,,,,,
02/08/2021,SOFR,0.02,0.01,0.01,0.05,0.15,920,,,,,,,,,,,
02/05/2021,EFFR,0.08,0.05,0.07,0.08,0.1,72,0,0.25,,,,,,,,,
02/05/2021,OBFR,0.07,0.04,0.07,0.08,0.14,206,,,,,,,,,,,
02/05/2021,TGCR,0.01,0.01,0.01,0.01,0.15,332,,,,,,,,,,,
02/05/2021,BGCR,0.01,0.01,0.01,0.01,0.15,367,,,,,,,,,,,
02/05/2021,SOFR,0.02,0.01,0.01,0.04,0.15,933,,,,,,,,,,,
02/04/2021,EFFR,0.08,0.05,0.08,0.08,0.11,69,0,0.25,,,,,,,,,
02/04/2021,OBFR,0.08,0.04,0.07,0.08,0.14,194,,,,,,,,,,,
02/04/2021,TGCR,0.03,0.02,0.03,0.03,0.15,333,,,,,,,,,,,
02/04/2021,BGCR,0.03,0.02,0.03,0.04,0.15,356,,,,,,,,,,,
02/04/2021,SOFR,0.05,0.03,0.03,0.06,0.15,989,,,,,,,,,,,
02/03/2021,EFFR,0.08,0.05,0.08,0.08,0.11,67,0,0.25,,,,,,,,,
02/03/2021,OBFR,0.08,0.04,0.08,0.09,0.14,186,,,,,,,,,,,
02/03/2021,TGCR,0.06,0.03,0.06,0.06,0.15,329,,,,,,,,,,,
02/03/2021,BGCR,0.06,0.02,0.06,0.06,0.15,354,,,,,,,,,,,
02/03/2021,SOFR,0.07,0.03,0.06,0.1,0.15,962,,,,,,,,,,,
02/02/2021,EFFR,0.08,0.05,0.08,0.08,0.11,67,0,0.25,,,,,,,,,
02/02/2021,OBFR,0.08,0.03,0.07,0.08,0.14,183,,,,,,,,,,,
02/02/2021,TGCR,0.05,0.03,0.05,0.06,0.15,334,,,,,,,,,,,
02/02/2021,BGCR,0.05,0.03,0.05,0.06,0.15,357,,,,,,,,,,,
02/02/2021,SOFR,0.07,0.04,0.06,0.09,0.15,968,,,,,,,,,,,
02/01/2021,EFFR,0.08,0.05,0.07,0.08,0.11,64,0,0.25,,,,,,,,,
02/01/2021,OBFR,0.07,0.02,0.07,0.08,0.14,171,,,,,,,,,,,
02/01/2021,TGCR,0.05,0.02,0.05,0.05,0.15,339,,,,,,,,,,,
02/01/2021,BGCR,0.05,0.03,0.05,0.06,0.15,374,,,,,,,,,,,
02/01/2021,SOFR,0.07,0.04,0.05,0.09,0.15,1010,,,,,,,,,,,
01/29/2021,EFFR,0.07,0.03,0.07,0.08,0.11,62,0,0.25,,,,,,,,,
01/29/2021,OBFR,0.07,0.02,0.07,0.07,0.14,186,,,,,,,,,,,
01/29/2021,TGCR,0.04,0.02,0.04,0.04,0.15,317,,,,,,,,,,,
01/29/2021,BGCR,0.04,0.02,0.04,0.04,0.15,344,,,,,,,,,,,
01/29/2021,SOFR,0.06,0.03,0.04,0.07,0.15,915,,,,,,,,,,,
01/28/2021,EFFR,0.07,0.05,0.07,0.08,0.11,67,0,0.25,,,,,,,,,
01/28/2021,OBFR,0.07,0.03,0.07,0.07,0.14,195,,,,,,,,,,,
01/28/2021,TGCR,0.03,0.01,0.03,0.03,0.15,325,,,,,,,,,,,
01/28/2021,BGCR,0.03,0.02,0.03,0.03,0.15,363,,,,,,,,,,,
01/28/2021,SOFR,0.04,0.02,0.03,0.06,0.15,906,,,,,,,,,,,
01/27/2021,EFFR,0.08,0.04,0.07,0.08,0.11,71,0,0.25,,,,,,,,,
01/27/2021,OBFR,0.07,0.04,0.07,0.08,0.14,210,,,,,,,,,,,
01/27/2021,TGCR,0.02,0.01,0.02,0.02,0.15,325,,,,,,,,,,,
01/27/2021,BGCR,0.02,0.01,0.02,0.02,0.15,353,,,,,,,,,,,
01/27/2021,SOFR,0.03,0.01,0.02,0.04,0.15,913,,,,,,,,,,,
01/26/2021,EFFR,0.08,0.05,0.08,0.08,0.1,74,0,0.25,,,,,,,,,
01/26/2021,OBFR,0.08,0.04,0.07,0.08,0.14,213,,,,,,,,,,,
01/26/2021,TGCR,0.02,0.01,0.02,0.02,0.15,321,,,,,,,,,,,
01/26/2021,BGCR,0.02,0.01,0.02,0.02,0.15,354,,,,,,,,,,,
01/26/2021,SOFR,0.03,0.01,0.02,0.05,0.15,926,,,,,,,,,,,
01/25/2021,EFFR,0.08,0.05,0.08,0.09,0.11,74,0,0.25,,,,,,,,,
01/25/2021,OBFR,0.08,0.03,0.08,0.08,0.14,217,,,,,,,,,,,
01/25/2021,TGCR,0.05,0.01,0.05,0.05,0.15,319,,,,,,,,,,,
01/25/2021,BGCR,0.05,0.01,0.05,0.05,0.15,354,,,,,,,,,,,
01/25/2021,SOFR,0.06,0.03,0.05,0.09,0.15,885,,,,,,,,,,,
01/22/2021,EFFR,0.08,0.05,0.08,0.09,0.11,70,0,0.25,,,,,,,,,
01/22/2021,OBFR,0.08,0.02,0.08,0.08,0.14,193,,,,,,,,,,,
01/22/2021,TGCR,0.04,0.02,0.04,0.04,0.15,326,,,,,,,,,,,
01/22/2021,BGCR,0.04,0.02,0.04,0.04,0.15,360,,,,,,,,,,,
01/22/2021,SOFR,0.05,0.03,0.04,0.07,0.15,906,,,,,,,,,,,
01/21/2021,EFFR,0.08,0.05,0.08,0.09,0.12,74,0,0.25,,,,,,,,,
01/21/2021,OBFR,0.08,0.04,0.08,0.08,0.14,204,,,,,,,,,,,
01/21/2021,TGCR,0.02,0.01,0.02,0.02,0.15,324,,,,,,,,,,,
01/21/2021,BGCR,0.02,0.01,0.02,0.02,0.15,353,,,,,,,,,,,
01/21/2021,SOFR,0.04,0.01,0.02,0.05,0.15,922,,,,,,,,,,,
01/20/2021,EFFR,0.09,0.05,0.08,0.09,0.12,72,0,0.25,,,,,,,,,
01/20/2021,OBFR,0.08,0.04,0.08,0.09,0.14,188,,,,,,,,,,,
01/20/2021,TGCR,0.04,0.01,0.04,0.04,0.15,323,,,,,,,,,,,
01/20/2021,BGCR,0.04,0,0.04,0.04,0.15,355,,,,,,,,,,,
01/20/2021,SOFR,0.06,0.02,0.04,0.07,0.15,883,,,,,,,,,,,
01/19/2021,EFFR,0.09,0.05,0.08,0.09,0.12,61,0,0.25,,,,,,,,,
01/19/2021,OBFR,0.08,0.04,0.08,0.09,0.14,162,,,,,,,,,,,
01/19/2021,TGCR,0.05,0.04,0.05,0.05,0.15,323,,,,,,,,,,,
01/19/2021,BGCR,0.05,0.04,0.05,0.05,0.15,350,,,,,,,,,,,
01/19/2021,SOFR,0.07,0.04,0.05,0.09,0.15,936,,,,,,,,,,,
01/15/2021,EFFR,0.09,0.05,0.08,0.09,0.11,64,0,0.25,,,,,,,,,
01/15/2021,OBFR,0.08,0.04,0.08,0.09,0.14,154,,,,,,,,,,,
01/15/2021,TGCR,0.05,0.04,0.05,0.06,0.15,324,,,,,,,,,,,
01/15/2021,BGCR,0.05,0.04,0.05,0.06,0.15,347,,,,,,,,,,,
01/15/2021,SOFR,0.08,0.05,0.05,0.1,0.15,904,,,,,,,,,,,
01/14/2021,EFFR,0.09,0.05,0.08,0.09,0.11,64,0,0.25,,,,,,,,,
01/14/2021,OBFR,0.08,0.04,0.08,0.09,0.14,150,,,,,,,,,,,
01/14/2021,TGCR,0.05,0.04,0.05,0.05,0.15,321,,,,,,,,,,,
01/14/2021,BGCR,0.05,0.04,0.05,0.05,0.15,340,,,,,,,,,,,
01/14/2021,SOFR,0.08,0.04,0.05,0.1,0.16,887,,,,,,,,,,,
01/13/2021,EFFR,0.09,0.05,0.08,0.09,0.12,64,0,0.25,,,,,,,,,
01/13/2021,OBFR,0.08,0.04,0.08,0.09,0.14,167,,,,,,,,,,,
01/13/2021,TGCR,0.05,0.03,0.05,0.06,0.15,330,,,,,,,,,,,
01/13/2021,BGCR,0.05,0.04,0.05,0.06,0.15,353,,,,,,,,,,,
01/13/2021,SOFR,0.08,0.05,0.05,0.1,0.15,911,,,,,,,,,,,
01/12/2021,EFFR,0.09,0.04,0.08,0.09,0.11,61,0,0.25,,,,,,,,,
01/12/2021,OBFR,0.08,0.04,0.08,0.09,0.14,143,,,,,,,,,,,
01/12/2021,TGCR,0.06,0.04,0.06,0.06,0.15,334,,,,,,,,,,,
01/12/2021,BGCR,0.06,0.04,0.06,0.07,0.15,356,,,,,,,,,,,
01/12/2021,SOFR,0.08,0.05,0.06,0.11,0.16,918,,,,,,,,,,,
01/11/2021,EFFR,0.09,0.05,0.08,0.09,0.11,55,0,0.25,,,,,,,,,
01/11/2021,OBFR,0.08,0.04,0.08,0.09,0.14,145,,,,,,,,,,,
01/11/2021,TGCR,0.07,0.04,0.06,0.07,0.15,332,,,,,,,,,,,
01/11/2021,BGCR,0.07,0.04,0.06,0.07,0.15,360,,,,,,,,,,,
01/11/2021,SOFR,0.09,0.05,0.07,0.11,0.17,964,,,,,,,,,,,
01/08/2021,EFFR,0.09,0.04,0.08,0.09,0.11,55,0,0.25,,,,,,,,,
01/08/2021,OBFR,0.08,0.04,0.08,0.09,0.14,154,,,,,,,,,,,
01/08/2021,TGCR,0.07,0.04,0.07,0.07,0.15,340,,,,,,,,,,,
01/08/2021,BGCR,0.07,0.04,0.07,0.07,0.15,363,,,,,,,,,,,
01/08/2021,SOFR,0.09,0.06,0.07,0.12,0.17,992,,,,,,,,,,,
01/07/2021,EFFR,0.09,0.05,0.08,0.09,0.11,59,0,0.25,,,,,,,,,
01/07/2021,OBFR,0.08,0.04,0.08,0.09,0.14,142,,,,,,,,,,,
01/07/2021,TGCR,0.08,0.05,0.08,0.08,0.15,340,,,,,,,,,,,
01/07/2021,BGCR,0.08,0.05,0.08,0.08,0.15,361,,,,,,,,,,,
01/07/2021,SOFR,0.1,0.06,0.08,0.12,0.18,951,,,,,,,,,,,
01/06/2021,EFFR,0.09,0.05,0.08,0.09,0.1,56,0,0.25,,,,,,,,,
01/06/2021,OBFR,0.08,0.04,0.08,0.09,0.14,139,,,,,,,,,,,
01/06/2021,TGCR,0.08,0.05,0.08,0.08,0.15,335,,,,,,,,,,,
01/06/2021,BGCR,0.08,0.06,0.08,0.08,0.15,361,,,,,,,,,,,
01/06/2021,SOFR,0.1,0.07,0.08,0.13,0.18,978,,,,,,,,,,,
01/05/2021,EFFR,0.09,0.05,0.08,0.09,0.1,55,0,0.25,,,,,,,,,
01/05/2021,OBFR,0.08,0.04,0.08,0.09,0.15,140,,,,,,,,,,,
01/05/2021,TGCR,0.08,0.04,0.07,0.08,0.15,336,,,,,,,,,,,
01/05/2021,BGCR,0.08,0.04,0.08,0.08,0.15,358,,,,,,,,,,,
01/05/2021,SOFR,0.11,0.06,0.08,0.13,0.18,986,,,,,,,,,,,
01/04/2021,EFFR,0.09,0.03,0.08,0.09,0.1,57,0,0.25,,,,,,,,,
01/04/2021,OBFR,0.09,0.03,0.08,0.09,0.15,131,,,,,,,,,,,
01/04/2021,TGCR,0.06,0.05,0.06,0.07,0.15,335,,,,,,,,,,,
01/04/2021,BGCR,0.06,0.05,0.06,0.07,0.15,367,,,,,,,,,,,
01/04/2021,SOFR,0.1,0.05,0.07,0.12,0.17,1046,,,,,,,,,,,
12/31/2020,EFFR,0.09,0.04,0.08,0.1,0.12,34,0,0.25,,,,,,,,,
12/31/2020,OBFR,0.08,0.01,0.07,0.09,0.15,76,,,,,,,,,,,
12/31/2020,TGCR,0.06,0.01,0.05,0.06,0.15,340,,,,,,,,,,,
12/31/2020,BGCR,0.06,0.01,0.05,0.06,0.15,351,,,,,,,,,,,
12/31/2020,SOFR,0.07,0.03,0.06,0.1,0.17,1095,,,,,,,,,,,
12/30/2020,EFFR,0.09,0.06,0.08,0.09,0.1,62,0,0.25,,,,,,,,,
12/30/2020,OBFR,0.08,0.02,0.08,0.09,0.15,155,,,,,,,,,,,
12/30/2020,TGCR,0.08,0.05,0.07,0.08,0.15,315,,,,,,,,,,,
12/30/2020,BGCR,0.08,0.04,0.07,0.08,0.15,338,,,,,,,,,,,
12/30/2020,SOFR,0.09,0.05,0.08,0.12,0.17,916,,,,,,,,,,,
12/29/2020,EFFR,0.09,0.05,0.08,0.09,0.12,69,0,0.25,,,,,,,,,
12/29/2020,OBFR,0.08,0.03,0.08,0.09,0.15,154,,,,,,,,,,,
12/29/2020,TGCR,0.08,0.04,0.07,0.08,0.15,325,,,,,,,,,,,
12/29/2020,BGCR,0.08,0.04,0.07,0.08,0.15,361,,,,,,,,,,,
12/29/2020,SOFR,0.1,0.06,0.08,0.12,0.17,945,,,,,,,,,,,
12/28/2020,EFFR,0.09,0.05,0.08,0.09,0.1,73,0,0.25,,,,,,,,,
12/28/2020,OBFR,0.08,0.05,0.08,0.09,0.14,161,,,,,,,,,,,
12/28/2020,TGCR,0.07,0.05,0.07,0.07,0.15,323,,,,,,,,,,,
12/28/2020,BGCR,0.07,0.05,0.07,0.07,0.15,354,,,,,,,,,,,
12/28/2020,SOFR,0.09,0.06,0.07,0.12,0.16,946,,,,,,,,,,,
12/24/2020,EFFR,0.09,0.05,0.08,0.09,0.1,70,0,0.25,,,,,,,,,
12/24/2020,OBFR,0.08,0.04,0.08,0.09,0.14,149,,,,,,,,,,,
12/24/2020,TGCR,0.06,0.04,0.06,0.06,0.15,318,,,,,,,,,,,
12/24/2020,BGCR,0.06,0.04,0.06,0.06,0.15,362,,,,,,,,,,,
12/24/2020,SOFR,0.08,0.05,0.06,0.1,0.15,895,,,,,,,,,,,
12/23/2020,EFFR,0.09,0.05,0.08,0.09,0.1,70,0,0.25,,,,,,,,,
12/23/2020,OBFR,0.08,0.04,0.08,0.09,0.15,157,,,,,,,,,,,
12/23/2020,TGCR,0.05,0.03,0.04,0.05,0.15,323,,,,,,,,,,,
12/23/2020,BGCR,0.05,0.03,0.04,0.05,0.15,355,,,,,,,,,,,
12/23/2020,SOFR,0.06,0.04,0.05,0.07,0.15,921,,,,,,,,,,,
12/22/2020,EFFR,0.09,0.06,0.08,0.09,0.11,66,0,0.25,,,,,,,,,
12/22/2020,OBFR,0.08,0.03,0.08,0.09,0.15,158,,,,,,,,,,,
12/22/2020,TGCR,0.05,0.02,0.05,0.06,0.15,328,,,,,,,,,,,
12/22/2020,BGCR,0.06,0.02,0.05,0.06,0.15,360,,,,,,,,,,,
12/22/2020,SOFR,0.07,0.04,0.06,0.09,0.15,923,,,,,,,,,,,
12/21/2020,EFFR,0.09,0.06,0.08,0.09,0.11,66,0,0.25,,,,,,,,,
12/21/2020,OBFR,0.08,0.03,0.08,0.09,0.15,164,,,,,,,,,,,
12/21/2020,TGCR,0.07,0.03,0.07,0.07,0.15,329,,,,,,,,,,,
12/21/2020,BGCR,0.07,0.03,0.07,0.07,0.15,359,,,,,,,,,,,
12/21/2020,SOFR,0.09,0.06,0.07,0.11,0.16,922,,,,,,,,,,,
12/18/2020,EFFR,0.09,0.06,0.08,0.09,0.12,57,0,0.25,,,,,,,,,
12/18/2020,OBFR,0.08,0.03,0.08,0.09,0.15,145,,,,,,,,,,,
12/18/2020,TGCR,0.07,0.05,0.07,0.07,0.15,332,,,,,,,,,,,
12/18/2020,BGCR,0.07,0.05,0.07,0.07,0.15,356,,,,,,,,,,,
12/18/2020,SOFR,0.09,0.06,0.07,0.11,0.16,943,,,,,,,,,,,
12/17/2020,EFFR,0.09,0.05,0.08,0.09,0.1,58,0,0.25,,,,,,,,,
12/17/2020,OBFR,0.08,0.03,0.08,0.09,0.15,153,,,,,,,,,,,
12/17/2020,TGCR,0.07,0.04,0.07,0.07,0.15,328,,,,,,,,,,,
12/17/2020,BGCR,0.07,0.04,0.07,0.07,0.15,355,,,,,,,,,,,
12/17/2020,SOFR,0.09,0.06,0.07,0.11,0.16,922,,,,,,,,,,,
12/16/2020,EFFR,0.09,0.06,0.08,0.09,0.1,57,0,0.25,,,,,,,,,
12/16/2020,OBFR,0.08,0.04,0.08,0.09,0.15,146,,,,,,,,,,,
12/16/2020,TGCR,0.07,0.05,0.07,0.07,0.15,324,,,,,,,,,,,
12/16/2020,BGCR,0.07,0.05,0.07,0.07,0.15,352,,,,,,,,,,,
12/16/2020,SOFR,0.09,0.06,0.07,0.11,0.16,914,,,,,,,,,,,
12/15/2020,EFFR,0.09,0.06,0.08,0.09,0.1,50,0,0.25,,,,,,,,,
12/15/2020,OBFR,0.08,0.04,0.08,0.09,0.15,142,,,,,,,,,,,
12/15/2020,TGCR,0.07,0.05,0.06,0.07,0.15,329,,,,,,,,,,,
12/15/2020,BGCR,0.07,0.05,0.07,0.07,0.15,359,,,,,,,,,,,
12/15/2020,SOFR,0.09,0.06,0.07,0.11,0.16,933,,,,,,,,,,,
12/14/2020,EFFR,0.09,0.06,0.08,0.09,0.11,51,0,0.25,,,,,,,,,
12/14/2020,OBFR,0.08,0.04,0.08,0.09,0.15,143,,,,,,,,,,,
12/14/2020,TGCR,0.06,0.04,0.06,0.06,0.15,331,,,,,,,,,,,
12/14/2020,BGCR,0.06,0.03,0.06,0.06,0.15,355,,,,,,,,,,,
12/14/2020,SOFR,0.08,0.05,0.06,0.09,0.15,907,,,,,,,,,,,
12/11/2020,EFFR,0.09,0.05,0.08,0.09,0.1,51,0,0.25,,,,,,,,,
12/11/2020,OBFR,0.08,0.04,0.08,0.09,0.15,155,,,,,,,,,,,
12/11/2020,TGCR,0.06,0.05,0.06,0.06,0.15,338,,,,,,,,,,,
12/11/2020,BGCR,0.06,0.05,0.06,0.06,0.15,357,,,,,,,,,,,
12/11/2020,SOFR,0.08,0.05,0.06,0.1,0.15,885,,,,,,,,,,,
12/10/2020,EFFR,0.09,0.05,0.08,0.09,0.1,57,0,0.25,,,,,,,,,
12/10/2020,OBFR,0.08,0.04,0.08,0.09,0.15,163,,,,,,,,,,,
12/10/2020,TGCR,0.06,0.04,0.06,0.06,0.15,349,,,,,,,,,,,
12/10/2020,BGCR,0.06,0.04,0.06,0.06,0.15,366,,,,,,,,,,,
12/10/2020,SOFR,0.08,0.05,0.06,0.09,0.15,946,,,,,,,,,,,
12/09/2020,EFFR,0.09,0.05,0.08,0.09,0.1,57,0,0.25,,,,,,,,,
12/09/2020,OBFR,0.08,0.05,0.08,0.09,0.15,172,,,,,,,,,,,
12/09/2020,TGCR,0.06,0.03,0.06,0.06,0.15,340,,,,,,,,,,,
12/09/2020,BGCR,0.06,0.03,0.06,0.06,0.15,359,,,,,,,,,,,
12/09/2020,SOFR,0.08,0.05,0.06,0.09,0.15,935,,,,,,,,,,,
12/08/2020,EFFR,0.09,0.05,0.08,0.09,0.1,57,0,0.25,,,,,,,,,
12/08/2020,OBFR,0.08,0.04,0.08,0.09,0.15,158,,,,,,,,,,,
12/08/2020,TGCR,0.06,0.03,0.06,0.06,0.15,341,,,,,,,,,,,
12/08/2020,BGCR,0.06,0.04,0.06,0.06,0.15,360,,,,,,,,,,,
12/08/2020,SOFR,0.07,0.05,0.06,0.09,0.16,939,,,,,,,,,,,
12/07/2020,EFFR,0.09,0.05,0.08,0.09,0.1,57,0,0.25,,,,,,,,,
12/07/2020,OBFR,0.08,0.04,0.08,0.09,0.15,154,,,,,,,,,,,
12/07/2020,TGCR,0.07,0.02,0.07,0.07,0.15,338,,,,,,,,,,,
12/07/2020,BGCR,0.07,0.02,0.07,0.07,0.15,360,,,,,,,,,,,
12/07/2020,SOFR,0.08,0.05,0.07,0.11,0.17,951,,,,,,,,,,,
12/04/2020,EFFR,0.09,0.05,0.08,0.09,0.1,56,0,0.25,,,,,,,,,
12/04/2020,OBFR,0.08,0.04,0.08,0.09,0.15,152,,,,,,,,,,,
12/04/2020,TGCR,0.07,0.04,0.07,0.07,0.15,333,,,,,,,,,,,
12/04/2020,BGCR,0.07,0.04,0.07,0.07,0.15,351,,,,,,,,,,,
12/04/2020,SOFR,0.09,0.06,0.07,0.11,0.16,951,,,,,,,,,,,
12/03/2020,EFFR,0.09,0.05,0.08,0.09,0.11,60,0,0.25,,,,,,,,,
12/03/2020,OBFR,0.08,0.04,0.08,0.09,0.15,170,,,,,,,,,,,
12/03/2020,TGCR,0.06,0.05,0.06,0.06,0.15,345,,,,,,,,,,,
12/03/2020,BGCR,0.06,0.05,0.06,0.06,0.15,370,,,,,,,,,,,
12/03/2020,SOFR,0.08,0.05,0.06,0.1,0.16,954,,,,,,,,,,,
12/02/2020,EFFR,0.09,0.05,0.08,0.09,0.1,55,0,0.25,,,,,,,,,
12/02/2020,OBFR,0.08,0.04,0.08,0.09,0.15,167,,,,,,,,,,,
12/02/2020,TGCR,0.06,0.05,0.06,0.06,0.15,338,,,,,,,,,,,
12/02/2020,BGCR,0.06,0.05,0.06,0.06,0.15,358,,,,,,,,,,,
12/02/2020,SOFR,0.08,0.05,0.06,0.1,0.15,926,,,,,,,,,,,
12/01/2020,EFFR,0.09,0.05,0.08,0.09,0.1,56,0,0.25,,,,,,,,,
12/01/2020,OBFR,0.08,0.04,0.08,0.09,0.18,168,,,,,,,,,,,
12/01/2020,TGCR,0.06,0.04,0.06,0.06,0.15,336,,,,,,,,,,,
12/01/2020,BGCR,0.06,0.05,0.06,0.06,0.15,362,,,,,,,,,,,
12/01/2020,SOFR,0.08,0.05,0.06,0.1,0.16,972,,,,,,,,,,,
11/30/2020,EFFR,0.09,0.01,0.08,0.09,0.11,57,0,0.25,,,,,,,,,
11/30/2020,OBFR,0.08,0.01,0.08,0.09,0.18,157,,,,,,,,,,,
11/30/2020,TGCR,0.08,0.05,0.07,0.08,0.1,341,,,,,,,,,,,
11/30/2020,BGCR,0.08,0.05,0.07,0.08,0.12,362,,,,,,,,,,,
11/30/2020,SOFR,0.09,0.06,0.08,0.12,0.17,1055,,,,,,,,,,,
11/27/2020,EFFR,0.08,0.05,0.08,0.09,0.1,61,0,0.25,,,,,,,,,
11/27/2020,OBFR,0.08,0.04,0.08,0.08,0.16,190,,,,,,,,,,,
11/27/2020,TGCR,0.06,0.03,0.06,0.07,0.1,326,,,,,,,,,,,
11/27/2020,BGCR,0.06,0.03,0.06,0.07,0.12,353,,,,,,,,,,,
11/27/2020,SOFR,0.08,0.05,0.06,0.1,0.16,900,,,,,,,,,,,
11/25/2020,EFFR,0.08,0.05,0.08,0.09,0.1,66,0,0.25,,,,,,,,,
11/25/2020,OBFR,0.08,0.05,0.08,0.08,0.16,208,,,,,,,,,,,
11/25/2020,TGCR,0.06,0.03,0.06,0.06,0.1,322,,,,,,,,,,,
11/25/2020,BGCR,0.06,0.04,0.06,0.06,0.12,347,,,,,,,,,,,
11/25/2020,SOFR,0.08,0.05,0.06,0.1,0.15,937,,,,,,,,,,,
11/24/2020,EFFR,0.08,0.05,0.08,0.09,0.1,62,0,0.25,,,,,,,,,
11/24/2020,OBFR,0.08,0.04,0.08,0.08,0.18,202,,,,,,,,,,,
11/24/2020,TGCR,0.05,0.03,0.05,0.05,0.09,323,,,,,,,,,,,
11/24/2020,BGCR,0.05,0.04,0.05,0.05,0.12,354,,,,,,,,,,,
11/24/2020,SOFR,0.07,0.04,0.05,0.09,0.14,910,,,,,,,,,,,
11/23/2020,EFFR,0.08,0.05,0.08,0.09,0.1,62,0,0.25,,,,,,,,,
11/23/2020,OBFR,0.08,0.04,0.08,0.08,0.18,201,,,,,,,,,,,
11/23/2020,TGCR,0.04,0.02,0.03,0.04,0.07,315,,,,,,,,,,,
11/23/2020,BGCR,0.04,0.01,0.03,0.04,0.07,343,,,,,,,,,,,
11/23/2020,SOFR,0.05,0.03,0.04,0.07,0.13,913,,,,,,,,,,,
11/20/2020,EFFR,0.08,0.05,0.08,0.09,0.11,64,0,0.25,,,,,,,,,
11/20/2020,OBFR,0.08,0.04,0.08,0.08,0.18,196,,,,,,,,,,,
11/20/2020,TGCR,0.04,0.02,0.03,0.04,0.07,316,,,,,,,,,,,
11/20/2020,BGCR,0.04,0.02,0.03,0.04,0.08,345,,,,,,,,,,,
11/20/2020,SOFR,0.05,0.03,0.04,0.07,0.13,920,,,,,,,,,,,
11/19/2020,EFFR,0.08,0.05,0.08,0.09,0.1,62,0,0.25,,,,,,,,,
11/19/2020,OBFR,0.08,0.05,0.08,0.09,0.18,182,,,,,,,,,,,
11/19/2020,TGCR,0.04,0.02,0.04,0.04,0.09,316,,,,,,,,,,,
11/19/2020,BGCR,0.04,0.02,0.04,0.04,0.09,344,,,,,,,,,,,
11/19/2020,SOFR,0.06,0.03,0.04,0.07,0.13,911,,,,,,,,,,,
11/18/2020,EFFR,0.09,0.05,0.08,0.09,0.1,60,0,0.25,,,,,,,,,
11/18/2020,OBFR,0.08,0.04,0.08,0.09,0.18,183,,,,,,,,,,,
11/18/2020,TGCR,0.05,0.03,0.05,0.05,0.11,318,,,,,,,,,,,
11/18/2020,BGCR,0.05,0.03,0.05,0.05,0.11,340,,,,,,,,,,,
11/18/2020,SOFR,0.07,0.04,0.05,0.09,0.16,941,,,,,,,,,,,
11/17/2020,EFFR,0.09,0.05,0.08,0.09,0.1,60,0,0.25,,,,,,,,,
11/17/2020,OBFR,0.08,0.04,0.08,0.09,0.18,163,,,,,,,,,,,
11/17/2020,TGCR,0.07,0.04,0.07,0.07,0.11,320,,,,,,,,,,,
11/17/2020,BGCR,0.07,0.04,0.07,0.07,0.12,348,,,,,,,,,,,
11/17/2020,SOFR,0.09,0.05,0.07,0.11,0.17,970,,,,,,,,,,,
11/16/2020,EFFR,0.09,0.05,0.08,0.09,0.1,58,0,0.25,,,,,,,,,
11/16/2020,OBFR,0.08,0.03,0.08,0.09,0.18,157,,,,,,,,,,,
11/16/2020,TGCR,0.08,0.04,0.08,0.08,0.13,320,,,,,,,,,,,
11/16/2020,BGCR,0.08,0.04,0.08,0.08,0.13,351,,,,,,,,,,,
11/16/2020,SOFR,0.1,0.06,0.08,0.12,0.18,953,,,,,,,,,,,
11/13/2020,EFFR,0.09,0.05,0.08,0.09,0.1,55,0,0.25,,,,,,,,,
11/13/2020,OBFR,0.08,0.03,0.08,0.09,0.18,149,,,,,,,,,,,
11/13/2020,TGCR,0.07,0.05,0.07,0.07,0.11,315,,,,,,,,,,,
11/13/2020,BGCR,0.07,0.05,0.07,0.07,0.12,344,,,,,,,,,,,
11/13/2020,SOFR,0.09,0.06,0.07,0.11,0.17,904,,,,,,,,,,,
11/12/2020,EFFR,0.09,0.06,0.08,0.09,0.1,57,0,0.25,,,,,,,,,
11/12/2020,OBFR,0.09,0.04,0.08,0.1,0.18,165,,,,,,,,,,,
11/12/2020,TGCR,0.07,0.05,0.07,0.07,0.12,323,,,,,,,,,,,
11/12/2020,BGCR,0.07,0.05,0.07,0.07,0.12,350,,,,,,,,,,,
11/12/2020,SOFR,0.09,0.05,0.07,0.11,0.17,912,,,,,,,,,,,
11/10/2020,EFFR,0.09,0.05,0.08,0.09,0.1,57,0,0.25,,,,,,,,,
11/10/2020,OBFR,0.08,0.04,0.08,0.09,0.18,157,,,,,,,,,,,
11/10/2020,TGCR,0.07,0.05,0.07,0.07,0.12,317,,,,,,,,,,,
11/10/2020,BGCR,0.07,0.06,0.07,0.07,0.13,349,,,,,,,,,,,
11/10/2020,SOFR,0.1,0.06,0.07,0.12,0.17,923,,,,,,,,,,,
11/09/2020,EFFR,0.09,0.05,0.08,0.09,0.11,57,0,0.25,,,,,,,,,
11/09/2020,OBFR,0.08,0.04,0.08,0.09,0.18,152,,,,,,,,,,,
11/09/2020,TGCR,0.08,0.04,0.08,0.08,0.12,318,,,,,,,,,,,
11/09/2020,BGCR,0.08,0.04,0.08,0.08,0.13,344,,,,,,,,,,,
11/09/2020,SOFR,0.1,0.06,0.08,0.12,0.18,904,,,,,,,,,,,
11/06/2020,EFFR,0.09,0.05,0.08,0.09,0.1,61,0,0.25,,,,,,,,,
11/06/2020,OBFR,0.08,0.04,0.08,0.09,0.18,159,,,,,,,,,,,
11/06/2020,TGCR,0.08,0.06,0.08,0.08,0.13,315,,,,,,,,,,,
11/06/2020,BGCR,0.08,0.06,0.08,0.08,0.13,343,,,,,,,,,,,
11/06/2020,SOFR,0.1,0.07,0.08,0.13,0.18,888,,,,,,,,,,,
11/05/2020,EFFR,0.09,0.05,0.08,0.09,0.1,65,0,0.25,,,,,,,,,
11/05/2020,OBFR,0.08,0.04,0.08,0.09,0.18,164,,,,,,,,,,,
11/05/2020,TGCR,0.08,0.05,0.08,0.08,0.13,319,,,,,,,,,,,
11/05/2020,BGCR,0.08,0.05,0.08,0.08,0.14,348,,,,,,,,,,,
11/05/2020,SOFR,0.11,0.07,0.08,0.13,0.18,938,,,,,,,,,,,
11/04/2020,EFFR,0.09,0.05,0.08,0.09,0.1,67,0,0.25,,,,,,,,,
11/04/2020,OBFR,0.08,0.04,0.08,0.09,0.18,168,,,,,,,,,,,
11/04/2020,TGCR,0.08,0.05,0.07,0.08,0.13,314,,,,,,,,,,,
11/04/2020,BGCR,0.08,0.05,0.07,0.08,0.13,342,,,,,,,,,,,
11/04/2020,SOFR,0.1,0.06,0.08,0.13,0.18,899,,,,,,,,,,,
11/03/2020,EFFR,0.09,0.05,0.08,0.09,0.1,64,0,0.25,,,,,,,,,
11/03/2020,OBFR,0.08,0.03,0.08,0.09,0.18,157,,,,,,,,,,,
11/03/2020,TGCR,0.07,0.05,0.06,0.07,0.12,317,,,,,,,,,,,
11/03/2020,BGCR,0.07,0.05,0.07,0.07,0.14,350,,,,,,,,,,,
11/03/2020,SOFR,0.1,0.06,0.07,0.12,0.17,948,,,,,,,,,,,
11/02/2020,EFFR,0.09,0.05,0.08,0.09,0.11,58,0,0.25,,,,,,,,,
11/02/2020,OBFR,0.08,0.03,0.08,0.09,0.18,146,,,,,,,,,,,
11/02/2020,TGCR,0.07,0.05,0.07,0.07,0.13,314,,,,,,,,,,,
11/02/2020,BGCR,0.07,0.05,0.07,0.07,0.13,352,,,,,,,,,,,
11/02/2020,SOFR,0.11,0.07,0.07,0.13,0.17,956,,,,,,,,,,,
10/30/2020,EFFR,0.09,0.04,0.08,0.09,0.11,56,0,0.25,,,,,,,,,
10/30/2020,OBFR,0.08,0.03,0.08,0.09,0.18,147,,,,,,,,,,,
10/30/2020,TGCR,0.07,0.05,0.07,0.07,0.12,305,,,,,,,,,,,
10/30/2020,BGCR,0.07,0.05,0.07,0.07,0.13,332,,,,,,,,,,,
10/30/2020,SOFR,0.09,0.06,0.07,0.12,0.18,873,,,,,,,,,,,
10/29/2020,EFFR,0.09,0.05,0.08,0.09,0.1,59,0,0.25,,,,,,,,,
10/29/2020,OBFR,0.08,0.04,0.08,0.09,0.18,162,,,,,,,,,,,
10/29/2020,TGCR,0.06,0.04,0.06,0.06,0.09,306,,,,,,,,,,,
10/29/2020,BGCR,0.06,0.04,0.06,0.06,0.13,329,,,,,,,,,,,
10/29/2020,SOFR,0.09,0.05,0.06,0.1,0.16,866,,,,,,,,,,,
10/28/2020,EFFR,0.09,0.05,0.08,0.09,0.1,59,0,0.25,,,,,,,,,
10/28/2020,OBFR,0.08,0.05,0.08,0.09,0.18,172,,,,,,,,,,,
10/28/2020,TGCR,0.06,0.04,0.06,0.06,0.09,309,,,,,,,,,,,
10/28/2020,BGCR,0.06,0.04,0.06,0.06,0.12,333,,,,,,,,,,,
10/28/2020,SOFR,0.08,0.05,0.06,0.1,0.16,910,,,,,,,,,,,
10/27/2020,EFFR,0.09,0.05,0.08,0.09,0.1,60,0,0.25,,,,,,,,,
10/27/2020,OBFR,0.08,0.04,0.08,0.09,0.18,177,,,,,,,,,,,
10/27/2020,TGCR,0.06,0.05,0.06,0.07,0.09,309,,,,,,,,,,,
10/27/2020,BGCR,0.06,0.05,0.06,0.07,0.13,331,,,,,,,,,,,
10/27/2020,SOFR,0.09,0.06,0.07,0.11,0.16,931,,,,,,,,,,,
10/26/2020,EFFR,0.09,0.05,0.08,0.09,0.1,58,0,0.25,,,,,,,,,
10/26/2020,OBFR,0.08,0.05,0.08,0.09,0.18,179,,,,,,,,,,,
10/26/2020,TGCR,0.06,0.04,0.06,0.06,0.09,315,,,,,,,,,,,
10/26/2020,BGCR,0.06,0.04,0.06,0.06,0.13,338,,,,,,,,,,,
10/26/2020,SOFR,0.09,0.06,0.06,0.11,0.16,921,,,,,,,,,,,
10/23/2020,EFFR,0.09,0.05,0.08,0.09,0.1,57,0,0.25,,,,,,,,,
10/23/2020,OBFR,0.08,0.05,0.08,0.09,0.19,165,,,,,,,,,,,
10/23/2020,TGCR,0.06,0.04,0.06,0.06,0.09,313,,,,,,,,,,,
10/23/2020,BGCR,0.06,0.04,0.06,0.06,0.12,334,,,,,,,,,,,
10/23/2020,SOFR,0.08,0.05,0.06,0.1,0.16,915,,,,,,,,,,,
10/22/2020,EFFR,0.09,0.05,0.08,0.09,0.1,61,0,0.25,,,,,,,,,
10/22/2020,OBFR,0.08,0.05,0.08,0.09,0.19,183,,,,,,,,,,,
10/22/2020,TGCR,0.05,0.03,0.05,0.05,0.08,319,,,,,,,,,,,
10/22/2020,BGCR,0.05,0.03,0.05,0.05,0.11,342,,,,,,,,,,,
10/22/2020,SOFR,0.07,0.04,0.05,0.09,0.15,929,,,,,,,,,,,
10/21/2020,EFFR,0.09,0.05,0.08,0.09,0.1,59,0,0.25,,,,,,,,,
10/21/2020,OBFR,0.08,0.05,0.08,0.09,0.2,166,,,,,,,,,,,
10/21/2020,TGCR,0.05,0.04,0.05,0.05,0.08,321,,,,,,,,,,,
10/21/2020,BGCR,0.05,0.04,0.05,0.05,0.1,347,,,,,,,,,,,
10/21/2020,SOFR,0.07,0.04,0.05,0.09,0.16,943,,,,,,,,,,,
10/20/2020,EFFR,0.09,0.05,0.08,0.09,0.1,54,0,0.25,,,,,,,,,
10/20/2020,OBFR,0.08,0.04,0.08,0.09,0.2,158,,,,,,,,,,,
10/20/2020,TGCR,0.06,0.04,0.06,0.06,0.09,323,,,,,,,,,,,
10/20/2020,BGCR,0.06,0.04,0.06,0.06,0.12,347,,,,,,,,,,,
10/20/2020,SOFR,0.08,0.05,0.06,0.1,0.17,918,,,,,,,,,,,
10/19/2020,EFFR,0.09,0.06,0.08,0.09,0.11,54,0,0.25,,,,,,,,,
10/19/2020,OBFR,0.08,0.04,0.08,0.09,0.2,155,,,,,,,,,,,
10/19/2020,TGCR,0.06,0.03,0.06,0.06,0.09,324,,,,,,,,,,,
10/19/2020,BGCR,0.06,0.03,0.06,0.06,0.13,344,,,,,,,,,,,
10/19/2020,SOFR,0.09,0.05,0.06,0.11,0.17,903,,,,,,,,,,,
10/16/2020,EFFR,0.09,0.05,0.08,0.09,0.11,59,0,0.25,,,,,,,,,
10/16/2020,OBFR,0.08,0.05,0.08,0.09,0.2,159,,,,,,,,,,,
10/16/2020,TGCR,0.06,0.04,0.06,0.06,0.09,325,,,,,,,,,,,
10/16/2020,BGCR,0.06,0.05,0.06,0.06,0.12,348,,,,,,,,,,,
10/16/2020,SOFR,0.09,0.06,0.06,0.11,0.17,914,,,,,,,,,,,
10/15/2020,EFFR,0.09,0.05,0.08,0.09,0.1,58,0,0.25,,,,,,,,,
10/15/2020,OBFR,0.08,0.05,0.08,0.09,0.2,166,,,,,,,,,,,
10/15/2020,TGCR,0.07,0.05,0.07,0.07,0.1,331,,,,,,,,,,,
10/15/2020,BGCR,0.07,0.05,0.07,0.07,0.14,359,,,,,,,,,,,
10/15/2020,SOFR,0.1,0.06,0.07,0.13,0.18,952,,,,,,,,,,,
10/14/2020,EFFR,0.09,0.06,0.08,0.09,0.1,54,0,0.25,,,,,,,,,
10/14/2020,OBFR,0.08,0.04,0.08,0.09,0.2,163,,,,,,,,,,,
10/14/2020,TGCR,0.06,0.04,0.06,0.06,0.09,326,,,,,,,,,,,
10/14/2020,BGCR,0.06,0.04,0.06,0.06,0.12,344,,,,,,,,,,,
10/14/2020,SOFR,0.09,0.05,0.06,0.11,0.17,885,,,,,,,,,,,
10/13/2020,EFFR,0.09,0.05,0.08,0.09,0.1,54,0,0.25,,,,,,,,,
10/13/2020,OBFR,0.08,0.04,0.08,0.09,0.2,172,,,,,,,,,,,
10/13/2020,TGCR,0.06,0.04,0.06,0.07,0.09,330,,,,,,,,,,,
10/13/2020,BGCR,0.06,0.04,0.06,0.07,0.13,352,,,,,,,,,,,
10/13/2020,SOFR,0.09,0.05,0.07,0.12,0.17,930,,,,,,,,,,,
10/09/2020,EFFR,0.09,0.05,0.08,0.09,0.1,52,0,0.25,,,,,,,,,
10/09/2020,OBFR,0.08,0.05,0.08,0.09,0.2,165,,,,,,,,,,,
10/09/2020,TGCR,0.06,0.04,0.06,0.06,0.8,331,,,,,,,,,,,
10/09/2020,BGCR,0.06,0.04,0.06,0.06,0.15,356,,,,,,,,,,,
10/09/2020,SOFR,0.09,0.05,0.06,0.11,0.17,894,,,,,,,,,,,
10/08/2020,EFFR,0.09,0.07,0.08,0.09,0.1,56,0,0.25,,,,,,,,,
10/08/2020,OBFR,0.08,0.04,0.08,0.09,0.2,172,,,,,,,,,,,
10/08/2020,TGCR,0.06,0.04,0.05,0.06,0.09,328,,,,,,,,,,,
10/08/2020,BGCR,0.06,0.04,0.05,0.06,0.13,347,,,,,,,,,,,
10/08/2020,SOFR,0.08,0.05,0.06,0.1,0.16,924,,,,,,,,,,,
10/07/2020,EFFR,0.09,0.07,0.08,0.09,0.1,58,0,0.25,,,,,,,,,
10/07/2020,OBFR,0.08,0.05,0.08,0.09,0.2,171,,,,,,,,,,,
10/07/2020,TGCR,0.07,0.05,0.07,0.07,0.09,327,,,,,,,,,,,
10/07/2020,BGCR,0.07,0.05,0.07,0.07,0.12,358,,,,,,,,,,,
10/07/2020,SOFR,0.09,0.06,0.07,0.12,0.18,925,,,,,,,,,,,
10/06/2020,EFFR,0.09,0.07,0.08,0.09,0.11,61,0,0.25,,,,,,,,,
10/06/2020,OBFR,0.08,0.05,0.08,0.09,0.2,170,,,,,,,,,,,
10/06/2020,TGCR,0.07,0.05,0.07,0.07,0.09,330,,,,,,,,,,,
10/06/2020,BGCR,0.07,0.05,0.07,0.07,0.13,350,,,,,,,,,,,
10/06/2020,SOFR,0.1,0.06,0.07,0.12,0.18,920,,,,,,,,,,,
10/05/2020,EFFR,0.09,0.07,0.08,0.09,0.11,57,0,0.25,,,,,,,,,
10/05/2020,OBFR,0.08,0.05,0.08,0.09,0.2,156,,,,,,,,,,,
10/05/2020,TGCR,0.07,0.05,0.07,0.07,0.09,329,,,,,,,,,,,
10/05/2020,BGCR,0.07,0.05,0.07,0.07,0.13,361,,,,,,,,,,,
10/05/2020,SOFR,0.09,0.06,0.07,0.12,0.18,955,,,,,,,,,,,
10/02/2020,EFFR,0.09,0.07,0.08,0.09,0.11,55,0,0.25,,,,,,,,,
10/02/2020,OBFR,0.08,0.03,0.08,0.09,0.2,156,,,,,,,,,,,
10/02/2020,TGCR,0.06,0.05,0.06,0.06,0.1,334,,,,,,,,,,,
10/02/2020,BGCR,0.06,0.05,0.06,0.06,0.14,362,,,,,,,,,,,
10/02/2020,SOFR,0.1,0.05,0.06,0.12,0.17,927,,,,,,,,,,,
10/01/2020,EFFR,0.09,0.07,0.08,0.09,0.11,61,0,0.25,,,,,,,,,
10/01/2020,OBFR,0.08,0.05,0.08,0.09,0.19,153,,,,,,,,,,,
10/01/2020,TGCR,0.05,0.03,0.05,0.05,0.12,338,,,,,,,,,,,
10/01/2020,BGCR,0.05,0.04,0.05,0.05,0.13,374,,,,,,,,,,,
10/01/2020,SOFR,0.08,0.05,0.05,0.11,0.16,1020,,,,,,,,,,,
09/30/2020,EFFR,0.09,0.03,0.07,0.09,0.12,47,0,0.25,,,,,,,,,
09/30/2020,OBFR,0.08,0.01,0.07,0.09,0.19,126,,,,,,,,,,,
09/30/2020,TGCR,0.06,0.04,0.06,0.06,0.09,341,,,,,,,,,,,
09/30/2020,BGCR,0.06,0.04,0.06,0.06,0.12,353,,,,,,,,,,,
09/30/2020,SOFR,0.08,0.05,0.06,0.11,0.17,975,,,,,,,,,,,
09/29/2020,EFFR,0.09,0.06,0.08,0.09,0.12,64,0,0.25,,,,,,,,,
09/29/2020,OBFR,0.08,0.04,0.08,0.09,0.2,195,,,,,,,,,,,
09/29/2020,TGCR,0.05,0.04,0.05,0.05,0.08,336,,,,,,,,,,,
09/29/2020,BGCR,0.05,0.04,0.05,0.05,0.11,351,,,,,,,,,,,
09/29/2020,SOFR,0.07,0.05,0.05,0.1,0.16,916,,,,,,,,,,,
09/28/2020,EFFR,0.09,0.05,0.08,0.09,0.11,70,0,0.25,,,,,,,,,
09/28/2020,OBFR,0.08,0.04,0.08,0.09,0.2,195,,,,,,,,,,,
09/28/2020,TGCR,0.06,0.04,0.06,0.06,0.08,344,,,,,,,,,,,
09/28/2020,BGCR,0.06,0.04,0.06,0.06,0.12,378,,,,,,,,,,,
09/28/2020,SOFR,0.08,0.05,0.06,0.11,0.17,923,,,,,,,,,,,
09/25/2020,EFFR,0.09,0.07,0.08,0.09,0.11,68,0,0.25,,,,,,,,,
09/25/2020,OBFR,0.08,0.04,0.08,0.09,0.2,186,,,,,,,,,,,
09/25/2020,TGCR,0.06,0.04,0.06,0.06,0.08,334,,,,,,,,,,,
09/25/2020,BGCR,0.06,0.04,0.06,0.06,0.12,355,,,,,,,,,,,
09/25/2020,SOFR,0.08,0.05,0.06,0.11,0.17,929,,,,,,,,,,,
09/24/2020,EFFR,0.09,0.06,0.08,0.09,0.11,72,0,0.25,,,,,,,,,
09/24/2020,OBFR,0.08,0.04,0.08,0.09,0.18,202,,,,,,,,,,,
09/24/2020,TGCR,0.04,0.02,0.04,0.04,0.08,337,,,,,,,,,,,
09/24/2020,BGCR,0.04,0.02,0.04,0.04,0.12,355,,,,,,,,,,,
09/24/2020,SOFR,0.07,0.04,0.04,0.09,0.15,919,,,,,,,,,,,
09/23/2020,EFFR,0.09,0.05,0.08,0.09,0.11,70,0,0.25,,,,,,,,,
09/23/2020,OBFR,0.08,0.04,0.08,0.09,0.15,208,,,,,,,,,,,
09/23/2020,TGCR,0.04,0.03,0.04,0.04,0.08,340,,,,,,,,,,,
09/23/2020,BGCR,0.04,0.03,0.04,0.04,0.08,367,,,,,,,,,,,
09/23/2020,SOFR,0.06,0.03,0.04,0.08,0.16,945,,,,,,,,,,,
09/22/2020,EFFR,0.09,0.06,0.08,0.09,0.11,66,0,0.25,,,,,,,,,
09/22/2020,OBFR,0.08,0.03,0.08,0.09,0.18,184,,,,,,,,,,,
09/22/2020,TGCR,0.05,0.03,0.05,0.05,0.09,341,,,,,,,,,,,
09/22/2020,BGCR,0.05,0.03,0.05,0.05,0.09,366,,,,,,,,,,,
09/22/2020,SOFR,0.07,0.04,0.05,0.09,0.16,941,,,,,,,,,,,
09/21/2020,EFFR,0.09,0.07,0.08,0.09,0.11,64,0,0.25,,,,,,,,,
09/21/2020,OBFR,0.08,0.04,0.08,0.09,0.18,179,,,,,,,,,,,
09/21/2020,TGCR,0.06,0.04,0.06,0.06,0.09,339,,,,,,,,,,,
09/21/2020,BGCR,0.06,0.02,0.06,0.06,0.12,369,,,,,,,,,,,
09/21/2020,SOFR,0.08,0.04,0.06,0.11,0.18,925,,,,,,,,,,,
09/18/2020,EFFR,0.09,0.07,0.08,0.09,0.11,68,0,0.25,,,,,,,,,
09/18/2020,OBFR,0.09,0.03,0.08,0.09,0.2,164,,,,,,,,,,,
09/18/2020,TGCR,0.07,0.05,0.07,0.07,0.09,347,,,,,,,,,,,
09/18/2020,BGCR,0.07,0.05,0.07,0.07,0.1,359,,,,,,,,,,,
09/18/2020,SOFR,0.09,0.06,0.07,0.12,0.18,896,,,,,,,,,,,
09/17/2020,EFFR,0.09,0.06,0.08,0.09,0.11,73,0,0.25,,,,,,,,,
09/17/2020,OBFR,0.08,0.04,0.08,0.09,0.2,168,,,,,,,,,,,
09/17/2020,TGCR,0.07,0.05,0.07,0.07,0.09,348,,,,,,,,,,,
09/17/2020,BGCR,0.07,0.05,0.07,0.07,0.13,364,,,,,,,,,,,
09/17/2020,SOFR,0.1,0.06,0.07,0.13,0.19,892,,,,,,,,,,,
09/16/2020,EFFR,0.09,0.06,0.08,0.09,0.11,61,0,0.25,,,,,,,,,
09/16/2020,OBFR,0.08,0.04,0.08,0.09,0.2,158,,,,,,,,,,,
09/16/2020,TGCR,0.07,0.05,0.07,0.07,0.09,341,,,,,,,,,,,
09/16/2020,BGCR,0.07,0.05,0.07,0.07,0.13,354,,,,,,,,,,,
09/16/2020,SOFR,0.1,0.06,0.07,0.13,0.19,899,,,,,,,,,,,
09/15/2020,EFFR,0.09,0.07,0.09,0.09,0.11,55,0,0.25,,,,,,,,,
09/15/2020,OBFR,0.09,0.04,0.08,0.09,0.2,148,,,,,,,,,,,
09/15/2020,TGCR,0.07,0.06,0.07,0.07,0.1,348,,,,,,,,,,,
09/15/2020,BGCR,0.07,0.06,0.07,0.08,0.13,365,,,,,,,,,,,
09/15/2020,SOFR,0.1,0.07,0.07,0.13,0.19,938,,,,,,,,,,,
09/14/2020,EFFR,0.09,0.07,0.08,0.09,0.11,57,0,0.25,,,,,,,,,
09/14/2020,OBFR,0.08,0.03,0.08,0.09,0.2,156,,,,,,,,,,,
09/14/2020,TGCR,0.07,0.05,0.07,0.07,0.09,347,,,,,,,,,,,
09/14/2020,BGCR,0.07,0.05,0.07,0.07,0.12,363,,,,,,,,,,,
09/14/2020,SOFR,0.09,0.06,0.07,0.12,0.18,881,,,,,,,,,,,
09/11/2020,EFFR,0.09,0.06,0.08,0.1,0.11,52,0,0.25,,,,,,,,,
09/11/2020,OBFR,0.08,0.03,0.08,0.09,0.2,149,,,,,,,,,,,
09/11/2020,TGCR,0.07,0.05,0.07,0.07,0.09,356,,,,,,,,,,,
09/11/2020,BGCR,0.07,0.05,0.07,0.07,0.13,376,,,,,,,,,,,
09/11/2020,SOFR,0.09,0.06,0.07,0.12,0.18,900,,,,,,,,,,,
09/10/2020,EFFR,0.09,0.07,0.08,0.09,0.11,64,0,0.25,,,,,,,,,
09/10/2020,OBFR,0.08,0.03,0.08,0.09,0.2,165,,,,,,,,,,,
09/10/2020,TGCR,0.07,0.05,0.07,0.07,0.1,358,,,,,,,,,,,
09/10/2020,BGCR,0.07,0.05,0.07,0.07,0.13,378,,,,,,,,,,,
09/10/2020,SOFR,0.09,0.06,0.07,0.13,0.19,924,,,,,,,,,,,
09/09/2020,EFFR,0.09,0.07,0.08,0.09,0.11,59,0,0.25,,,,,,,,,
09/09/2020,OBFR,0.08,0.04,0.08,0.09,0.2,152,,,,,,,,,,,
09/09/2020,TGCR,0.07,0.05,0.07,0.07,0.1,362,,,,,,,,,,,
09/09/2020,BGCR,0.07,0.05,0.07,0.07,0.13,379,,,,,,,,,,,
09/09/2020,SOFR,0.09,0.06,0.07,0.12,0.18,937,,,,,,,,,,,
09/08/2020,EFFR,0.09,0.08,0.08,0.09,0.11,63,0,0.25,,,,,,,,,
09/08/2020,OBFR,0.08,0.04,0.08,0.09,0.2,160,,,,,,,,,,,
09/08/2020,TGCR,0.07,0.05,0.07,0.07,0.1,351,,,,,,,,,,,
09/08/2020,BGCR,0.07,0.05,0.07,0.07,0.13,375,,,,,,,,,,,
09/08/2020,SOFR,0.09,0.06,0.07,0.13,0.19,957,,,,,,,,,,,
09/04/2020,EFFR,0.09,0.07,0.08,0.09,0.11,59,0,0.25,,,,,,,,,
09/04/2020,OBFR,0.08,0.04,0.08,0.09,0.2,149,,,,,,,,,,,
09/04/2020,TGCR,0.07,0.05,0.07,0.07,0.1,349,,,,,,,,,,,
09/04/2020,BGCR,0.07,0.05,0.07,0.07,0.13,370,,,,,,,,,,,
09/04/2020,SOFR,0.09,0.06,0.07,0.13,0.18,935,,,,,,,,,,,
09/03/2020,EFFR,0.09,0.06,0.08,0.09,0.11,63,0,0.25,,,,,,,,,
09/03/2020,OBFR,0.08,0.05,0.08,0.09,0.2,171,,,,,,,,,,,
09/03/2020,TGCR,0.06,0.04,0.06,0.06,0.11,351,,,,,,,,,,,
09/03/2020,BGCR,0.06,0.05,0.06,0.07,0.14,374,,,,,,,,,,,
09/03/2020,SOFR,0.1,0.06,0.06,0.12,0.17,955,,,,,,,,,,,
09/02/2020,EFFR,0.09,0.07,0.08,0.09,0.11,63,0,0.25,,,,,,,,,
09/02/2020,OBFR,0.08,0.04,0.08,0.09,0.2,163,,,,,,,,,,,
09/02/2020,TGCR,0.06,0.04,0.06,0.06,0.12,359,,,,,,,,,,,
09/02/2020,BGCR,0.06,0.05,0.06,0.06,0.13,376,,,,,,,,,,,
09/02/2020,SOFR,0.09,0.05,0.06,0.12,0.17,947,,,,,,,,,,,
09/01/2020,EFFR,0.09,0.07,0.08,0.09,0.11,62,0,0.25,,,,,,,,,
09/01/2020,OBFR,0.08,0.04,0.08,0.09,0.2,154,,,,,,,,,,,
09/01/2020,TGCR,0.06,0.04,0.06,0.06,0.12,353,,,,,,,,,,,
09/01/2020,BGCR,0.06,0.04,0.06,0.06,0.14,370,,,,,,,,,,,
09/01/2020,SOFR,0.09,0.05,0.06,0.12,0.17,969,,,,,,,,,,,
08/31/2020,EFFR,0.09,0.03,0.08,0.09,0.12,63,0,0.25,,,,,,,,,
08/31/2020,OBFR,0.08,0.03,0.08,0.09,0.2,173,,,,,,,,,,,
08/31/2020,TGCR,0.07,0.04,0.07,0.07,0.13,361,,,,,,,,,,,
08/31/2020,BGCR,0.07,0.05,0.07,0.07,0.13,380,,,,,,,,,,,
08/31/2020,SOFR,0.09,0.06,0.07,0.13,0.19,934,,,,,,,,,,,
08/28/2020,EFFR,0.09,0.07,0.08,0.09,0.11,66,0,0.25,,,,,,,,,
08/28/2020,OBFR,0.08,0.05,0.08,0.09,0.2,184,,,,,,,,,,,
08/28/2020,TGCR,0.05,0.04,0.05,0.05,0.11,354,,,,,,,,,,,
08/28/2020,BGCR,0.05,0.04,0.05,0.05,0.11,369,,,,,,,,,,,
08/28/2020,SOFR,0.07,0.04,0.05,0.1,0.16,881,,,,,,,,,,,
08/27/2020,EFFR,0.08,0.07,0.08,0.09,0.11,69,0,0.25,,,,,,,,,
08/27/2020,OBFR,0.08,0.03,0.08,0.09,0.2,193,,,,,,,,,,,
08/27/2020,TGCR,0.05,0.04,0.05,0.05,0.1,360,,,,,,,,,,,
08/27/2020,BGCR,0.05,0.04,0.05,0.05,0.11,373,,,,,,,,,,,
08/27/2020,SOFR,0.07,0.05,0.05,0.1,0.16,898,,,,,,,,,,,
08/26/2020,EFFR,0.09,0.05,0.08,0.09,0.11,65,0,0.25,,,,,,,,,
08/26/2020,OBFR,0.08,0.05,0.08,0.09,0.2,179,,,,,,,,,,,
08/26/2020,TGCR,0.05,0.04,0.05,0.06,0.1,359,,,,,,,,,,,
08/26/2020,BGCR,0.05,0.04,0.05,0.06,0.11,374,,,,,,,,,,,
08/26/2020,SOFR,0.07,0.05,0.05,0.1,0.16,938,,,,,,,,,,,
08/25/2020,EFFR,0.09,0.06,0.08,0.09,0.11,66,0,0.25,,,,,,,,,
08/25/2020,OBFR,0.08,0.05,0.08,0.09,0.2,183,,,,,,,,,,,
08/25/2020,TGCR,0.06,0.04,0.06,0.06,0.11,354,,,,,,,,,,,
08/25/2020,BGCR,0.06,0.04,0.06,0.06,0.12,368,,,,,,,,,,,
08/25/2020,SOFR,0.08,0.05,0.06,0.11,0.17,931,,,,,,,,,,,
08/24/2020,EFFR,0.09,0.05,0.08,0.09,0.11,58,0,0.25,,,,,,,,,
08/24/2020,OBFR,0.08,0.05,0.08,0.09,0.2,175,,,,,,,,,,,
08/24/2020,TGCR,0.06,0.04,0.05,0.06,0.11,360,,,,,,,,,,,
08/24/2020,BGCR,0.06,0.04,0.05,0.06,0.11,379,,,,,,,,,,,
08/24/2020,SOFR,0.08,0.05,0.06,0.11,0.16,935,,,,,,,,,,,
08/21/2020,EFFR,0.09,0.06,0.08,0.09,0.11,59,0,0.25,,,,,,,,,
08/21/2020,OBFR,0.08,0.05,0.08,0.09,0.2,175,,,,,,,,,,,
08/21/2020,TGCR,0.05,0.02,0.05,0.05,0.1,365,,,,,,,,,,,
08/21/2020,BGCR,0.05,0.02,0.05,0.05,0.12,388,,,,,,,,,,,
08/21/2020,SOFR,0.07,0.04,0.05,0.1,0.16,959,,,,,,,,,,,
08/20/2020,EFFR,0.09,0.06,0.08,0.09,0.2,59,0,0.25,,,,,,,,,
08/20/2020,OBFR,0.08,0.05,0.08,0.09,0.2,186,,,,,,,,,,,
08/20/2020,TGCR,0.05,0.03,0.05,0.05,0.09,366,,,,,,,,,,,
08/20/2020,BGCR,0.05,0.03,0.05,0.05,0.12,385,,,,,,,,,,,
08/20/2020,SOFR,0.07,0.04,0.05,0.09,0.16,983,,,,,,,,,,,
08/19/2020,EFFR,0.09,0.05,0.09,0.1,0.11,58,0,0.25,,,,,,,,,
08/19/2020,OBFR,0.08,0.05,0.08,0.09,0.2,166,,,,,,,,,,,
08/19/2020,TGCR,0.07,0.01,0.07,0.07,0.11,360,,,,,,,,,,,
08/19/2020,BGCR,0.07,0.01,0.07,0.07,0.12,375,,,,,,,,,,,
08/19/2020,SOFR,0.09,0.04,0.07,0.12,0.18,961,,,,,,,,,,,
08/18/2020,EFFR,0.09,0.05,0.09,0.1,0.11,57,0,0.25,,,,,,,,,
08/18/2020,OBFR,0.09,0.04,0.08,0.09,0.2,155,,,,,,,,,,,
08/18/2020,TGCR,0.07,0.05,0.07,0.07,0.12,361,,,,,,,,,,,
08/18/2020,BGCR,0.07,0.05,0.07,0.07,0.12,381,,,,,,,,,,,
08/18/2020,SOFR,0.09,0.06,0.07,0.12,0.18,977,,,,,,,,,,,
08/17/2020,EFFR,0.1,0.05,0.09,0.1,0.11,57,0,0.25,,,,,,,,,
08/17/2020,OBFR,0.09,0.04,0.08,0.1,0.2,154,,,,,,,,,,,
08/17/2020,TGCR,0.07,0.06,0.07,0.07,0.13,359,,,,,,,,,,,
08/17/2020,BGCR,0.07,0.06,0.07,0.07,0.14,380,,,,,,,,,,,
08/17/2020,SOFR,0.1,0.07,0.07,0.13,0.19,944,,,,,,,,,,,
08/14/2020,EFFR,0.1,0.05,0.09,0.1,0.11,56,0,0.25,,,,,,,,,
08/14/2020,OBFR,0.09,0.04,0.08,0.1,0.21,146,,,,,,,,,,,
08/14/2020,TGCR,0.07,0.05,0.07,0.07,0.12,358,,,,,,,,,,,
08/14/2020,BGCR,0.07,0.05,0.07,0.07,0.13,377,,,,,,,,,,,
08/14/2020,SOFR,0.09,0.06,0.07,0.12,0.18,930,,,,,,,,,,,
08/13/2020,EFFR,0.1,0.05,0.09,0.1,0.11,56,0,0.25,,,,,,,,,
08/13/2020,OBFR,0.09,0.03,0.08,0.1,0.2,151,,,,,,,,,,,
08/13/2020,TGCR,0.07,0.05,0.07,0.07,0.12,364,,,,,,,,,,,
08/13/2020,BGCR,0.07,0.05,0.07,0.07,0.13,384,,,,,,,,,,,
08/13/2020,SOFR,0.09,0.06,0.07,0.12,0.18,989,,,,,,,,,,,
08/12/2020,EFFR,0.1,0.05,0.09,0.1,0.12,55,0,0.25,,,,,,,,,
08/12/2020,OBFR,0.09,0.04,0.08,0.1,0.2,145,,,,,,,,,,,
08/12/2020,TGCR,0.07,0.05,0.07,0.07,0.12,361,,,,,,,,,,,
08/12/2020,BGCR,0.07,0.05,0.07,0.07,0.13,382,,,,,,,,,,,
08/12/2020,SOFR,0.09,0.06,0.07,0.12,0.18,964,,,,,,,,,,,
08/11/2020,EFFR,0.1,0.05,0.09,0.1,0.12,54,0,0.25,,,,,,,,,
08/11/2020,OBFR,0.09,0.05,0.08,0.1,0.2,149,,,,,,,,,,,
08/11/2020,TGCR,0.07,0.05,0.07,0.07,0.12,369,,,,,,,,,,,
08/11/2020,BGCR,0.07,0.05,0.07,0.07,0.14,395,,,,,,,,,,,
08/11/2020,SOFR,0.1,0.06,0.07,0.12,0.18,956,,,,,,,,,,,
08/10/2020,EFFR,0.1,0.05,0.09,0.1,0.15,51,0,0.25,,,,,,,,,
08/10/2020,OBFR,0.09,0.05,0.08,0.1,0.2,141,,,,,,,,,,,
08/10/2020,TGCR,0.07,0.06,0.07,0.07,0.12,367,,,,,,,,,,,
08/10/2020,BGCR,0.07,0.06,0.07,0.07,0.13,381,,,,,,,,,,,
08/10/2020,SOFR,0.09,0.06,0.07,0.12,0.19,948,,,,,,,,,,,
08/07/2020,EFFR,0.1,0.05,0.09,0.1,0.11,54,0,0.25,,,,,,,,,
08/07/2020,OBFR,0.09,0.04,0.08,0.1,0.2,150,,,,,,,,,,,
08/07/2020,TGCR,0.07,0.05,0.07,0.07,0.12,361,,,,,,,,,,,
08/07/2020,BGCR,0.07,0.06,0.07,0.07,0.13,374,,,,,,,,,,,
08/07/2020,SOFR,0.09,0.06,0.07,0.12,0.19,944,,,,,,,,,,,
08/06/2020,EFFR,0.1,0.05,0.09,0.1,0.11,56,0,0.25,,,,,,,,,
08/06/2020,OBFR,0.09,0.04,0.08,0.1,0.2,160,,,,,,,,,,,
08/06/2020,TGCR,0.07,0.06,0.07,0.07,0.12,375,,,,,,,,,,,
08/06/2020,BGCR,0.07,0.06,0.07,0.07,0.13,401,,,,,,,,,,,
08/06/2020,SOFR,0.09,0.07,0.07,0.12,0.19,1029,,,,,,,,,,,
08/05/2020,EFFR,0.1,0.05,0.09,0.1,0.12,53,0,0.25,,,,,,,,,
08/05/2020,OBFR,0.09,0.04,0.08,0.1,0.2,157,,,,,,,,,,,
08/05/2020,TGCR,0.07,0.06,0.07,0.07,0.13,374,,,,,,,,,,,
08/05/2020,BGCR,0.07,0.06,0.07,0.07,0.13,395,,,,,,,,,,,
08/05/2020,SOFR,0.09,0.07,0.07,0.12,0.18,1028,,,,,,,,,,,
08/04/2020,EFFR,0.1,0.05,0.09,0.1,0.11,53,0,0.25,,,,,,,,,
08/04/2020,OBFR,0.09,0.04,0.08,0.1,0.2,150,,,,,,,,,,,
08/04/2020,TGCR,0.07,0.05,0.07,0.07,0.13,375,,,,,,,,,,,
08/04/2020,BGCR,0.07,0.05,0.07,0.07,0.13,402,,,,,,,,,,,
08/04/2020,SOFR,0.09,0.06,0.07,0.13,0.18,1051,,,,,,,,,,,
08/03/2020,EFFR,0.1,0.05,0.09,0.1,0.11,51,0,0.25,,,,,,,,,
08/03/2020,OBFR,0.09,0.02,0.08,0.1,0.2,147,,,,,,,,,,,
08/03/2020,TGCR,0.07,0.05,0.07,0.08,0.13,378,,,,,,,,,,,
08/03/2020,BGCR,0.07,0.05,0.07,0.08,0.13,397,,,,,,,,,,,
08/03/2020,SOFR,0.1,0.07,0.08,0.13,0.18,991,,,,,,,,,,,
07/31/2020,EFFR,0.1,0.07,0.08,0.1,0.11,50,0,0.25,,,,,,,,,
07/31/2020,OBFR,0.09,0.03,0.08,0.1,0.2,137,,,,,,,,,,,
07/31/2020,TGCR,0.08,0.05,0.07,0.08,0.14,383,,,,,,,,,,,
07/31/2020,BGCR,0.08,0.06,0.07,0.08,0.14,412,,,,,,,,,,,
07/31/2020,SOFR,0.1,0.07,0.08,0.14,0.2,1034,,,,,,,,,,,
07/30/2020,EFFR,0.1,0.06,0.09,0.1,0.12,56,0,0.25,,,,,,,,,
07/30/2020,OBFR,0.09,0.04,0.08,0.1,0.2,149,,,,,,,,,,,
07/30/2020,TGCR,0.07,0.05,0.07,0.07,0.12,374,,,,,,,,,,,
07/30/2020,BGCR,0.07,0.05,0.07,0.07,0.12,395,,,,,,,,,,,
07/30/2020,SOFR,0.1,0.06,0.07,0.12,0.18,928,,,,,,,,,,,
07/29/2020,EFFR,0.1,0.05,0.09,0.1,0.11,46,0,0.25,,,,,,,,,
07/29/2020,OBFR,0.09,0.04,0.08,0.1,0.2,143,,,,,,,,,,,
07/29/2020,TGCR,0.07,0.05,0.07,0.07,0.14,377,,,,,,,,,,,
07/29/2020,BGCR,0.07,0.05,0.07,0.07,0.14,402,,,,,,,,,,,
07/29/2020,SOFR,0.09,0.06,0.07,0.12,0.19,948,,,,,,,,,,,
07/28/2020,EFFR,0.1,0.05,0.09,0.1,0.11,47,0,0.25,,,,,,,,,
07/28/2020,OBFR,0.09,0.04,0.08,0.09,0.2,151,,,,,,,,,,,
07/28/2020,TGCR,0.08,0.05,0.08,0.08,0.14,379,,,,,,,,,,,
07/28/2020,BGCR,0.08,0.05,0.08,0.08,0.14,406,,,,,,,,,,,
07/28/2020,SOFR,0.1,0.07,0.08,0.13,0.19,955,,,,,,,,,,,
07/27/2020,EFFR,0.1,0.05,0.09,0.1,0.15,46,0,0.25,,,,,,,,,
07/27/2020,OBFR,0.09,0.03,0.08,0.1,0.19,146,,,,,,,,,,,
07/27/2020,TGCR,0.08,0.04,0.08,0.08,0.14,380,,,,,,,,,,,
07/27/2020,BGCR,0.08,0.04,0.08,0.08,0.14,407,,,,,,,,,,,
07/27/2020,SOFR,0.1,0.07,0.08,0.14,0.19,973,,,,,,,,,,,
07/24/2020,EFFR,0.09,0.05,0.09,0.1,0.11,45,0,0.25,,,,,,,,,
07/24/2020,OBFR,0.09,0.03,0.08,0.09,0.2,138,,,,,,,,,,,
07/24/2020,TGCR,0.07,0.06,0.07,0.08,0.13,381,,,,,,,,,,,
07/24/2020,BGCR,0.07,0.06,0.07,0.08,0.14,403,,,,,,,,,,,
07/24/2020,SOFR,0.1,0.07,0.08,0.13,0.19,950,,,,,,,,,,,
07/23/2020,EFFR,0.09,0.05,0.09,0.1,0.12,50,0,0.25,,,,,,,,,
07/23/2020,OBFR,0.09,0.04,0.08,0.09,0.19,152,,,,,,,,,,,
07/23/2020,TGCR,0.08,0.06,0.08,0.08,0.13,378,,,,,,,,,,,
07/23/2020,BGCR,0.08,0.06,0.08,0.08,0.13,392,,,,,,,,,,,
07/23/2020,SOFR,0.1,0.07,0.08,0.13,0.2,942,,,,,,,,,,,
07/22/2020,EFFR,0.09,0.05,0.09,0.1,0.11,47,0,0.25,,,,,,,,,
07/22/2020,OBFR,0.09,0.04,0.08,0.1,0.2,155,,,,,,,,,,,
07/22/2020,TGCR,0.08,0.04,0.08,0.08,0.13,377,,,,,,,,,,,
07/22/2020,BGCR,0.08,0.04,0.08,0.08,0.14,394,,,,,,,,,,,
07/22/2020,SOFR,0.1,0.06,0.08,0.13,0.2,1031,,,,,,,,,,,
07/21/2020,EFFR,0.1,0.05,0.09,0.1,0.11,44,0,0.25,,,,,,,,,
07/21/2020,OBFR,0.09,0.04,0.08,0.1,0.2,145,,,,,,,,,,,
07/21/2020,TGCR,0.08,0.05,0.08,0.09,0.14,387,,,,,,,,,,,
07/21/2020,BGCR,0.08,0.05,0.08,0.09,0.14,416,,,,,,,,,,,
07/21/2020,SOFR,0.11,0.07,0.08,0.14,0.2,963,,,,,,,,,,,
07/20/2020,EFFR,0.1,0.05,0.09,0.1,0.11,43,0,0.25,,,,,,,,,
07/20/2020,OBFR,0.09,0.04,0.08,0.1,0.19,140,,,,,,,,,,,
07/20/2020,TGCR,0.09,0.05,0.08,0.09,0.14,377,,,,,,,,,,,
07/20/2020,BGCR,0.09,0.05,0.08,0.09,0.14,398,,,,,,,,,,,
07/20/2020,SOFR,0.12,0.07,0.09,0.14,0.2,975,,,,,,,,,,,
07/17/2020,EFFR,0.09,0.05,0.09,0.1,0.11,49,0,0.25,,,,,,,,,
07/17/2020,OBFR,0.09,0.03,0.08,0.1,0.2,134,,,,,,,,,,,
07/17/2020,TGCR,0.09,0.06,0.08,0.09,0.15,378,,,,,,,,,,,
07/17/2020,BGCR,0.09,0.06,0.08,0.09,0.15,406,,,,,,,,,,,
07/17/2020,SOFR,0.12,0.07,0.09,0.15,0.2,988,,,,,,,,,,,
07/16/2020,EFFR,0.1,0.05,0.09,0.1,0.11,55,0,0.25,,,,,,,,,
07/16/2020,OBFR,0.1,0.03,0.08,0.1,0.2,152,,,,,,,,,,,
07/16/2020,TGCR,0.08,0.06,0.08,0.09,0.14,379,,,,,,,,,,,
07/16/2020,BGCR,0.08,0.06,0.08,0.09,0.14,398,,,,,,,,,,,
07/16/2020,SOFR,0.12,0.07,0.08,0.14,0.2,957,,,,,,,,,,,
07/15/2020,EFFR,0.1,0.05,0.09,0.11,0.12,55,0,0.25,,,,,,,,,
07/15/2020,OBFR,0.09,0.03,0.08,0.11,0.18,150,,,,,,,,,,,
07/15/2020,TGCR,0.11,0.06,0.11,0.11,0.17,374,,,,,,,,,,,
07/15/2020,BGCR,0.11,0.06,0.11,0.11,0.17,391,,,,,,,,,,,
07/15/2020,SOFR,0.13,0.09,0.11,0.17,0.24,939,,,,,,,,,,,
07/14/2020,EFFR,0.09,0.05,0.08,0.1,0.11,54,0,0.25,,,,,,,,,
07/14/2020,OBFR,0.09,0.03,0.08,0.09,0.18,141,,,,,,,,,,,
07/14/2020,TGCR,0.09,0.05,0.08,0.09,0.15,372,,,,,,,,,,,
07/14/2020,BGCR,0.09,0.05,0.08,0.09,0.15,397,,,,,,,,,,,
07/14/2020,SOFR,0.11,0.07,0.09,0.15,0.2,972,,,,,,,,,,,
07/13/2020,EFFR,0.09,0.04,0.08,0.1,0.12,54,0,0.25,,,,,,,,,
07/13/2020,OBFR,0.09,0.03,0.08,0.09,0.18,144,,,,,,,,,,,
07/13/2020,TGCR,0.08,0.06,0.08,0.08,0.15,370,,,,,,,,,,,
07/13/2020,BGCR,0.08,0.06,0.08,0.08,0.15,389,,,,,,,,,,,
07/13/2020,SOFR,0.1,0.07,0.08,0.14,0.2,960,,,,,,,,,,,
07/10/2020,EFFR,0.09,0.04,0.08,0.09,0.11,56,0,0.25,,,,,,,,,
07/10/2020,OBFR,0.09,0.03,0.08,0.09,0.19,133,,,,,,,,,,,
07/10/2020,TGCR,0.08,0.05,0.08,0.08,0.14,378,,,,,,,,,,,
07/10/2020,BGCR,0.08,0.05,0.08,0.08,0.15,400,,,,,,,,,,,
07/10/2020,SOFR,0.1,0.07,0.08,0.14,0.19,942,,,,,,,,,,,
07/09/2020,EFFR,0.09,0.05,0.08,0.09,0.11,60,0,0.25,,,,,,,,,
07/09/2020,OBFR,0.09,0.03,0.08,0.09,0.19,148,,,,,,,,,,,
07/09/2020,TGCR,0.08,0.05,0.08,0.08,0.14,385,,,,,,,,,,,
07/09/2020,BGCR,0.08,0.06,0.08,0.08,0.15,413,,,,,,,,,,,
07/09/2020,SOFR,0.1,0.07,0.08,0.14,0.2,984,,,,,,,,,,,
07/08/2020,EFFR,0.09,0.03,0.08,0.09,0.11,59,0,0.25,,,,,,,,,
07/08/2020,OBFR,0.09,0.03,0.08,0.09,0.19,153,,,,,,,,,,,
07/08/2020,TGCR,0.08,0.06,0.07,0.08,0.13,384,,,,,,,,,,,
07/08/2020,BGCR,0.08,0.06,0.07,0.08,0.14,404,,,,,,,,,,,
07/08/2020,SOFR,0.1,0.07,0.08,0.13,0.2,954,,,,,,,,,,,
07/07/2020,EFFR,0.09,0.04,0.08,0.1,0.11,59,0,0.25,,,,,,,,,
07/07/2020,OBFR,0.09,0.03,0.08,0.09,0.18,155,,,,,,,,,,,
07/07/2020,TGCR,0.08,0.06,0.08,0.08,0.15,384,,,,,,,,,,,
07/07/2020,BGCR,0.08,0.06,0.08,0.09,0.15,402,,,,,,,,,,,
07/07/2020,SOFR,0.1,0.07,0.08,0.15,0.21,969,,,,,,,,,,,
07/06/2020,EFFR,0.09,0.05,0.08,0.1,0.11,62,0,0.25,,,,,,,,,
07/06/2020,OBFR,0.09,0.03,0.08,0.09,0.18,161,,,,,,,,,,,
07/06/2020,TGCR,0.08,0.06,0.08,0.08,0.15,376,,,,,,,,,,,
07/06/2020,BGCR,0.08,0.06,0.08,0.09,0.15,397,,,,,,,,,,,
07/06/2020,SOFR,0.1,0.07,0.08,0.15,0.21,977,,,,,,,,,,,
07/03/2020,EFFR,0.09,0.05,0.08,0.09,0.1,65,0,0.25,,,,,,,,,
07/03/2020,OBFR,0.09,0.03,0.08,0.1,0.14,85,,,,,,,,,,,
07/02/2020,EFFR,0.09,0.03,0.08,0.09,0.1,65,0,0.25,,,,,,,,,
07/02/2020,OBFR,0.09,0.03,0.08,0.09,0.14,84,,,,,,,,,,,
07/02/2020,TGCR,0.07,0.05,0.07,0.08,0.14,375,,,,,,,,,,,
07/02/2020,BGCR,0.07,0.06,0.07,0.08,0.16,398,,,,,,,,,,,
07/02/2020,SOFR,0.11,0.07,0.08,0.14,0.2,952,,,,,,,,,,,
07/01/2020,EFFR,0.08,0.03,0.08,0.09,0.11,66,0,0.25,,,,,,,,,
07/01/2020,OBFR,0.08,0.03,0.08,0.09,0.18,152,,,,,,,,,,,
07/01/2020,TGCR,0.07,0.05,0.07,0.07,0.13,384,,,,,,,,,,,
07/01/2020,BGCR,0.07,0.05,0.07,0.08,0.14,420,,,,,,,,,,,
07/01/2020,SOFR,0.11,0.06,0.07,0.13,0.19,1003,,,,,,,,,,,
06/30/2020,EFFR,0.08,0.02,0.08,0.09,0.11,58,0,0.25,,,,,,,,,
06/30/2020,OBFR,0.08,0.01,0.08,0.09,0.19,139,,,,,,,,,,,
06/30/2020,TGCR,0.07,0.05,0.07,0.07,0.14,383,,,,,,,,,,,
06/30/2020,BGCR,0.07,0.05,0.07,0.07,0.14,411,,,,,,,,,,,
06/30/2020,SOFR,0.1,0.06,0.07,0.13,0.2,970,,,,,,,,,,,
06/29/2020,EFFR,0.08,0.03,0.08,0.09,0.1,71,0,0.25,,,,,,,,,
06/29/2020,OBFR,0.08,0.03,0.08,0.09,0.18,162,,,,,,,,,,,
06/29/2020,TGCR,0.06,0.04,0.06,0.06,0.13,381,,,,,,,,,,,
06/29/2020,BGCR,0.06,0.04,0.06,0.07,0.13,406,,,,,,,,,,,
06/29/2020,SOFR,0.08,0.05,0.06,0.12,0.19,940,,,,,,,,,,,
06/26/2020,EFFR,0.08,0.03,0.08,0.09,0.11,78,0,0.25,,,,,,,,,
06/26/2020,OBFR,0.08,0.03,0.08,0.09,0.18,171,,,,,,,,,,,
06/26/2020,TGCR,0.06,0.04,0.06,0.06,0.12,382,,,,,,,,,,,
06/26/2020,BGCR,0.06,0.04,0.06,0.07,0.13,406,,,,,,,,,,,
06/26/2020,SOFR,0.08,0.05,0.06,0.12,0.19,938,,,,,,,,,,,
06/25/2020,EFFR,0.08,0.03,0.08,0.09,0.11,79,0,0.25,,,,,,,,,
06/25/2020,OBFR,0.08,0.03,0.08,0.09,0.18,182,,,,,,,,,,,
06/25/2020,TGCR,0.06,0.04,0.06,0.07,0.13,386,,,,,,,,,,,
06/25/2020,BGCR,0.06,0.04,0.06,0.07,0.13,419,,,,,,,,,,,
06/25/2020,SOFR,0.09,0.05,0.07,0.13,0.19,984,,,,,,,,,,,
06/24/2020,EFFR,0.08,0.03,0.08,0.09,0.11,74,0,0.25,,,,,,,,,
06/24/2020,OBFR,0.08,0.03,0.08,0.09,0.18,178,,,,,,,,,,,
06/24/2020,TGCR,0.06,0.04,0.06,0.06,0.12,400,,,,,,,,,,,
06/24/2020,BGCR,0.06,0.04,0.06,0.06,0.12,425,,,,,,,,,,,
06/24/2020,SOFR,0.08,0.05,0.06,0.12,0.18,1015,,,,,,,,,,,
06/23/2020,EFFR,0.08,0.03,0.08,0.09,0.11,71,0,0.25,,,,,,,,,
06/23/2020,OBFR,0.08,0.03,0.08,0.09,0.18,188,,,,,,,,,,,
06/23/2020,TGCR,0.05,0.04,0.05,0.05,0.11,404,,,,,,,,,,,
06/23/2020,BGCR,0.05,0.04,0.05,0.05,0.12,427,,,,,,,,,,,
06/23/2020,SOFR,0.07,0.04,0.05,0.11,0.18,992,,,,,,,,,,,
06/22/2020,EFFR,0.08,0.03,0.08,0.09,0.11,76,0,0.25,,,,,,,,,
06/22/2020,OBFR,0.08,0.03,0.08,0.09,0.15,189,,,,,,,,,,,
06/22/2020,TGCR,0.06,0.04,0.06,0.06,0.13,402,,,,,,,,,,,
06/22/2020,BGCR,0.06,0.04,0.06,0.06,0.13,421,,,,,,,,,,,
06/22/2020,SOFR,0.08,0.05,0.06,0.12,0.19,1024,,,,,,,,,,,
06/19/2020,EFFR,0.09,0.03,0.08,0.09,0.11,73,0,0.25,,,,,,,,,
06/19/2020,OBFR,0.08,0.03,0.08,0.09,0.18,170,,,,,,,,,,,
06/19/2020,TGCR,0.06,0.04,0.06,0.06,0.13,396,,,,,,,,,,,
06/19/2020,BGCR,0.06,0.05,0.06,0.07,0.13,424,,,,,,,,,,,
06/19/2020,SOFR,0.09,0.06,0.06,0.12,0.19,963,,,,,,,,,,,
06/18/2020,EFFR,0.09,0.04,0.08,0.09,0.11,65,0,0.25,,,,,,,,,
06/18/2020,OBFR,0.08,0.03,0.08,0.09,0.19,163,,,,,,,,,,,
06/18/2020,TGCR,0.07,0.05,0.06,0.07,0.12,405,,,,,,,,,,,
06/18/2020,BGCR,0.07,0.05,0.06,0.07,0.13,431,,,,,,,,,,,
06/18/2020,SOFR,0.09,0.06,0.07,0.12,0.19,1046,,,,,,,,,,,
06/17/2020,EFFR,0.09,0.05,0.08,0.1,0.12,59,0,0.25,,,,,,,,,
06/17/2020,OBFR,0.08,0.04,0.08,0.09,0.19,162,,,,,,,,,,,
06/17/2020,TGCR,0.07,0.05,0.07,0.07,0.13,399,,,,,,,,,,,
06/17/2020,BGCR,0.07,0.05,0.07,0.07,0.13,431,,,,,,,,,,,
06/17/2020,SOFR,0.09,0.06,0.07,0.13,0.19,1012,,,,,,,,,,,
06/16/2020,EFFR,0.09,0.04,0.08,0.09,0.12,57,0,0.25,,,,,,,,,
06/16/2020,OBFR,0.08,0.04,0.08,0.09,0.19,158,,,,,,,,,,,
06/16/2020,TGCR,0.07,0.05,0.07,0.07,0.13,401,,,,,,,,,,,
06/16/2020,BGCR,0.07,0.05,0.07,0.07,0.14,424,,,,,,,,,,,
06/16/2020,SOFR,0.09,0.06,0.07,0.13,0.2,986,,,,,,,,,,,
06/15/2020,EFFR,0.09,0.03,0.08,0.09,0.11,55,0,0.25,,,,,,,,,
06/15/2020,OBFR,0.08,0.03,0.08,0.09,0.18,155,,,,,,,,,,,
06/15/2020,TGCR,0.07,0.05,0.07,0.07,0.13,396,,,,,,,,,,,
06/15/2020,BGCR,0.07,0.05,0.07,0.07,0.13,421,,,,,,,,,,,
06/15/2020,SOFR,0.09,0.06,0.07,0.13,0.2,1000,,,,,,,,,,,
06/12/2020,EFFR,0.08,0.02,0.07,0.09,0.11,52,0,0.25,,,,,,,,,
06/12/2020,OBFR,0.07,0.03,0.07,0.08,0.18,145,,,,,,,,,,,
06/12/2020,TGCR,0.06,0.04,0.06,0.06,0.13,397,,,,,,,,,,,
06/12/2020,BGCR,0.06,0.04,0.06,0.07,0.13,433,,,,,,,,,,,
06/12/2020,SOFR,0.08,0.05,0.06,0.13,0.19,969,,,,,,,,,,,
06/11/2020,EFFR,0.08,0.03,0.07,0.09,0.11,55,0,0.25,,,,,,,,,
06/11/2020,OBFR,0.07,0.03,0.07,0.08,0.18,165,,,,,,,,,,,
06/11/2020,TGCR,0.06,0.04,0.06,0.06,0.12,405,,,,,,,,,,,
06/11/2020,BGCR,0.06,0.04,0.06,0.06,0.12,424,,,,,,,,,,,
06/11/2020,SOFR,0.08,0.05,0.06,0.12,0.18,1009,,,,,,,,,,,
06/10/2020,EFFR,0.08,0.03,0.07,0.09,0.1,53,0,0.25,,,,,,,,,
06/10/2020,OBFR,0.07,0.03,0.07,0.08,0.18,167,,,,,,,,,,,
06/10/2020,TGCR,0.06,0.04,0.06,0.06,0.12,414,,,,,,,,,,,
06/10/2020,BGCR,0.06,0.04,0.06,0.06,0.12,435,,,,,,,,,,,
06/10/2020,SOFR,0.07,0.05,0.06,0.12,0.18,1008,,,,,,,,,,,
06/09/2020,EFFR,0.07,0.05,0.07,0.08,0.1,59,0,0.25,,,,,,,,,
06/09/2020,OBFR,0.07,0.04,0.07,0.08,0.18,173,,,,,,,,,,,
06/09/2020,TGCR,0.06,0.04,0.06,0.06,0.13,414,,,,,,,,,,,
06/09/2020,BGCR,0.06,0.04,0.06,0.06,0.13,440,,,,,,,,,,,
06/09/2020,SOFR,0.08,0.05,0.06,0.13,0.19,1034,,,,,,,,,,,
06/08/2020,EFFR,0.07,0.05,0.07,0.08,0.13,60,0,0.25,,,,,,,,,
06/08/2020,OBFR,0.07,0.03,0.06,0.08,0.18,156,,,,,,,,,,,
06/08/2020,TGCR,0.06,0.04,0.06,0.06,0.12,416,,,,,,,,,,,
06/08/2020,BGCR,0.06,0.04,0.06,0.06,0.13,440,,,,,,,,,,,
06/08/2020,SOFR,0.07,0.05,0.06,0.12,0.19,1032,,,,,,,,,,,
06/05/2020,EFFR,0.07,0.05,0.06,0.08,0.13,57,0,0.25,,,,,,,,,
06/05/2020,OBFR,0.06,0.03,0.06,0.07,0.16,153,,,,,,,,,,,
06/05/2020,TGCR,0.06,0.04,0.06,0.06,0.12,418,,,,,,,,,,,
06/05/2020,BGCR,0.06,0.04,0.06,0.06,0.12,440,,,,,,,,,,,
06/05/2020,SOFR,0.07,0.05,0.06,0.12,0.18,1021,,,,,,,,,,,
06/04/2020,EFFR,0.06,0.05,0.06,0.07,0.14,61,0,0.25,,,,,,,,,
06/04/2020,OBFR,0.06,0.03,0.06,0.07,0.18,172,,,,,,,,,,,
06/04/2020,TGCR,0.06,0.03,0.05,0.06,0.13,414,,,,,,,,,,,
06/04/2020,BGCR,0.06,0.03,0.05,0.06,0.13,443,,,,,,,,,,,
06/04/2020,SOFR,0.07,0.04,0.06,0.12,0.18,1067,,,,,,,,,,,
06/03/2020,EFFR,0.06,0.05,0.06,0.07,0.14,62,0,0.25,,,,,,,,,
06/03/2020,OBFR,0.06,0.03,0.06,0.06,0.18,173,,,,,,,,,,,
06/03/2020,TGCR,0.05,0.04,0.05,0.05,0.12,428,,,,,,,,,,,
06/03/2020,BGCR,0.05,0.04,0.05,0.05,0.12,447,,,,,,,,,,,
06/03/2020,SOFR,0.06,0.04,0.05,0.11,0.18,1024,,,,,,,,,,,
06/02/2020,EFFR,0.06,0.05,0.06,0.06,0.14,68,0,0.25,,,,,,,,,
06/02/2020,OBFR,0.06,0.03,0.05,0.06,0.18,172,,,,,,,,,,,
06/02/2020,TGCR,0.05,0.04,0.05,0.06,0.13,429,,,,,,,,,,,
06/02/2020,BGCR,0.05,0.04,0.05,0.06,0.13,446,,,,,,,,,,,
06/02/2020,SOFR,0.07,0.05,0.05,0.13,0.18,1054,,,,,,,,,,,
06/01/2020,EFFR,0.05,0.05,0.05,0.06,0.14,66,0,0.25,,,,,,,,,
06/01/2020,OBFR,0.05,0.03,0.05,0.06,0.18,175,,,,,,,,,,,
06/01/2020,TGCR,0.05,0.03,0.05,0.05,0.12,435,,,,,,,,,,,
06/01/2020,BGCR,0.05,0.03,0.05,0.05,0.12,454,,,,,,,,,,,
06/01/2020,SOFR,0.06,0.04,0.05,0.12,0.18,1104,,,,,,,,,,,
05/29/2020,EFFR,0.05,0.05,0.05,0.06,0.14,65,0,0.25,,,,,,,,,
05/29/2020,OBFR,0.05,0.03,0.05,0.06,0.2,175,,,,,,,,,,,
05/29/2020,TGCR,0.05,0.03,0.05,0.05,0.11,428,,,,,,,,,,,
05/29/2020,BGCR,0.05,0.03,0.05,0.05,0.12,451,,,,,,,,,,,
05/29/2020,SOFR,0.06,0.04,0.05,0.1,0.19,1061,,,,,,,,,,,
05/28/2020,EFFR,0.05,0.05,0.05,0.06,0.14,70,0,0.25,,,,,,,,,
05/28/2020,OBFR,0.05,0.03,0.05,0.06,0.2,182,,,,,,,,,,,
05/28/2020,TGCR,0.05,0.03,0.05,0.06,0.12,433,,,,,,,,,,,
05/28/2020,BGCR,0.05,0.03,0.05,0.06,0.13,449,,,,,,,,,,,
05/28/2020,SOFR,0.06,0.04,0.05,0.12,0.19,1031,,,,,,,,,,,
05/27/2020,EFFR,0.05,0.04,0.05,0.05,0.14,79,0,0.25,,,,,,,,,
05/27/2020,OBFR,0.05,0.03,0.05,0.06,0.18,205,,,,,,,,,,,
05/27/2020,TGCR,0.04,0.02,0.04,0.05,0.11,439,,,,,,,,,,,
05/27/2020,BGCR,0.04,0.02,0.04,0.05,0.11,461,,,,,,,,,,,
05/27/2020,SOFR,0.06,0.03,0.04,0.1,0.17,1069,,,,,,,,,,,
05/26/2020,EFFR,0.05,0.04,0.05,0.06,0.15,76,0,0.25,,,,,,,,,
05/26/2020,OBFR,0.05,0.03,0.05,0.06,0.2,200,,,,,,,,,,,
05/26/2020,TGCR,0.05,0.03,0.05,0.05,0.12,435,,,,,,,,,,,
05/26/2020,BGCR,0.05,0.03,0.05,0.05,0.12,462,,,,,,,,,,,
05/26/2020,SOFR,0.06,0.04,0.05,0.12,0.18,1081,,,,,,,,,,,
05/22/2020,EFFR,0.05,0.04,0.05,0.06,0.15,78,0,0.25,,,,,,,,,
05/22/2020,OBFR,0.05,0.03,0.05,0.05,0.2,196,,,,,,,,,,,
05/22/2020,TGCR,0.03,0.02,0.03,0.03,0.09,452,,,,,,,,,,,
05/22/2020,BGCR,0.03,0.02,0.03,0.03,0.11,473,,,,,,,,,,,
05/22/2020,SOFR,0.04,0.03,0.03,0.09,0.16,1085,,,,,,,,,,,
05/21/2020,EFFR,0.05,0.04,0.05,0.05,0.15,85,0,0.25,,,,,,,,,
05/21/2020,OBFR,0.05,0.03,0.05,0.05,0.2,215,,,,,,,,,,,
05/21/2020,TGCR,0.01,0.01,0.01,0.01,0.05,457,,,,,,,,,,,
05/21/2020,BGCR,0.01,0.01,0.01,0.01,0.08,485,,,,,,,,,,,
05/21/2020,SOFR,0.02,0.01,0.01,0.05,0.12,1117,,,,,,,,,,,
05/20/2020,EFFR,0.05,0.04,0.05,0.05,0.15,86,0,0.25,,,,,,,,,
05/20/2020,OBFR,0.05,0.03,0.05,0.05,0.23,226,,,,,,,,,,,
05/20/2020,TGCR,0.01,0.01,0.01,0.01,0.05,449,,,,,,,,,,,
05/20/2020,BGCR,0.01,0,0.01,0.01,0.05,472,,,,,,,,,,,
05/20/2020,SOFR,0.01,0,0.01,0.04,0.13,1103,,,,,,,,,,,
05/19/2020,EFFR,0.05,0.04,0.05,0.05,0.15,86,0,0.25,,,,,,,,,
05/19/2020,OBFR,0.05,0.03,0.05,0.05,0.2,214,,,,,,,,,,,
05/19/2020,TGCR,0.03,0.01,0.03,0.03,0.08,453,,,,,,,,,,,
05/19/2020,BGCR,0.03,0.01,0.03,0.03,0.09,474,,,,,,,,,,,
05/19/2020,SOFR,0.04,0.02,0.03,0.08,0.16,1127,,,,,,,,,,,
05/18/2020,EFFR,0.05,0.04,0.05,0.05,0.15,87,0,0.25,,,,,,,,,
05/18/2020,OBFR,0.05,0.03,0.05,0.05,0.25,229,,,,,,,,,,,
05/18/2020,TGCR,0.03,0.01,0.02,0.03,0.05,450,,,,,,,,,,,
05/18/2020,BGCR,0.03,0.01,0.02,0.03,0.09,473,,,,,,,,,,,
05/18/2020,SOFR,0.04,0.01,0.03,0.07,0.16,1130,,,,,,,,,,,
05/15/2020,EFFR,0.05,0.04,0.05,0.05,0.15,93,0,0.25,,,,,,,,,
05/15/2020,OBFR,0.05,0.03,0.05,0.05,0.2,225,,,,,,,,,,,
05/15/2020,TGCR,0.04,0.02,0.04,0.04,0.05,450,,,,,,,,,,,
05/15/2020,BGCR,0.04,0.02,0.04,0.04,0.11,471,,,,,,,,,,,
05/15/2020,SOFR,0.05,0.03,0.04,0.1,0.17,1127,,,,,,,,,,,
05/14/2020,EFFR,0.05,0.04,0.05,0.05,0.15,92,0,0.25,,,,,,,,,
05/14/2020,OBFR,0.05,0.03,0.05,0.05,0.2,227,,,,,,,,,,,
05/14/2020,TGCR,0.01,0.01,0.01,0.01,0.05,441,,,,,,,,,,,
05/14/2020,BGCR,0.01,0.01,0.01,0.01,0.12,459,,,,,,,,,,,
05/14/2020,SOFR,0.02,0.01,0.01,0.06,0.14,1102,,,,,,,,,,,
05/13/2020,EFFR,0.05,0.04,0.05,0.05,0.15,90,0,0.25,,,,,,,,,
05/13/2020,OBFR,0.05,0.03,0.05,0.05,0.2,227,,,,,,,,,,,
05/13/2020,TGCR,0.04,0.01,0.04,0.04,0.05,445,,,,,,,,,,,
05/13/2020,BGCR,0.04,0.01,0.04,0.04,0.09,471,,,,,,,,,,,
05/13/2020,SOFR,0.04,0.02,0.04,0.08,0.17,1085,,,,,,,,,,,
05/12/2020,EFFR,0.05,0.05,0.05,0.05,0.15,88,0,0.25,,,,,,,,,
05/12/2020,OBFR,0.05,0.03,0.05,0.05,0.2,210,,,,,,,,,,,
05/12/2020,TGCR,0.05,0.03,0.05,0.06,0.07,446,,,,,,,,,,,
05/12/2020,BGCR,0.05,0.03,0.05,0.06,0.12,471,,,,,,,,,,,
05/12/2020,SOFR,0.06,0.04,0.05,0.11,0.18,1142,,,,,,,,,,,
05/11/2020,EFFR,0.05,0.05,0.05,0.05,0.15,84,0,0.25,,,,,,,,,
05/11/2020,OBFR,0.05,0.03,0.05,0.05,0.23,217,,,,,,,,,,,
05/11/2020,TGCR,0.05,0.02,0.05,0.05,0.11,451,,,,,,,,,,,
05/11/2020,BGCR,0.05,0.02,0.05,0.05,0.12,475,,,,,,,,,,,
05/11/2020,SOFR,0.06,0.04,0.05,0.11,0.18,1123,,,,,,,,,,,
05/08/2020,EFFR,0.05,0.04,0.05,0.05,0.15,85,0,0.25,,,,,,,,,
05/08/2020,OBFR,0.05,0.03,0.05,0.05,0.25,200,,,,,,,,,,,
05/08/2020,TGCR,0.05,0.02,0.05,0.05,0.11,448,,,,,,,,,,,
05/08/2020,BGCR,0.05,0.03,0.05,0.05,0.12,473,,,,,,,,,,,
05/08/2020,SOFR,0.06,0.04,0.05,0.11,0.18,1142,,,,,,,,,,,
05/07/2020,EFFR,0.05,0.04,0.05,0.05,0.15,92,0,0.25,,,,,,,,,
05/07/2020,OBFR,0.05,0.03,0.05,0.05,0.3,205,,,,,,,,,,,
05/07/2020,TGCR,0.05,0.02,0.04,0.05,0.11,452,,,,,,,,,,,
05/07/2020,BGCR,0.05,0.02,0.04,0.05,0.12,475,,,,,,,,,,,
05/07/2020,SOFR,0.05,0.04,0.05,0.1,0.17,1127,,,,,,,,,,,
05/06/2020,EFFR,0.05,0.04,0.05,0.05,0.15,90,0,0.25,,,,,,,,,
05/06/2020,OBFR,0.05,0.03,0.04,0.05,0.27,216,,,,,,,,,,,
05/06/2020,TGCR,0.04,0.02,0.04,0.04,0.1,459,,,,,,,,,,,
05/06/2020,BGCR,0.04,0.02,0.04,0.04,0.11,473,,,,,,,,,,,
05/06/2020,SOFR,0.05,0.03,0.04,0.1,0.17,1127,,,,,,,,,,,
05/05/2020,EFFR,0.05,0.03,0.05,0.05,0.15,92,0,0.25,,,,,,,,,
05/05/2020,OBFR,0.05,0.03,0.04,0.05,0.3,206,,,,,,,,,,,
05/05/2020,TGCR,0.04,0.02,0.04,0.04,0.1,474,,,,,,,,,,,
05/05/2020,BGCR,0.04,0.02,0.04,0.04,0.1,489,,,,,,,,,,,
05/05/2020,SOFR,0.05,0.03,0.04,0.09,0.17,1172,,,,,,,,,,,
05/04/2020,EFFR,0.05,0.03,0.05,0.05,0.15,90,0,0.25,,,,,,,,,
05/04/2020,OBFR,0.05,0.03,0.04,0.05,0.3,221,,,,,,,,,,,
05/04/2020,TGCR,0.04,0.01,0.04,0.05,0.09,479,,,,,,,,,,,
05/04/2020,BGCR,0.04,0.01,0.04,0.05,0.11,490,,,,,,,,,,,
05/04/2020,SOFR,0.05,0.02,0.04,0.1,0.18,1184,,,,,,,,,,,
05/01/2020,EFFR,0.05,0.03,0.04,0.05,0.15,92,0,0.25,,,,,,,,,
05/01/2020,OBFR,0.04,0.03,0.04,0.05,0.4,217,,,,,,,,,,,
05/01/2020,TGCR,0.02,0.01,0.02,0.03,0.06,472,,,,,,,,,,,
05/01/2020,BGCR,0.02,0.01,0.02,0.03,0.11,482,,,,,,,,,,,
05/01/2020,SOFR,0.03,0.02,0.03,0.09,0.16,1190,,,,,,,,,,,
04/30/2020,EFFR,0.05,0.03,0.04,0.05,0.16,92,0,0.25,,,,,,,,,
04/30/2020,OBFR,0.04,0.02,0.04,0.05,0.3,211,,,,,,,,,,,
04/30/2020,TGCR,0.02,0.01,0.02,0.03,0.05,479,,,,,,,,,,,
04/30/2020,BGCR,0.02,0.01,0.02,0.03,0.11,501,,,,,,,,,,,
04/30/2020,SOFR,0.04,0.02,0.02,0.09,0.16,1180,,,,,,,,,,,
04/29/2020,EFFR,0.04,0.03,0.04,0.05,0.17,99,0,0.25,,,,,,,,,
04/29/2020,OBFR,0.04,0.02,0.04,0.05,0.3,246,,,,,,,,,,,
04/29/2020,TGCR,0.01,0,0.01,0.01,0.04,470,,,,,,,,,,,
04/29/2020,BGCR,0.01,0,0.01,0.01,0.09,493,,,,,,,,,,,
04/29/2020,SOFR,0.01,0.01,0.01,0.05,0.13,1141,,,,,,,,,,,
04/28/2020,EFFR,0.04,0.03,0.04,0.05,0.17,97,0,0.25,,,,,,,,,
04/28/2020,OBFR,0.04,0.03,0.04,0.05,0.35,229,,,,,,,,,,,
04/28/2020,TGCR,0.01,0.01,0.01,0.01,0.05,476,,,,,,,,,,,
04/28/2020,BGCR,0.01,0.01,0.01,0.01,0.07,500,,,,,,,,,,,
04/28/2020,SOFR,0.01,0.01,0.01,0.05,0.15,1165,,,,,,,,,,,
04/27/2020,EFFR,0.04,0.03,0.04,0.05,0.17,100,0,0.25,,,,,,,,,
04/27/2020,OBFR,0.04,0.02,0.04,0.05,0.4,267,,,,,,,,,,,
04/27/2020,TGCR,0.02,0.01,0.02,0.03,0.06,477,,,,,,,,,,,
04/27/2020,BGCR,0.02,0.01,0.02,0.03,0.09,500,,,,,,,,,,,
04/27/2020,SOFR,0.03,0.02,0.02,0.07,0.16,1145,,,,,,,,,,,
04/24/2020,EFFR,0.05,0.03,0.04,0.05,0.17,99,0,0.25,,,,,,,,,
04/24/2020,OBFR,0.04,0.03,0.04,0.05,0.3,245,,,,,,,,,,,
04/24/2020,TGCR,0.03,0.01,0.02,0.03,0.06,477,,,,,,,,,,,
04/24/2020,BGCR,0.03,0.01,0.02,0.03,0.1,502,,,,,,,,,,,
04/24/2020,SOFR,0.03,0.02,0.03,0.08,0.16,1208,,,,,,,,,,,
04/23/2020,EFFR,0.04,0.03,0.04,0.05,0.17,107,0,0.25,,,,,,,,,
04/23/2020,OBFR,0.04,0.03,0.04,0.05,0.45,253,,,,,,,,,,,
04/23/2020,TGCR,0.01,0.01,0.01,0.01,0.05,471,,,,,,,,,,,
04/23/2020,BGCR,0.01,0.01,0.01,0.01,0.12,489,,,,,,,,,,,
04/23/2020,SOFR,0.01,0.01,0.01,0.04,0.13,1141,,,,,,,,,,,
04/22/2020,EFFR,0.05,0.03,0.04,0.05,0.17,107,0,0.25,,,,,,,,,
04/22/2020,OBFR,0.04,0.02,0.04,0.05,0.5,255,,,,,,,,,,,
04/22/2020,TGCR,0.01,0,0.01,0.01,0.05,468,,,,,,,,,,,
04/22/2020,BGCR,0.01,0,0.01,0.01,0.05,486,,,,,,,,,,,
04/22/2020,SOFR,0.01,0,0.01,0.03,0.12,1158,,,,,,,,,,,
04/21/2020,EFFR,0.05,0.03,0.04,0.05,0.17,104,0,0.25,,,,,,,,,
04/21/2020,OBFR,0.04,0.02,0.04,0.05,0.5,272,,,,,,,,,,,
04/21/2020,TGCR,0.01,0,0.01,0.01,0.05,467,,,,,,,,,,,
04/21/2020,BGCR,0.01,0,0.01,0.01,0.05,492,,,,,,,,,,,
04/21/2020,SOFR,0.01,0,0.01,0.03,0.13,1163,,,,,,,,,,,
04/20/2020,EFFR,0.05,0.03,0.05,0.05,0.17,106,0,0.25,,,,,,,,,
04/20/2020,OBFR,0.05,0.03,0.04,0.05,0.42,284,,,,,,,,,,,
04/20/2020,TGCR,0.01,0.01,0.01,0.02,0.05,460,,,,,,,,,,,
04/20/2020,BGCR,0.01,0,0.01,0.02,0.08,484,,,,,,,,,,,
04/20/2020,SOFR,0.02,0.01,0.01,0.06,0.15,1158,,,,,,,,,,,
04/17/2020,EFFR,0.05,0.03,0.05,0.05,0.17,101,0,0.25,,,,,,,,,
04/17/2020,OBFR,0.05,0.02,0.04,0.05,0.42,256,,,,,,,,,,,
04/17/2020,TGCR,0.02,0.01,0.02,0.02,0.05,461,,,,,,,,,,,
04/17/2020,BGCR,0.02,0.01,0.02,0.02,0.1,489,,,,,,,,,,,
04/17/2020,SOFR,0.03,0.02,0.02,0.08,0.16,1231,,,,,,,,,,,
04/16/2020,EFFR,0.05,0.04,0.05,0.05,0.15,99,0,0.25,,,,,,,,,
04/16/2020,OBFR,0.05,0.02,0.04,0.05,0.5,244,,,,,,,,,,,
04/16/2020,TGCR,0.02,0.01,0.02,0.02,0.05,456,,,,,,,,,,,
04/16/2020,BGCR,0.02,0.01,0.02,0.02,0.14,477,,,,,,,,,,,
04/16/2020,SOFR,0.03,0.01,0.02,0.08,0.16,1223,,,,,,,,,,,
04/15/2020,EFFR,0.05,0.04,0.05,0.05,0.17,101,0,0.25,,,,,,,,,
04/15/2020,OBFR,0.05,0.03,0.04,0.05,0.5,245,,,,,,,,,,,
04/15/2020,TGCR,0.03,0.01,0.03,0.03,0.05,461,,,,,,,,,,,
04/15/2020,BGCR,0.03,0.01,0.03,0.03,0.09,484,,,,,,,,,,,
04/15/2020,SOFR,0.03,0.02,0.03,0.08,0.18,1257,,,,,,,,,,,
04/14/2020,EFFR,0.05,0.03,0.05,0.05,0.17,92,0,0.25,,,,,,,,,
04/14/2020,OBFR,0.05,0.03,0.04,0.06,0.55,231,,,,,,,,,,,
04/14/2020,TGCR,0.05,0.01,0.05,0.06,0.07,476,,,,,,,,,,,
04/14/2020,BGCR,0.05,0.01,0.05,0.06,0.14,497,,,,,,,,,,,
04/14/2020,SOFR,0.06,0.03,0.05,0.11,0.21,1152,,,,,,,,,,,
04/13/2020,EFFR,0.05,0.03,0.05,0.05,0.17,95,0,0.25,,,,,,,,,
04/13/2020,OBFR,0.05,0.03,0.04,0.05,0.5,265,,,,,,,,,,,
04/13/2020,TGCR,0.02,0.01,0.01,0.02,0.06,467,,,,,,,,,,,
04/13/2020,BGCR,0.02,0.01,0.01,0.02,0.12,479,,,,,,,,,,,
04/13/2020,SOFR,0.02,0.01,0.02,0.07,0.17,1193,,,,,,,,,,,
04/10/2020,EFFR,0.05,0.03,0.05,0.05,0.17,88,0,0.25,,,,,,,,,
04/10/2020,OBFR,0.05,0.03,0.05,0.06,0.6,106,,,,,,,,,,,
04/09/2020,EFFR,0.05,0.03,0.05,0.06,0.17,83,0,0.25,,,,,,,,,
04/09/2020,OBFR,0.05,0.03,0.05,0.06,0.6,108,,,,,,,,,,,
04/09/2020,TGCR,0.01,0.01,0.01,0.01,0.05,453,,,,,,,,,,,
04/09/2020,BGCR,0.01,0.01,0.01,0.01,0.11,465,,,,,,,,,,,
04/09/2020,SOFR,0.01,0.01,0.01,0.05,0.16,1160,,,,,,,,,,,
04/08/2020,EFFR,0.05,0.04,0.05,0.05,0.16,85,0,0.25,,,,,,,,,
04/08/2020,OBFR,0.05,0.02,0.04,0.05,0.5,240,,,,,,,,,,,
04/08/2020,TGCR,0.01,0.01,0.01,0.01,0.03,457,,,,,,,,,,,
04/08/2020,BGCR,0.01,0.01,0.01,0.01,0.1,470,,,,,,,,,,,
04/08/2020,SOFR,0.01,0.01,0.01,0.03,0.16,1152,,,,,,,,,,,
04/07/2020,EFFR,0.05,0.03,0.05,0.06,0.16,85,0,0.25,,,,,,,,,
04/07/2020,OBFR,0.05,0.03,0.04,0.05,0.5,256,,,,,,,,,,,
04/07/2020,TGCR,0.01,0.01,0.01,0.01,0.04,457,,,,,,,,,,,
04/07/2020,BGCR,0.01,0.01,0.01,0.01,0.08,476,,,,,,,,,,,
04/07/2020,SOFR,0.01,0,0.01,0.02,0.16,1226,,,,,,,,,,,
04/06/2020,EFFR,0.05,0.03,0.05,0.06,0.16,84,0,0.25,,,,,,,,,
04/06/2020,OBFR,0.05,0.02,0.04,0.05,0.5,251,,,,,,,,,,,
04/06/2020,TGCR,0.01,0,0.01,0.01,0.02,453,,,,,,,,,,,
04/06/2020,BGCR,0.01,0,0.01,0.01,0.08,475,,,,,,,,,,,
04/06/2020,SOFR,0.01,0,0.01,0.02,0.15,1254,,,,,,,,,,,
04/03/2020,EFFR,0.05,0.04,0.05,0.08,0.17,87,0,0.25,,,,,,,,,
04/03/2020,OBFR,0.05,0.03,0.04,0.06,0.5,249,,,,,,,,,,,
04/03/2020,TGCR,0.01,0.01,0.01,0.01,0.02,444,,,,,,,,,,,
04/03/2020,BGCR,0.01,0.01,0.01,0.01,0.07,471,,,,,,,,,,,
04/03/2020,SOFR,0.01,0,0.01,0.02,0.16,1266,,,,,,,,,,,
04/02/2020,EFFR,0.05,0.03,0.05,0.08,0.19,90,0,0.25,,,,,,,,,
04/02/2020,OBFR,0.05,0.02,0.04,0.07,0.55,239,,,,,,,,,,,
04/02/2020,TGCR,0.01,0,0.01,0.01,0.04,438,,,,,,,,,,,
04/02/2020,BGCR,0.01,0,0.01,0.01,0.1,467,,,,,,,,,,,
04/02/2020,SOFR,0.01,0.01,0.01,0.03,0.17,1202,,,,,,,,,,,
04/01/2020,EFFR,0.06,0.03,0.05,0.08,0.2,92,0,0.25,,,,,,,,,
04/01/2020,OBFR,0.05,0.02,0.04,0.08,0.7,250,,,,,,,,,,,
04/01/2020,TGCR,0.01,0,0.01,0.01,0.02,430,,,,,,,,,,,
04/01/2020,BGCR,0.01,0,0.01,0.01,0.08,455,,,,,,,,,,,
04/01/2020,SOFR,0.01,-0.01,0.01,0.03,0.17,1226,,,,,,,,,,,
03/31/2020,EFFR,0.08,0.01,0.05,0.15,0.25,78,0,0.25,,,,,,,,,
03/31/2020,OBFR,0.06,0.01,0.03,0.1,0.55,183,,,,,,,,,,,
03/31/2020,TGCR,0.01,0,0.01,0.01,0.02,396,,,,,,,,,,,
03/31/2020,BGCR,0.01,-0.03,0.01,0.01,0.03,411,,,,,,,,,,,
03/31/2020,SOFR,0.01,-0.03,0.01,0.01,0.17,1127,,,,,,,,,,,
03/30/2020,EFFR,0.09,0.03,0.07,0.13,0.25,84,0,0.25,,,,,,,,,
03/30/2020,OBFR,0.08,0.03,0.05,0.1,0.55,257,,,,,,,,,,,
03/30/2020,TGCR,0.01,0,0.01,0.01,0.02,421,,,,,,,,,,,
03/30/2020,BGCR,0.01,0,0.01,0.01,0.07,443,,,,,,,,,,,
03/30/2020,SOFR,0.01,-0.02,0.01,0.01,0.18,1157,,,,,,,,,,,
03/27/2020,EFFR,0.1,0.05,0.07,0.1,0.35,94,0,0.25,,,,,,,,,
03/27/2020,OBFR,0.08,0.04,0.06,0.1,0.55,274,,,,,,,,,,,
03/27/2020,TGCR,0.01,0,0.01,0.01,0.02,437,,,,,,,,,,,
03/27/2020,BGCR,0.01,0,0.01,0.01,0.08,460,,,,,,,,,,,
03/27/2020,SOFR,0.01,-0.01,0.01,0.01,0.2,1222,,,,,,,,,,,
03/26/2020,EFFR,0.1,0.05,0.08,0.15,0.4,101,0,0.25,,,,,,,,,
03/26/2020,OBFR,0.08,0.05,0.07,0.12,0.55,276,,,,,,,,,,,
03/26/2020,TGCR,0.01,0,0.01,0.01,0.02,452,,,,,,,,,,,
03/26/2020,BGCR,0.01,0,0.01,0.01,0.1,467,,,,,,,,,,,
03/26/2020,SOFR,0.01,0,0.01,0.02,0.23,1233,,,,,,,,,,,
03/25/2020,EFFR,0.1,0.05,0.08,0.2,0.5,102,0,0.25,,,,,,,,,
03/25/2020,OBFR,0.1,0.05,0.07,0.15,0.55,261,,,,,,,,,,,
03/25/2020,TGCR,0.01,0,0.01,0.01,0.04,465,,,,,,,,,,,
03/25/2020,BGCR,0.01,0,0.01,0.01,0.11,482,,,,,,,,,,,
03/25/2020,SOFR,0.01,0,0.01,0.02,0.22,1229,,,,,,,,,,,
03/24/2020,EFFR,0.12,0.05,0.09,0.25,0.5,95,0,0.25,,,,,,,,,
03/24/2020,OBFR,0.1,0.05,0.08,0.15,0.5,235,,,,,,,,,,,
03/24/2020,TGCR,0.01,0,0.01,0.01,0.02,457,,,,,,,,,,,
03/24/2020,BGCR,0.01,0,0.01,0.01,0.06,478,,,,,,,,,,,
03/24/2020,SOFR,0.01,0,0.01,0.03,0.2,1280,,,,,,,,,,,
03/23/2020,EFFR,0.15,0.05,0.1,0.25,0.5,82,0,0.25,,,,,,,,,
03/23/2020,OBFR,0.1,0.05,0.08,0.2,0.5,212,,,,,,,,,,,
03/23/2020,TGCR,0.01,0,0.01,0.02,0.03,468,,,,,,,,,,,
03/23/2020,BGCR,0.01,0,0.01,0.02,0.07,489,,,,,,,,,,,
03/23/2020,SOFR,0.02,0,0.01,0.04,0.2,1277,,,,,,,,,,,
03/20/2020,EFFR,0.15,0.05,0.1,0.25,0.5,87,0,0.25,,,,,,,,,
03/20/2020,OBFR,0.15,0.05,0.08,0.25,0.6,215,,,,,,,,,,,
03/20/2020,TGCR,0.03,0,0.03,0.04,0.07,464,,,,,,,,,,,
03/20/2020,BGCR,0.03,0,0.03,0.04,0.1,479,,,,,,,,,,,
03/20/2020,SOFR,0.04,0.01,0.03,0.07,0.18,1235,,,,,,,,,,,
03/19/2020,EFFR,0.2,0.05,0.09,0.3,0.5,103,0,0.25,,,,,,,,,
03/19/2020,OBFR,0.12,0.05,0.08,0.25,0.51,228,,,,,,,,,,,
03/19/2020,TGCR,0.05,0.01,0.05,0.06,0.08,483,,,,,,,,,,,
03/19/2020,BGCR,0.05,0.01,0.05,0.06,0.11,500,,,,,,,,,,,
03/19/2020,SOFR,0.06,0.03,0.05,0.11,0.27,1319,,,,,,,,,,,
03/18/2020,EFFR,0.25,0.05,0.15,0.5,0.5,82,0,0.25,,,,,,,,,
03/18/2020,OBFR,0.2,0.05,0.08,0.3,1,198,,,,,,,,,,,
03/18/2020,TGCR,0.1,0.03,0.08,0.1,0.11,489,,,,,,,,,,,
03/18/2020,BGCR,0.1,0.03,0.08,0.1,0.2,511,,,,,,,,,,,
03/18/2020,SOFR,0.1,0.06,0.08,0.16,0.42,1358,,,,,,,,,,,
03/17/2020,EFFR,0.25,0.05,0.1,0.35,0.55,85,0,0.25,,,,,,,,,
03/17/2020,OBFR,0.2,0.05,0.09,0.3,1.5,201,,,,,,,,,,,
03/17/2020,TGCR,0.5,0.05,0.5,0.53,0.75,481,,,,,,,,,,,
03/17/2020,BGCR,0.5,0.02,0.5,0.53,0.86,516,,,,,,,,,,,
03/17/2020,SOFR,0.54,0.09,0.5,0.74,1,1335,,,,,,,,,,,
03/16/2020,EFFR,0.25,0.05,0.1,0.5,0.5,80,0,0.25,,,,,,,,,
03/16/2020,OBFR,0.15,0.05,0.09,0.4,1,186,,,,,,,,,,,
03/16/2020,TGCR,0.23,0.1,0.22,0.23,0.38,467,,,,,,,,,,,
03/16/2020,BGCR,0.23,0.1,0.22,0.23,1.5,502,,,,,,,,,,,
03/16/2020,SOFR,0.26,0.2,0.23,0.35,2,1306,,,,,,,,,,,
03/13/2020,EFFR,1.1,0.95,1.08,1.12,1.3,65,1,1.25,,,,,,,,,
03/13/2020,OBFR,1.1,0.9,1.08,1.12,1.3,153,,,,,,,,,,,
03/13/2020,TGCR,1.08,1.02,1.08,1.09,1.13,470,,,,,,,,,,,
03/13/2020,BGCR,1.08,1.02,1.08,1.09,1.2,502,,,,,,,,,,,
03/13/2020,SOFR,1.1,1.06,1.08,1.15,1.22,1298,,,,,,,,,,,
03/12/2020,EFFR,1.1,1.05,1.08,1.12,1.15,61,1,1.25,,,,,,,,,
03/12/2020,OBFR,1.1,0.97,1.08,1.12,1.2,152,,,,,,,,,,,
03/12/2020,TGCR,1.2,1,1.2,1.2,1.22,493,,,,,,,,,,,
03/12/2020,BGCR,1.2,1,1.19,1.2,1.28,536,,,,,,,,,,,
03/12/2020,SOFR,1.2,1.07,1.2,1.25,1.42,1293,,,,,,,,,,,
03/11/2020,EFFR,1.09,1.07,1.08,1.1,1.15,80,1,1.25,,,,,,,,,
03/11/2020,OBFR,1.09,0.97,1.08,1.1,1.2,176,,,,,,,,,,,
03/11/2020,TGCR,1.14,1.08,1.13,1.14,1.16,483,,,,,,,,,,,
03/11/2020,BGCR,1.14,1.05,1.13,1.14,1.22,509,,,,,,,,,,,
03/11/2020,SOFR,1.15,1.1,1.14,1.2,1.28,1222,,,,,,,,,,,
03/10/2020,EFFR,1.09,1.05,1.08,1.1,1.15,77,1,1.25,,,,,,,,,
03/10/2020,OBFR,1.09,0.95,1.08,1.1,1.2,169,,,,,,,,,,,
03/10/2020,TGCR,1.1,1.05,1.09,1.1,1.13,480,,,,,,,,,,,
03/10/2020,BGCR,1.1,1.05,1.09,1.1,1.2,511,,,,,,,,,,,
03/10/2020,SOFR,1.11,1.08,1.1,1.17,1.23,1264,,,,,,,,,,,
03/09/2020,EFFR,1.09,1.07,1.08,1.1,1.15,77,1,1.25,,,,,,,,,
03/09/2020,OBFR,1.08,0.95,1.08,1.1,1.2,178,,,,,,,,,,,
03/09/2020,TGCR,1.08,1,1.08,1.08,1.12,468,,,,,,,,,,,
03/09/2020,BGCR,1.08,1,1.08,1.08,1.2,496,,,,,,,,,,,
03/09/2020,SOFR,1.09,1.05,1.08,1.14,1.22,1256,,,,,,,,,,,
03/06/2020,EFFR,1.09,1.05,1.08,1.09,1.15,79,1,1.25,,,,,,,,,
03/06/2020,OBFR,1.08,1,1.08,1.09,1.2,163,,,,,,,,,,,
03/06/2020,TGCR,1.08,1.04,1.08,1.08,1.12,466,,,,,,,,,,,
03/06/2020,BGCR,1.08,1.04,1.08,1.08,1.15,490,,,,,,,,,,,
03/06/2020,SOFR,1.1,1.06,1.08,1.15,1.22,1295,,,,,,,,,,,
03/05/2020,EFFR,1.09,1,1.08,1.1,1.15,78,1,1.25,,,,,,,,,
03/05/2020,OBFR,1.08,1,1.07,1.09,1.2,176,,,,,,,,,,,
03/05/2020,TGCR,1.11,1.06,1.11,1.11,1.14,472,,,,,,,,,,,
03/05/2020,BGCR,1.11,1.06,1.11,1.11,1.18,497,,,,,,,,,,,
03/05/2020,SOFR,1.12,1.08,1.11,1.17,1.25,1254,,,,,,,,,,,
03/04/2020,EFFR,1.09,1.05,1.08,1.1,1.15,80,1,1.25,,,,,,,,,
03/04/2020,OBFR,1.08,1,1.07,1.1,1.2,194,,,,,,,,,,,
03/04/2020,TGCR,1.22,1.03,1.22,1.22,1.25,459,,,,,,,,,,,
03/04/2020,BGCR,1.22,1.03,1.22,1.22,1.29,485,,,,,,,,,,,
03/04/2020,SOFR,1.23,1.12,1.22,1.28,1.37,1261,,,,,,,,,,,
03/03/2020,EFFR,1.59,1.55,1.58,1.6,1.65,58,1.5,1.75,,,,,,,,,
03/03/2020,OBFR,1.58,1.4,1.57,1.6,1.7,158,,,,,,,,,,,
03/03/2020,TGCR,1.63,1.55,1.63,1.63,1.66,451,,,,,,,,,,,
03/03/2020,BGCR,1.63,1.55,1.63,1.63,1.75,480,,,,,,,,,,,
03/03/2020,SOFR,1.64,1.58,1.63,1.71,1.81,1238,,,,,,,,,,,
03/02/2020,EFFR,1.59,1.55,1.58,1.6,1.65,58,1.5,1.75,,,,,,,,,
03/02/2020,OBFR,1.58,1.4,1.57,1.59,1.7,149,,,,,,,,,,,
03/02/2020,TGCR,1.57,1.52,1.57,1.57,1.65,451,,,,,,,,,,,
03/02/2020,BGCR,1.57,1.52,1.57,1.57,1.75,472,,,,,,,,,,,
03/02/2020,SOFR,1.59,1.55,1.57,1.64,1.76,1291,,,,,,,,,,,
02/28/2020,EFFR,1.58,1.5,1.58,1.6,1.65,61,1.5,1.75,,,,,,,,,
02/28/2020,OBFR,1.58,1.49,1.57,1.59,1.7,154,,,,,,,,,,,
02/28/2020,TGCR,1.59,1.5,1.59,1.59,1.61,436,,,,,,,,,,,
02/28/2020,BGCR,1.59,1.5,1.59,1.59,1.65,447,,,,,,,,,,,
02/28/2020,SOFR,1.6,1.54,1.59,1.65,1.72,1156,,,,,,,,,,,
02/27/2020,EFFR,1.58,1.5,1.58,1.59,1.65,65,1.5,1.75,,,,,,,,,
02/27/2020,OBFR,1.58,1.5,1.57,1.58,1.7,165,,,,,,,,,,,
02/27/2020,TGCR,1.57,1.46,1.57,1.57,1.6,434,,,,,,,,,,,
02/27/2020,BGCR,1.57,1.46,1.57,1.57,1.63,456,,,,,,,,,,,
02/27/2020,SOFR,1.58,1.54,1.57,1.63,1.7,1106,,,,,,,,,,,
02/26/2020,EFFR,1.58,1.55,1.58,1.6,1.65,62,1.5,1.75,,,,,,,,,
02/26/2020,OBFR,1.58,1.45,1.57,1.59,1.7,155,,,,,,,,,,,
02/26/2020,TGCR,1.57,1.52,1.57,1.57,1.61,433,,,,,,,,,,,
02/26/2020,BGCR,1.57,1.52,1.57,1.57,1.64,458,,,,,,,,,,,
02/26/2020,SOFR,1.58,1.55,1.57,1.63,1.7,1120,,,,,,,,,,,
02/25/2020,EFFR,1.58,1.56,1.58,1.6,1.65,64,1.5,1.75,,,,,,,,,
02/25/2020,OBFR,1.58,1.45,1.57,1.59,1.69,157,,,,,,,,,,,
02/25/2020,TGCR,1.57,1.52,1.57,1.57,1.6,429,,,,,,,,,,,
02/25/2020,BGCR,1.57,1.52,1.57,1.57,1.64,451,,,,,,,,,,,
02/25/2020,SOFR,1.59,1.55,1.57,1.63,1.7,1122,,,,,,,,,,,
02/24/2020,EFFR,1.58,1.55,1.58,1.6,1.65,63,1.5,1.75,,,,,,,,,
02/24/2020,OBFR,1.58,1.47,1.57,1.59,1.69,172,,,,,,,,,,,
02/24/2020,TGCR,1.56,1.51,1.56,1.56,1.59,428,,,,,,,,,,,
02/24/2020,BGCR,1.56,1.51,1.56,1.56,1.62,443,,,,,,,,,,,
02/24/2020,SOFR,1.58,1.54,1.56,1.62,1.69,1106,,,,,,,,,,,
02/21/2020,EFFR,1.58,1.55,1.58,1.6,1.65,65,1.5,1.75,,,,,,,,,
02/21/2020,OBFR,1.58,1.5,1.57,1.58,1.69,174,,,,,,,,,,,
02/21/2020,TGCR,1.56,1.51,1.56,1.56,1.59,430,,,,,,,,,,,
02/21/2020,BGCR,1.56,1.51,1.56,1.56,1.61,442,,,,,,,,,,,
02/21/2020,SOFR,1.58,1.54,1.56,1.62,1.69,1099,,,,,,,,,,,
02/20/2020,EFFR,1.59,1.57,1.58,1.6,1.65,60,1.5,1.75,,,,,,,,,
02/20/2020,OBFR,1.58,1.49,1.57,1.59,1.69,163,,,,,,,,,,,
02/20/2020,TGCR,1.59,1.5,1.58,1.59,1.61,432,,,,,,,,,,,
02/20/2020,BGCR,1.59,1.51,1.58,1.59,1.64,449,,,,,,,,,,,
02/20/2020,SOFR,1.6,1.54,1.59,1.65,1.71,1112,,,,,,,,,,,
02/19/2020,EFFR,1.59,1.55,1.58,1.6,1.65,64,1.5,1.75,,,,,,,,,
02/19/2020,OBFR,1.58,1.41,1.57,1.59,1.7,162,,,,,,,,,,,
02/19/2020,TGCR,1.57,1.52,1.57,1.57,1.6,425,,,,,,,,,,,
02/19/2020,BGCR,1.57,1.52,1.57,1.57,1.64,444,,,,,,,,,,,
02/19/2020,SOFR,1.59,1.53,1.57,1.64,1.7,1128,,,,,,,,,,,
02/18/2020,EFFR,1.59,1.57,1.58,1.6,1.65,61,1.5,1.75,,,,,,,,,
02/18/2020,OBFR,1.58,1.41,1.57,1.59,1.72,153,,,,,,,,,,,
02/18/2020,TGCR,1.58,1.52,1.57,1.58,1.62,426,,,,,,,,,,,
02/18/2020,BGCR,1.58,1.52,1.57,1.58,1.65,440,,,,,,,,,,,
02/18/2020,SOFR,1.6,1.55,1.58,1.65,1.71,1163,,,,,,,,,,,
02/14/2020,EFFR,1.58,1.57,1.58,1.6,1.64,61,1.5,1.75,,,,,,,,,
02/14/2020,OBFR,1.58,1.49,1.57,1.59,1.7,148,,,,,,,,,,,
02/14/2020,TGCR,1.56,1.52,1.56,1.56,1.59,414,,,,,,,,,,,
02/14/2020,BGCR,1.56,1.52,1.56,1.56,1.63,431,,,,,,,,,,,
02/14/2020,SOFR,1.58,1.55,1.56,1.63,1.69,1086,,,,,,,,,,,
02/13/2020,EFFR,1.58,1.57,1.58,1.6,1.64,69,1.5,1.75,,,,,,,,,
02/13/2020,OBFR,1.58,1.48,1.57,1.58,1.7,170,,,,,,,,,,,
02/13/2020,TGCR,1.55,1.51,1.55,1.56,1.59,420,,,,,,,,,,,
02/13/2020,BGCR,1.55,1.51,1.55,1.56,1.63,436,,,,,,,,,,,
02/13/2020,SOFR,1.57,1.54,1.56,1.62,1.68,1114,,,,,,,,,,,
02/12/2020,EFFR,1.58,1.55,1.58,1.59,1.64,74,1.5,1.75,,,,,,,,,
02/12/2020,OBFR,1.58,1.47,1.57,1.58,1.69,181,,,,,,,,,,,
02/12/2020,TGCR,1.55,1.51,1.55,1.56,1.59,424,,,,,,,,,,,
02/12/2020,BGCR,1.55,1.51,1.55,1.56,1.62,441,,,,,,,,,,,
02/12/2020,SOFR,1.57,1.53,1.55,1.62,1.68,1124,,,,,,,,,,,
02/11/2020,EFFR,1.58,1.57,1.58,1.6,1.65,66,1.5,1.75,,,,,,,,,
02/11/2020,OBFR,1.58,1.45,1.57,1.58,1.69,179,,,,,,,,,,,
02/11/2020,TGCR,1.56,1.51,1.56,1.56,1.59,415,,,,,,,,,,,
02/11/2020,BGCR,1.56,1.51,1.56,1.56,1.63,427,,,,,,,,,,,
02/11/2020,SOFR,1.58,1.54,1.56,1.62,1.7,1114,,,,,,,,,,,
02/10/2020,EFFR,1.58,1.55,1.58,1.59,1.65,69,1.5,1.75,,,,,,,,,
02/10/2020,OBFR,1.58,1.5,1.57,1.59,1.7,185,,,,,,,,,,,
02/10/2020,TGCR,1.56,1.51,1.56,1.56,1.59,415,,,,,,,,,,,
02/10/2020,BGCR,1.56,1.51,1.56,1.56,1.61,427,,,,,,,,,,,
02/10/2020,SOFR,1.58,1.54,1.56,1.62,1.69,1111,,,,,,,,,,,
02/07/2020,EFFR,1.58,1.55,1.58,1.59,1.65,77,1.5,1.75,,,,,,,,,
02/07/2020,OBFR,1.58,1.5,1.57,1.59,1.7,194,,,,,,,,,,,
02/07/2020,TGCR,1.56,1.51,1.56,1.56,1.61,415,,,,,,,,,,,
02/07/2020,BGCR,1.56,1.51,1.56,1.56,1.63,432,,,,,,,,,,,
02/07/2020,SOFR,1.58,1.53,1.56,1.63,1.69,1111,,,,,,,,,,,
02/06/2020,EFFR,1.59,1.55,1.58,1.59,1.65,79,1.5,1.75,,,,,,,,,
02/06/2020,OBFR,1.58,1.5,1.57,1.59,1.7,192,,,,,,,,,,,
02/06/2020,TGCR,1.57,1.52,1.57,1.57,1.62,415,,,,,,,,,,,
02/06/2020,BGCR,1.57,1.52,1.57,1.57,1.64,432,,,,,,,,,,,
02/06/2020,SOFR,1.59,1.55,1.57,1.64,1.7,1105,,,,,,,,,,,
02/05/2020,EFFR,1.59,1.57,1.58,1.59,1.65,83,1.5,1.75,,,,,,,,,
02/05/2020,OBFR,1.58,1.5,1.57,1.59,1.7,199,,,,,,,,,,,
02/05/2020,TGCR,1.57,1.5,1.57,1.57,1.62,410,,,,,,,,,,,
02/05/2020,BGCR,1.57,1.5,1.57,1.57,1.64,428,,,,,,,,,,,
02/05/2020,SOFR,1.59,1.54,1.57,1.64,1.71,1168,,,,,,,,,,,
02/04/2020,EFFR,1.59,1.57,1.58,1.6,1.65,80,1.5,1.75,,,,,,,,,
02/04/2020,OBFR,1.58,1.5,1.57,1.59,1.68,202,,,,,,,,,,,
02/04/2020,TGCR,1.58,1.51,1.58,1.58,1.63,400,,,,,,,,,,,
02/04/2020,BGCR,1.58,1.51,1.58,1.58,1.65,419,,,,,,,,,,,
02/04/2020,SOFR,1.6,1.55,1.58,1.65,1.72,1161,,,,,,,,,,,
02/03/2020,EFFR,1.59,1.55,1.58,1.6,1.66,79,1.5,1.75,,,,,,,,,
02/03/2020,OBFR,1.58,1.5,1.57,1.6,1.68,188,,,,,,,,,,,
02/03/2020,TGCR,1.57,1.52,1.57,1.57,1.61,395,,,,,,,,,,,
02/03/2020,BGCR,1.57,1.52,1.57,1.57,1.65,409,,,,,,,,,,,
02/03/2020,SOFR,1.59,1.55,1.57,1.64,1.71,1134,,,,,,,,,,,
01/31/2020,EFFR,1.59,1.5,1.58,1.61,1.66,78,1.5,1.75,,,,,,,,,
01/31/2020,OBFR,1.58,1.5,1.57,1.6,1.7,193,,,,,,,,,,,
01/31/2020,TGCR,1.57,1.51,1.57,1.57,1.63,396,,,,,,,,,,,
01/31/2020,BGCR,1.57,1.51,1.57,1.58,1.66,411,,,,,,,,,,,
01/31/2020,SOFR,1.6,1.55,1.57,1.65,1.72,1149,,,,,,,,,,,
01/30/2020,EFFR,1.6,1.57,1.59,1.61,1.68,64,1.5,1.75,,,,,,,,,
01/30/2020,OBFR,1.58,1.49,1.57,1.6,1.7,176,,,,,,,,,,,
01/30/2020,TGCR,1.55,1.48,1.55,1.55,1.59,379,,,,,,,,,,,
01/30/2020,BGCR,1.55,1.48,1.55,1.55,1.63,397,,,,,,,,,,,
01/30/2020,SOFR,1.58,1.53,1.55,1.62,1.68,1072,,,,,,,,,,,
01/29/2020,EFFR,1.55,1.52,1.54,1.56,1.65,71,1.5,1.75,,,,,,,,,
01/29/2020,OBFR,1.54,1.47,1.53,1.55,1.7,184,,,,,,,,,,,
01/29/2020,TGCR,1.51,1.46,1.51,1.51,1.54,377,,,,,,,,,,,
01/29/2020,BGCR,1.51,1.46,1.51,1.51,1.58,393,,,,,,,,,,,
01/29/2020,SOFR,1.53,1.49,1.51,1.57,1.63,1082,,,,,,,,,,,
01/28/2020,EFFR,1.55,1.52,1.54,1.56,1.63,69,1.5,1.75,,,,,,,,,
01/28/2020,OBFR,1.54,1.47,1.53,1.55,1.7,176,,,,,,,,,,,
01/28/2020,TGCR,1.51,1.46,1.51,1.51,1.55,378,,,,,,,,,,,
01/28/2020,BGCR,1.51,1.46,1.51,1.51,1.57,389,,,,,,,,,,,
01/28/2020,SOFR,1.53,1.49,1.51,1.57,1.63,1074,,,,,,,,,,,
01/27/2020,EFFR,1.55,1.52,1.54,1.56,1.65,71,1.5,1.75,,,,,,,,,
01/27/2020,OBFR,1.54,1.48,1.53,1.55,1.65,185,,,,,,,,,,,
01/27/2020,TGCR,1.51,1.46,1.51,1.51,1.54,381,,,,,,,,,,,
01/27/2020,BGCR,1.51,1.46,1.51,1.51,1.57,392,,,,,,,,,,,
01/27/2020,SOFR,1.53,1.49,1.51,1.57,1.63,1051,,,,,,,,,,,
01/24/2020,EFFR,1.55,1.52,1.54,1.56,1.61,70,1.5,1.75,,,,,,,,,
01/24/2020,OBFR,1.54,1.5,1.53,1.55,1.65,179,,,,,,,,,,,
01/24/2020,TGCR,1.51,1.46,1.51,1.51,1.54,379,,,,,,,,,,,
01/24/2020,BGCR,1.51,1.46,1.51,1.51,1.57,395,,,,,,,,,,,
01/24/2020,SOFR,1.53,1.49,1.51,1.57,1.63,1070,,,,,,,,,,,
01/23/2020,EFFR,1.55,1.5,1.54,1.56,1.65,67,1.5,1.75,,,,,,,,,
01/23/2020,OBFR,1.54,1.47,1.53,1.55,1.7,175,,,,,,,,,,,
01/23/2020,TGCR,1.51,1.45,1.51,1.51,1.54,377,,,,,,,,,,,
01/23/2020,BGCR,1.51,1.45,1.51,1.51,1.57,389,,,,,,,,,,,
01/23/2020,SOFR,1.54,1.48,1.51,1.57,1.63,1051,,,,,,,,,,,
01/22/2020,EFFR,1.55,1.52,1.54,1.56,1.63,69,1.5,1.75,,,,,,,,,
01/22/2020,OBFR,1.54,1.45,1.53,1.55,1.75,176,,,,,,,,,,,
01/22/2020,TGCR,1.51,1.45,1.51,1.51,1.55,379,,,,,,,,,,,
01/22/2020,BGCR,1.51,1.45,1.51,1.51,1.57,393,,,,,,,,,,,
01/22/2020,SOFR,1.54,1.49,1.51,1.57,1.64,1085,,,,,,,,,,,
01/21/2020,EFFR,1.55,1.53,1.54,1.56,1.62,64,1.5,1.75,,,,,,,,,
01/21/2020,OBFR,1.54,1.45,1.53,1.55,1.65,164,,,,,,,,,,,
01/21/2020,TGCR,1.51,1.44,1.51,1.52,1.56,375,,,,,,,,,,,
01/21/2020,BGCR,1.51,1.44,1.51,1.52,1.57,396,,,,,,,,,,,
01/21/2020,SOFR,1.54,1.49,1.52,1.57,1.64,1067,,,,,,,,,,,
01/17/2020,EFFR,1.55,1.52,1.54,1.56,1.61,67,1.5,1.75,,,,,,,,,
01/17/2020,OBFR,1.54,1.47,1.53,1.55,1.75,162,,,,,,,,,,,
01/17/2020,TGCR,1.52,1.46,1.51,1.52,1.55,383,,,,,,,,,,,
01/17/2020,BGCR,1.52,1.46,1.51,1.52,1.58,405,,,,,,,,,,,
01/17/2020,SOFR,1.54,1.5,1.52,1.58,1.64,1043,,,,,,,,,,,
01/16/2020,EFFR,1.54,1.51,1.54,1.55,1.6,78,1.5,1.75,,,,,,,,,
01/16/2020,OBFR,1.54,1.5,1.53,1.55,1.75,177,,,,,,,,,,,
01/16/2020,TGCR,1.52,1.47,1.52,1.52,1.56,377,,,,,,,,,,,
01/16/2020,BGCR,1.52,1.47,1.52,1.52,1.58,397,,,,,,,,,,,
01/16/2020,SOFR,1.55,1.5,1.52,1.58,1.64,1069,,,,,,,,,,,
01/15/2020,EFFR,1.54,1.52,1.54,1.55,1.6,76,1.5,1.75,,,,,,,,,
01/15/2020,OBFR,1.54,1.47,1.53,1.55,1.75,174,,,,,,,,,,,
01/15/2020,TGCR,1.53,1.47,1.53,1.53,1.56,378,,,,,,,,,,,
01/15/2020,BGCR,1.53,1.47,1.53,1.53,1.59,394,,,,,,,,,,,
01/15/2020,SOFR,1.56,1.5,1.53,1.6,1.66,1022,,,,,,,,,,,
01/14/2020,EFFR,1.54,1.5,1.54,1.55,1.6,76,1.5,1.75,,,,,,,,,
01/14/2020,OBFR,1.54,1.48,1.53,1.55,1.67,179,,,,,,,,,,,
01/14/2020,TGCR,1.52,1.47,1.52,1.52,1.56,371,,,,,,,,,,,
01/14/2020,BGCR,1.52,1.47,1.52,1.52,1.59,388,,,,,,,,,,,
01/14/2020,SOFR,1.55,1.5,1.52,1.59,1.65,1009,,,,,,,,,,,
01/13/2020,EFFR,1.54,1.51,1.54,1.55,1.6,85,1.5,1.75,,,,,,,,,
01/13/2020,OBFR,1.54,1.48,1.53,1.55,1.65,190,,,,,,,,,,,
01/13/2020,TGCR,1.52,1.47,1.52,1.52,1.56,377,,,,,,,,,,,
01/13/2020,BGCR,1.52,1.47,1.52,1.52,1.58,389,,,,,,,,,,,
01/13/2020,SOFR,1.54,1.5,1.52,1.58,1.65,1021,,,,,,,,,,,
01/10/2020,EFFR,1.54,1.51,1.54,1.55,1.6,83,1.5,1.75,,,,,,,,,
01/10/2020,OBFR,1.54,1.5,1.53,1.55,1.65,192,,,,,,,,,,,
01/10/2020,TGCR,1.52,1.47,1.52,1.52,1.56,367,,,,,,,,,,,
01/10/2020,BGCR,1.52,1.47,1.52,1.52,1.58,376,,,,,,,,,,,
01/10/2020,SOFR,1.55,1.5,1.52,1.59,1.65,1013,,,,,,,,,,,
01/09/2020,EFFR,1.55,1.52,1.54,1.55,1.6,81,1.5,1.75,,,,,,,,,
01/09/2020,OBFR,1.54,1.48,1.53,1.55,1.66,192,,,,,,,,,,,
01/09/2020,TGCR,1.52,1.47,1.52,1.52,1.56,361,,,,,,,,,,,
01/09/2020,BGCR,1.52,1.47,1.52,1.52,1.6,387,,,,,,,,,,,
01/09/2020,SOFR,1.55,1.5,1.52,1.59,1.66,1011,,,,,,,,,,,
01/08/2020,EFFR,1.55,1.5,1.54,1.55,1.6,83,1.5,1.75,,,,,,,,,
01/08/2020,OBFR,1.54,1.48,1.53,1.55,1.67,186,,,,,,,,,,,
01/08/2020,TGCR,1.52,1.47,1.52,1.52,1.57,355,,,,,,,,,,,
01/08/2020,BGCR,1.52,1.47,1.52,1.53,1.6,376,,,,,,,,,,,
01/08/2020,SOFR,1.55,1.5,1.52,1.59,1.66,1007,,,,,,,,,,,
01/07/2020,EFFR,1.55,1.51,1.54,1.55,1.6,80,1.5,1.75,,,,,,,,,
01/07/2020,OBFR,1.54,1.45,1.53,1.55,1.65,182,,,,,,,,,,,
01/07/2020,TGCR,1.53,1.47,1.53,1.53,1.58,356,,,,,,,,,,,
01/07/2020,BGCR,1.53,1.47,1.53,1.53,1.6,379,,,,,,,,,,,
01/07/2020,SOFR,1.56,1.5,1.53,1.61,1.67,1028,,,,,,,,,,,
01/06/2020,EFFR,1.55,1.52,1.54,1.55,1.6,77,1.5,1.75,,,,,,,,,
01/06/2020,OBFR,1.54,1.45,1.53,1.55,1.65,178,,,,,,,,,,,
01/06/2020,TGCR,1.52,1.47,1.52,1.53,1.57,357,,,,,,,,,,,
01/06/2020,BGCR,1.52,1.47,1.52,1.53,1.6,384,,,,,,,,,,,
01/06/2020,SOFR,1.55,1.5,1.53,1.6,1.66,1034,,,,,,,,,,,
01/03/2020,EFFR,1.55,1.5,1.54,1.55,1.61,79,1.5,1.75,,,,,,,,,
01/03/2020,OBFR,1.54,1.45,1.53,1.55,1.65,187,,,,,,,,,,,
01/03/2020,TGCR,1.52,1.47,1.51,1.52,1.57,350,,,,,,,,,,,
01/03/2020,BGCR,1.52,1.47,1.52,1.52,1.6,375,,,,,,,,,,,
01/03/2020,SOFR,1.55,1.5,1.52,1.6,1.66,1030,,,,,,,,,,,
01/02/2020,EFFR,1.55,1.52,1.54,1.55,1.61,74,1.5,1.75,,,,,,,,,
01/02/2020,OBFR,1.54,1.46,1.53,1.55,1.7,170,,,,,,,,,,,
01/02/2020,TGCR,1.5,1.45,1.5,1.5,1.6,344,,,,,,,,,,,
01/02/2020,BGCR,1.5,1.45,1.5,1.51,1.63,380,,,,,,,,,,,
01/02/2020,SOFR,1.54,1.49,1.5,1.6,1.65,1123,,,,,,,,,,,
12/31/2019,EFFR,1.55,1,1.53,1.58,1.65,51,1.5,1.75,,,,,,,,,
12/31/2019,OBFR,1.55,1,1.53,1.58,1.75,99,,,,,,,,,,,
12/31/2019,TGCR,1.55,1.4,1.55,1.55,1.62,329,,,,,,,,,,,
12/31/2019,BGCR,1.55,1.4,1.55,1.55,1.7,341,,,,,,,,,,,
12/31/2019,SOFR,1.55,1.45,1.55,1.66,2,1010,,,,,,,,,,,
12/30/2019,EFFR,1.55,1.5,1.54,1.56,1.61,72,1.5,1.75,,,,,,,,,
12/30/2019,OBFR,1.54,1.45,1.53,1.55,1.75,196,,,,,,,,,,,
12/30/2019,TGCR,1.51,1.43,1.51,1.52,1.6,326,,,,,,,,,,,
12/30/2019,BGCR,1.51,1.43,1.51,1.52,1.6,348,,,,,,,,,,,
12/30/2019,SOFR,1.54,1.47,1.52,1.6,1.67,1036,,,,,,,,,,,
12/27/2019,EFFR,1.55,1.5,1.54,1.56,1.6,73,1.5,1.75,,,,,,,,,
12/27/2019,OBFR,1.54,1.45,1.53,1.55,1.75,188,,,,,,,,,,,
12/27/2019,TGCR,1.5,1.43,1.5,1.5,1.56,341,,,,,,,,,,,
12/27/2019,BGCR,1.5,1.43,1.5,1.5,1.6,363,,,,,,,,,,,
12/27/2019,SOFR,1.53,1.47,1.5,1.58,1.64,1038,,,,,,,,,,,
12/26/2019,EFFR,1.55,1.5,1.54,1.56,1.61,75,1.5,1.75,,,,,,,,,
12/26/2019,OBFR,1.54,1.47,1.53,1.55,1.65,208,,,,,,,,,,,
12/26/2019,TGCR,1.49,1.43,1.49,1.5,1.57,343,,,,,,,,,,,
12/26/2019,BGCR,1.49,1.43,1.49,1.5,1.58,360,,,,,,,,,,,
12/26/2019,SOFR,1.52,1.47,1.5,1.57,1.64,1000,,,,,,,,,,,
12/24/2019,EFFR,1.55,1.5,1.54,1.56,1.61,71,1.5,1.75,,,,,,,,,
12/24/2019,OBFR,1.54,1.5,1.53,1.55,1.65,195,,,,,,,,,,,
12/24/2019,TGCR,1.5,1.3,1.5,1.5,1.55,345,,,,,,,,,,,
12/24/2019,BGCR,1.5,1.43,1.5,1.5,1.57,368,,,,,,,,,,,
12/24/2019,SOFR,1.52,1.45,1.5,1.57,1.64,1006,,,,,,,,,,,
12/23/2019,EFFR,1.55,1.5,1.54,1.56,1.62,69,1.5,1.75,,,,,,,,,
12/23/2019,OBFR,1.54,1.47,1.53,1.55,1.65,191,,,,,,,,,,,
12/23/2019,TGCR,1.5,1.44,1.5,1.5,1.54,350,,,,,,,,,,,
12/23/2019,BGCR,1.5,1.45,1.5,1.5,1.58,372,,,,,,,,,,,
12/23/2019,SOFR,1.52,1.48,1.5,1.57,1.64,1027,,,,,,,,,,,
12/20/2019,EFFR,1.55,1.5,1.54,1.56,1.61,69,1.5,1.75,,,,,,,,,
12/20/2019,OBFR,1.54,1.47,1.53,1.55,1.75,179,,,,,,,,,,,
12/20/2019,TGCR,1.49,1.42,1.49,1.49,1.54,346,,,,,,,,,,,
12/20/2019,BGCR,1.49,1.42,1.49,1.5,1.57,366,,,,,,,,,,,
12/20/2019,SOFR,1.53,1.47,1.49,1.57,1.64,967,,,,,,,,,,,
12/19/2019,EFFR,1.55,1.5,1.54,1.56,1.61,73,1.5,1.75,,,,,,,,,
12/19/2019,OBFR,1.54,1.45,1.53,1.55,1.75,178,,,,,,,,,,,
12/19/2019,TGCR,1.5,1.45,1.5,1.5,1.55,362,,,,,,,,,,,
12/19/2019,BGCR,1.5,1.45,1.5,1.5,1.58,384,,,,,,,,,,,
12/19/2019,SOFR,1.53,1.47,1.5,1.58,1.65,988,,,,,,,,,,,
12/18/2019,EFFR,1.55,1.5,1.54,1.56,1.61,74,1.5,1.75,,,,,,,,,
12/18/2019,OBFR,1.54,1.45,1.53,1.55,1.7,185,,,,,,,,,,,
12/18/2019,TGCR,1.5,1.45,1.5,1.51,1.55,374,,,,,,,,,,,
12/18/2019,BGCR,1.5,1.45,1.5,1.51,1.6,398,,,,,,,,,,,
12/18/2019,SOFR,1.53,1.48,1.5,1.58,1.65,1057,,,,,,,,,,,
12/17/2019,EFFR,1.55,1.51,1.54,1.56,1.6,68,1.5,1.75,,,,,,,,,
12/17/2019,OBFR,1.54,1.47,1.53,1.55,1.75,166,,,,,,,,,,,
12/17/2019,TGCR,1.5,1.45,1.5,1.5,1.57,376,,,,,,,,,,,
12/17/2019,BGCR,1.5,1.45,1.5,1.5,1.61,397,,,,,,,,,,,
12/17/2019,SOFR,1.54,1.48,1.5,1.59,1.64,1014,,,,,,,,,,,
12/16/2019,EFFR,1.56,1.52,1.55,1.6,1.61,69,1.5,1.75,,,,,,,,,
12/16/2019,OBFR,1.55,1.45,1.53,1.59,1.75,170,,,,,,,,,,,
12/16/2019,TGCR,1.6,1.5,1.59,1.6,1.65,373,,,,,,,,,,,
12/16/2019,BGCR,1.6,1.5,1.59,1.6,1.67,394,,,,,,,,,,,
12/16/2019,SOFR,1.62,1.54,1.6,1.67,1.74,1025,,,,,,,,,,,
12/13/2019,EFFR,1.55,1.52,1.54,1.56,1.61,70,1.5,1.75,,,,,,,,,
12/13/2019,OBFR,1.54,1.45,1.53,1.55,1.75,161,,,,,,,,,,,
12/13/2019,TGCR,1.5,1.45,1.5,1.5,1.56,382,,,,,,,,,,,
12/13/2019,BGCR,1.5,1.45,1.5,1.5,1.65,413,,,,,,,,,,,
12/13/2019,SOFR,1.54,1.48,1.5,1.58,1.66,1017,,,,,,,,,,,
12/12/2019,EFFR,1.55,1.5,1.54,1.56,1.6,75,1.5,1.75,,,,,,,,,
12/12/2019,OBFR,1.54,1.45,1.53,1.55,1.75,179,,,,,,,,,,,
12/12/2019,TGCR,1.49,1.44,1.49,1.5,1.55,384,,,,,,,,,,,
12/12/2019,BGCR,1.49,1.44,1.49,1.5,1.58,414,,,,,,,,,,,
12/12/2019,SOFR,1.53,1.48,1.5,1.57,1.65,1039,,,,,,,,,,,
12/11/2019,EFFR,1.55,1.52,1.54,1.56,1.61,73,1.5,1.75,,,,,,,,,
12/11/2019,OBFR,1.54,1.45,1.53,1.55,1.75,179,,,,,,,,,,,
12/11/2019,TGCR,1.5,1.45,1.5,1.5,1.56,394,,,,,,,,,,,
12/11/2019,BGCR,1.5,1.45,1.5,1.5,1.59,419,,,,,,,,,,,
12/11/2019,SOFR,1.54,1.49,1.5,1.58,1.65,1056,,,,,,,,,,,
12/10/2019,EFFR,1.55,1.5,1.54,1.56,1.6,75,1.5,1.75,,,,,,,,,
12/10/2019,OBFR,1.54,1.45,1.53,1.55,1.75,184,,,,,,,,,,,
12/10/2019,TGCR,1.51,1.46,1.51,1.51,1.56,387,,,,,,,,,,,
12/10/2019,BGCR,1.51,1.46,1.51,1.51,1.59,410,,,,,,,,,,,
12/10/2019,SOFR,1.55,1.5,1.51,1.59,1.66,1049,,,,,,,,,,,
12/09/2019,EFFR,1.55,1.5,1.54,1.56,1.61,73,1.5,1.75,,,,,,,,,
12/09/2019,OBFR,1.54,1.45,1.53,1.55,1.75,175,,,,,,,,,,,
12/09/2019,TGCR,1.53,1.47,1.52,1.53,1.57,388,,,,,,,,,,,
12/09/2019,BGCR,1.53,1.47,1.52,1.53,1.61,413,,,,,,,,,,,
12/09/2019,SOFR,1.56,1.5,1.53,1.61,1.67,1042,,,,,,,,,,,
12/06/2019,EFFR,1.55,1.51,1.54,1.56,1.61,82,1.5,1.75,,,,,,,,,
12/06/2019,OBFR,1.54,1.45,1.53,1.55,1.75,184,,,,,,,,,,,
12/06/2019,TGCR,1.52,1.47,1.52,1.52,1.57,385,,,,,,,,,,,
12/06/2019,BGCR,1.52,1.47,1.52,1.53,1.61,401,,,,,,,,,,,
12/06/2019,SOFR,1.55,1.5,1.52,1.6,1.67,1017,,,,,,,,,,,
12/05/2019,EFFR,1.55,1.5,1.54,1.56,1.62,70,1.5,1.75,,,,,,,,,
12/05/2019,OBFR,1.54,1.45,1.53,1.55,1.75,165,,,,,,,,,,,
12/05/2019,TGCR,1.52,1.46,1.51,1.52,1.57,390,,,,,,,,,,,
12/05/2019,BGCR,1.52,1.46,1.51,1.52,1.61,405,,,,,,,,,,,
12/05/2019,SOFR,1.55,1.5,1.52,1.6,1.66,1017,,,,,,,,,,,
12/04/2019,EFFR,1.55,1.5,1.54,1.56,1.63,75,1.5,1.75,,,,,,,,,
12/04/2019,OBFR,1.54,1.45,1.53,1.55,1.7,170,,,,,,,,,,,
12/04/2019,TGCR,1.5,1.45,1.5,1.51,1.56,393,,,,,,,,,,,
12/04/2019,BGCR,1.5,1.45,1.5,1.51,1.62,413,,,,,,,,,,,
12/04/2019,SOFR,1.54,1.49,1.5,1.59,1.65,1046,,,,,,,,,,,
12/03/2019,EFFR,1.55,1.52,1.54,1.56,1.63,76,1.5,1.75,,,,,,,,,
12/03/2019,OBFR,1.55,1.45,1.53,1.56,1.75,160,,,,,,,,,,,
12/03/2019,TGCR,1.51,1.47,1.5,1.51,1.58,396,,,,,,,,,,,
12/03/2019,BGCR,1.51,1.47,1.5,1.52,1.61,422,,,,,,,,,,,
12/03/2019,SOFR,1.55,1.49,1.51,1.59,1.66,1050,,,,,,,,,,,
12/02/2019,EFFR,1.56,1.53,1.55,1.57,1.63,72,1.5,1.75,,,,,,,,,
12/02/2019,OBFR,1.55,1.45,1.54,1.57,1.7,162,,,,,,,,,,,
12/02/2019,TGCR,1.6,1.45,1.6,1.6,1.64,397,,,,,,,,,,,
12/02/2019,BGCR,1.6,1.45,1.6,1.6,1.68,427,,,,,,,,,,,
12/02/2019,SOFR,1.63,1.54,1.6,1.68,1.75,1104,,,,,,,,,,,
11/29/2019,EFFR,1.56,1.52,1.55,1.58,1.63,70,1.5,1.75,,,,,,,,,
11/29/2019,OBFR,1.55,1.48,1.53,1.58,1.68,183,,,,,,,,,,,
11/29/2019,TGCR,1.62,1.5,1.62,1.63,1.65,382,,,,,,,,,,,
11/29/2019,BGCR,1.62,1.5,1.62,1.63,1.73,406,,,,,,,,,,,
11/29/2019,SOFR,1.65,1.5,1.63,1.7,1.8,1004,,,,,,,,,,,
11/27/2019,EFFR,1.55,1.52,1.54,1.56,1.63,68,1.5,1.75,,,,,,,,,
11/27/2019,OBFR,1.54,1.45,1.53,1.55,1.7,154,,,,,,,,,,,
11/27/2019,TGCR,1.5,1.46,1.5,1.5,1.57,382,,,,,,,,,,,
11/27/2019,BGCR,1.5,1.46,1.5,1.51,1.62,406,,,,,,,,,,,
11/27/2019,SOFR,1.55,1.48,1.5,1.59,1.66,1011,,,,,,,,,,,
11/26/2019,EFFR,1.55,1.52,1.54,1.56,1.63,71,1.5,1.75,,,,,,,,,
11/26/2019,OBFR,1.54,1.45,1.53,1.55,1.67,171,,,,,,,,,,,
11/26/2019,TGCR,1.51,1.46,1.51,1.51,1.56,388,,,,,,,,,,,
11/26/2019,BGCR,1.51,1.47,1.51,1.51,1.6,411,,,,,,,,,,,
11/26/2019,SOFR,1.54,1.49,1.51,1.59,1.68,1056,,,,,,,,,,,
11/25/2019,EFFR,1.55,1.52,1.54,1.56,1.65,69,1.5,1.75,,,,,,,,,
11/25/2019,OBFR,1.55,1.47,1.53,1.55,1.75,179,,,,,,,,,,,
11/25/2019,TGCR,1.54,1.47,1.53,1.54,1.59,390,,,,,,,,,,,
11/25/2019,BGCR,1.54,1.47,1.53,1.54,1.62,411,,,,,,,,,,,
11/25/2019,SOFR,1.56,1.5,1.54,1.62,1.69,994,,,,,,,,,,,
11/22/2019,EFFR,1.55,1.51,1.55,1.57,1.63,65,1.5,1.75,,,,,,,,,
11/22/2019,OBFR,1.55,1.48,1.54,1.56,1.65,164,,,,,,,,,,,
11/22/2019,TGCR,1.56,1.45,1.55,1.56,1.61,394,,,,,,,,,,,
11/22/2019,BGCR,1.56,1.45,1.55,1.56,1.64,417,,,,,,,,,,,
11/22/2019,SOFR,1.58,1.51,1.56,1.64,1.7,1028,,,,,,,,,,,
11/21/2019,EFFR,1.55,1.53,1.55,1.57,1.64,67,1.5,1.75,,,,,,,,,
11/21/2019,OBFR,1.55,1.47,1.53,1.56,1.71,175,,,,,,,,,,,
11/21/2019,TGCR,1.55,1.45,1.54,1.55,1.6,402,,,,,,,,,,,
11/21/2019,BGCR,1.55,1.49,1.54,1.55,1.63,421,,,,,,,,,,,
11/21/2019,SOFR,1.58,1.5,1.55,1.64,1.7,993,,,,,,,,,,,
11/20/2019,EFFR,1.55,1.52,1.55,1.57,1.64,70,1.5,1.75,,,,,,,,,
11/20/2019,OBFR,1.55,1.45,1.54,1.56,1.75,168,,,,,,,,,,,
11/20/2019,TGCR,1.54,1.49,1.54,1.54,1.6,399,,,,,,,,,,,
11/20/2019,BGCR,1.54,1.49,1.54,1.55,1.63,417,,,,,,,,,,,
11/20/2019,SOFR,1.57,1.51,1.54,1.63,1.69,1001,,,,,,,,,,,
11/19/2019,EFFR,1.55,1.53,1.55,1.57,1.64,64,1.5,1.75,,,,,,,,,
11/19/2019,OBFR,1.55,1.45,1.54,1.56,1.75,156,,,,,,,,,,,
11/19/2019,TGCR,1.53,1.48,1.53,1.53,1.59,405,,,,,,,,,,,
11/19/2019,BGCR,1.53,1.48,1.53,1.53,1.66,429,,,,,,,,,,,
11/19/2019,SOFR,1.57,1.51,1.53,1.63,1.68,1008,,,,,,,,,,,
11/18/2019,EFFR,1.55,1.53,1.55,1.57,1.63,62,1.5,1.75,,,,,,,,,
11/18/2019,OBFR,1.55,1.41,1.53,1.56,1.75,160,,,,,,,,,,,
11/18/2019,TGCR,1.52,1.48,1.52,1.52,1.59,414,,,,,,,,,,,
11/18/2019,BGCR,1.52,1.48,1.52,1.53,1.62,437,,,,,,,,,,,
11/18/2019,SOFR,1.56,1.5,1.52,1.61,1.68,1012,,,,,,,,,,,
11/15/2019,EFFR,1.55,1.5,1.54,1.56,1.62,73,1.5,1.75,,,,,,,,,
11/15/2019,OBFR,1.55,1.41,1.53,1.56,1.75,159,,,,,,,,,,,
11/15/2019,TGCR,1.55,1.5,1.54,1.55,1.6,418,,,,,,,,,,,
11/15/2019,BGCR,1.55,1.5,1.54,1.55,1.63,445,,,,,,,,,,,
11/15/2019,SOFR,1.59,1.51,1.55,1.63,1.7,1049,,,,,,,,,,,
11/14/2019,EFFR,1.55,1.5,1.54,1.57,1.63,68,1.5,1.75,,,,,,,,,
11/14/2019,OBFR,1.55,1.41,1.53,1.56,1.75,155,,,,,,,,,,,
11/14/2019,TGCR,1.55,1.5,1.55,1.55,1.59,421,,,,,,,,,,,
11/14/2019,BGCR,1.55,1.5,1.55,1.55,1.64,444,,,,,,,,,,,
11/14/2019,SOFR,1.58,1.5,1.55,1.64,1.71,1027,,,,,,,,,,,
11/13/2019,EFFR,1.55,1.5,1.54,1.56,1.62,71,1.5,1.75,,,,,,,,,
11/13/2019,OBFR,1.55,1.44,1.53,1.56,1.75,172,,,,,,,,,,,
11/13/2019,TGCR,1.54,1.48,1.54,1.55,1.58,418,,,,,,,,,,,
11/13/2019,BGCR,1.54,1.48,1.54,1.55,1.63,446,,,,,,,,,,,
11/13/2019,SOFR,1.57,1.5,1.54,1.63,1.7,1018,,,,,,,,,,,
11/12/2019,EFFR,1.55,1.52,1.55,1.57,1.62,71,1.5,1.75,,,,,,,,,
11/12/2019,OBFR,1.55,1.41,1.53,1.56,1.75,161,,,,,,,,,,,
11/12/2019,TGCR,1.54,1.5,1.54,1.55,1.58,420,,,,,,,,,,,
11/12/2019,BGCR,1.54,1.5,1.54,1.55,1.66,450,,,,,,,,,,,
11/12/2019,SOFR,1.57,1.52,1.54,1.63,1.7,1064,,,,,,,,,,,
11/08/2019,EFFR,1.55,1.52,1.55,1.56,1.62,71,1.5,1.75,,,,,,,,,
11/08/2019,OBFR,1.55,1.41,1.53,1.56,1.75,168,,,,,,,,,,,
11/08/2019,TGCR,1.53,1.48,1.53,1.53,1.57,421,,,,,,,,,,,
11/08/2019,BGCR,1.53,1.49,1.53,1.53,1.61,441,,,,,,,,,,,
11/08/2019,SOFR,1.56,1.5,1.53,1.61,1.68,1016,,,,,,,,,,,
11/07/2019,EFFR,1.55,1.5,1.54,1.56,1.63,76,1.5,1.75,,,,,,,,,
11/07/2019,OBFR,1.55,1.42,1.53,1.56,1.75,168,,,,,,,,,,,
11/07/2019,TGCR,1.53,1.49,1.53,1.53,1.58,427,,,,,,,,,,,
11/07/2019,BGCR,1.53,1.49,1.53,1.53,1.61,449,,,,,,,,,,,
11/07/2019,SOFR,1.56,1.51,1.53,1.62,1.69,1066,,,,,,,,,,,
11/06/2019,EFFR,1.55,1.5,1.54,1.56,1.63,80,1.5,1.75,,,,,,,,,
11/06/2019,OBFR,1.55,1.45,1.53,1.56,1.7,181,,,,,,,,,,,
11/06/2019,TGCR,1.53,1.48,1.53,1.53,1.57,432,,,,,,,,,,,
11/06/2019,BGCR,1.53,1.48,1.53,1.54,1.62,457,,,,,,,,,,,
11/06/2019,SOFR,1.57,1.5,1.53,1.61,1.69,1083,,,,,,,,,,,
11/05/2019,EFFR,1.56,1.52,1.55,1.56,1.63,81,1.5,1.75,,,,,,,,,
11/05/2019,OBFR,1.55,1.45,1.53,1.56,1.75,192,,,,,,,,,,,
11/05/2019,TGCR,1.55,1.46,1.55,1.55,1.59,441,,,,,,,,,,,
11/05/2019,BGCR,1.55,1.47,1.55,1.55,1.64,468,,,,,,,,,,,
11/05/2019,SOFR,1.58,1.51,1.55,1.63,1.7,1062,,,,,,,,,,,
11/04/2019,EFFR,1.56,1.51,1.55,1.57,1.61,83,1.5,1.75,,,,,,,,,
11/04/2019,OBFR,1.55,1.45,1.53,1.57,1.65,205,,,,,,,,,,,
11/04/2019,TGCR,1.54,1.48,1.54,1.54,1.58,445,,,,,,,,,,,
11/04/2019,BGCR,1.54,1.49,1.54,1.54,1.63,473,,,,,,,,,,,
11/04/2019,SOFR,1.56,1.5,1.54,1.62,1.69,1146,,,,,,,,,,,
11/01/2019,EFFR,1.57,1.5,1.55,1.58,1.63,83,1.5,1.75,,,,,,,,,
11/01/2019,OBFR,1.56,1.43,1.55,1.57,1.7,176,,,,,,,,,,,
11/01/2019,TGCR,1.55,1.5,1.55,1.55,1.6,445,,,,,,,,,,,
11/01/2019,BGCR,1.55,1.5,1.55,1.55,1.65,477,,,,,,,,,,,
11/01/2019,SOFR,1.58,1.52,1.55,1.63,1.7,1118,,,,,,,,,,,
10/31/2019,EFFR,1.58,1.5,1.57,1.6,1.68,71,1.5,1.75,,,,,,,,,
10/31/2019,OBFR,1.57,1.43,1.55,1.6,1.8,172,,,,,,,,,,,
10/31/2019,TGCR,1.73,1.62,1.72,1.73,1.8,444,,,,,,,,,,,
10/31/2019,BGCR,1.73,1.6,1.72,1.73,1.86,467,,,,,,,,,,,
10/31/2019,SOFR,1.76,1.68,1.73,1.85,2.02,1174,,,,,,,,,,,
10/30/2019,EFFR,1.82,1.78,1.8,1.83,1.88,69,1.75,2,,,,,,,,,
10/30/2019,OBFR,1.8,1.68,1.79,1.83,2,178,,,,,,,,,,,
10/30/2019,TGCR,1.8,1.72,1.8,1.8,1.83,425,,,,,,,,,,,
10/30/2019,BGCR,1.8,1.72,1.8,1.8,1.89,450,,,,,,,,,,,
10/30/2019,SOFR,1.82,1.77,1.8,1.88,1.95,1099,,,,,,,,,,,
10/29/2019,EFFR,1.82,1.75,1.8,1.83,1.88,72,1.75,2,,,,,,,,,
10/29/2019,OBFR,1.8,1.7,1.79,1.83,1.95,174,,,,,,,,,,,
10/29/2019,TGCR,1.78,1.75,1.78,1.78,1.82,426,,,,,,,,,,,
10/29/2019,BGCR,1.78,1.75,1.78,1.78,1.89,455,,,,,,,,,,,
10/29/2019,SOFR,1.81,1.76,1.78,1.86,1.94,1048,,,,,,,,,,,
10/28/2019,EFFR,1.83,1.76,1.81,1.83,1.88,72,1.75,2,,,,,,,,,
10/28/2019,OBFR,1.8,1.66,1.79,1.83,1.95,183,,,,,,,,,,,
10/28/2019,TGCR,1.8,1.72,1.79,1.8,1.84,423,,,,,,,,,,,
10/28/2019,BGCR,1.8,1.72,1.79,1.8,1.88,450,,,,,,,,,,,
10/28/2019,SOFR,1.82,1.77,1.8,1.88,1.96,1089,,,,,,,,,,,
10/25/2019,EFFR,1.83,1.75,1.81,1.84,1.89,73,1.75,2,,,,,,,,,
10/25/2019,OBFR,1.81,1.7,1.79,1.84,1.95,180,,,,,,,,,,,
10/25/2019,TGCR,1.81,1.75,1.81,1.81,1.85,421,,,,,,,,,,,
10/25/2019,BGCR,1.81,1.76,1.81,1.81,1.9,447,,,,,,,,,,,
10/25/2019,SOFR,1.84,1.78,1.81,1.9,1.97,1077,,,,,,,,,,,
10/24/2019,EFFR,1.85,1.75,1.82,1.85,1.89,65,1.75,2,,,,,,,,,
10/24/2019,OBFR,1.82,1.66,1.79,1.85,1.95,173,,,,,,,,,,,
10/24/2019,TGCR,1.84,1.78,1.84,1.85,1.88,425,,,,,,,,,,,
10/24/2019,BGCR,1.85,1.78,1.84,1.85,1.93,453,,,,,,,,,,,
10/24/2019,SOFR,1.86,1.81,1.85,1.93,2.02,1086,,,,,,,,,,,
10/23/2019,EFFR,1.85,1.75,1.81,1.85,1.9,65,1.75,2,,,,,,,,,
10/23/2019,OBFR,1.82,1.68,1.79,1.85,1.95,175,,,,,,,,,,,
10/23/2019,TGCR,1.84,1.79,1.83,1.84,1.87,437,,,,,,,,,,,
10/23/2019,BGCR,1.84,1.79,1.83,1.84,1.92,462,,,,,,,,,,,
10/23/2019,SOFR,1.87,1.8,1.84,1.92,2.01,1065,,,,,,,,,,,
10/22/2019,EFFR,1.85,1.76,1.82,1.85,1.88,67,1.75,2,,,,,,,,,
10/22/2019,OBFR,1.83,1.7,1.79,1.85,1.98,173,,,,,,,,,,,
10/22/2019,TGCR,1.85,1.76,1.85,1.86,1.88,439,,,,,,,,,,,
10/22/2019,BGCR,1.85,1.76,1.85,1.86,1.95,456,,,,,,,,,,,
10/22/2019,SOFR,1.87,1.8,1.85,1.94,2.01,1079,,,,,,,,,,,
10/21/2019,EFFR,1.85,1.78,1.83,1.85,1.89,60,1.75,2,,,,,,,,,
10/21/2019,OBFR,1.82,1.7,1.8,1.85,1.93,163,,,,,,,,,,,
10/21/2019,TGCR,1.83,1.78,1.83,1.83,1.87,434,,,,,,,,,,,
10/21/2019,BGCR,1.83,1.78,1.83,1.83,1.92,456,,,,,,,,,,,
10/21/2019,SOFR,1.86,1.8,1.83,1.92,1.99,1054,,,,,,,,,,,
10/18/2019,EFFR,1.85,1.77,1.84,1.85,1.9,61,1.75,2,,,,,,,,,
10/18/2019,OBFR,1.83,1.7,1.8,1.85,1.95,160,,,,,,,,,,,
10/18/2019,TGCR,1.85,1.8,1.85,1.86,1.91,442,,,,,,,,,,,
10/18/2019,BGCR,1.85,1.8,1.85,1.86,1.93,464,,,,,,,,,,,
10/18/2019,SOFR,1.88,1.82,1.85,1.95,2.02,1120,,,,,,,,,,,
10/17/2019,EFFR,1.85,1.78,1.85,1.88,1.9,66,1.75,2,,,,,,,,,
10/17/2019,OBFR,1.85,1.66,1.79,1.88,2,165,,,,,,,,,,,
10/17/2019,TGCR,1.93,1.81,1.93,1.93,1.96,441,,,,,,,,,,,
10/17/2019,BGCR,1.93,1.82,1.93,1.93,2,462,,,,,,,,,,,
10/17/2019,SOFR,1.95,1.87,1.93,2.01,2.1,1077,,,,,,,,,,,
10/16/2019,EFFR,1.9,1.78,1.85,1.95,2,76,1.75,2,,,,,,,,,
10/16/2019,OBFR,1.88,1.7,1.8,1.93,2.06,181,,,,,,,,,,,
10/16/2019,TGCR,2.02,1.82,2.02,2.03,2.06,442,,,,,,,,,,,
10/16/2019,BGCR,2.02,1.82,2.02,2.03,2.12,465,,,,,,,,,,,
10/16/2019,SOFR,2.05,1.9,2.02,2.11,2.2,1086,,,,,,,,,,,
10/15/2019,EFFR,1.9,1.78,1.85,1.9,1.95,69,1.75,2,,,,,,,,,
10/15/2019,OBFR,1.9,1.66,1.85,1.9,2,158,,,,,,,,,,,
10/15/2019,TGCR,1.95,1.85,1.95,1.96,2.06,428,,,,,,,,,,,
10/15/2019,BGCR,1.96,1.85,1.95,1.96,2.35,458,,,,,,,,,,,
10/15/2019,SOFR,2,1.9,1.96,2.07,2.4,1088,,,,,,,,,,,
10/11/2019,EFFR,1.82,1.75,1.8,1.83,1.88,60,1.75,2,,,,,,,,,
10/11/2019,OBFR,1.81,1.66,1.8,1.83,1.95,150,,,,,,,,,,,
10/11/2019,TGCR,1.82,1.77,1.82,1.82,1.85,422,,,,,,,,,,,
10/11/2019,BGCR,1.82,1.77,1.82,1.82,1.9,448,,,,,,,,,,,
10/11/2019,SOFR,1.85,1.78,1.82,1.9,1.97,1024,,,,,,,,,,,
10/10/2019,EFFR,1.82,1.75,1.8,1.83,1.9,61,1.75,2,,,,,,,,,
10/10/2019,OBFR,1.81,1.66,1.79,1.83,1.95,153,,,,,,,,,,,
10/10/2019,TGCR,1.82,1.73,1.82,1.82,1.85,428,,,,,,,,,,,
10/10/2019,BGCR,1.82,1.74,1.82,1.82,1.91,456,,,,,,,,,,,
10/10/2019,SOFR,1.85,1.78,1.82,1.91,1.98,1124,,,,,,,,,,,
10/09/2019,EFFR,1.82,1.75,1.8,1.83,1.88,66,1.75,2,,,,,,,,,
10/09/2019,OBFR,1.8,1.66,1.79,1.83,1.95,153,,,,,,,,,,,
10/09/2019,TGCR,1.82,1.77,1.82,1.82,1.85,432,,,,,,,,,,,
10/09/2019,BGCR,1.82,1.77,1.82,1.82,1.91,462,,,,,,,,,,,
10/09/2019,SOFR,1.85,1.8,1.82,1.9,1.97,1061,,,,,,,,,,,
10/08/2019,EFFR,1.82,1.75,1.8,1.83,1.89,69,1.75,2,,,,,,,,,
10/08/2019,OBFR,1.8,1.66,1.79,1.83,1.94,157,,,,,,,,,,,
10/08/2019,TGCR,1.82,1.77,1.82,1.82,1.85,431,,,,,,,,,,,
10/08/2019,BGCR,1.82,1.77,1.82,1.82,1.91,454,,,,,,,,,,,
10/08/2019,SOFR,1.85,1.8,1.82,1.91,1.98,1070,,,,,,,,,,,
10/07/2019,EFFR,1.82,1.75,1.8,1.83,1.88,76,1.75,2,,,,,,,,,
10/07/2019,OBFR,1.8,1.66,1.79,1.83,1.94,172,,,,,,,,,,,
10/07/2019,TGCR,1.8,1.76,1.79,1.8,1.85,428,,,,,,,,,,,
10/07/2019,BGCR,1.8,1.76,1.79,1.8,1.9,457,,,,,,,,,,,
10/07/2019,SOFR,1.83,1.78,1.8,1.89,1.95,1070,,,,,,,,,,,
10/04/2019,EFFR,1.82,1.76,1.8,1.85,1.9,80,1.75,2,,,,,,,,,
10/04/2019,OBFR,1.81,1.66,1.79,1.83,1.97,173,,,,,,,,,,,
10/04/2019,TGCR,1.79,1.75,1.79,1.79,1.85,425,,,,,,,,,,,
10/04/2019,BGCR,1.79,1.75,1.79,1.79,1.9,454,,,,,,,,,,,
10/04/2019,SOFR,1.82,1.77,1.79,1.88,1.94,1094,,,,,,,,,,,
10/03/2019,EFFR,1.83,1.75,1.8,1.87,1.9,80,1.75,2,,,,,,,,,
10/03/2019,OBFR,1.82,1.7,1.79,1.86,1.98,176,,,,,,,,,,,
10/03/2019,TGCR,1.81,1.77,1.81,1.81,1.87,430,,,,,,,,,,,
10/03/2019,BGCR,1.81,1.77,1.81,1.81,1.89,458,,,,,,,,,,,
10/03/2019,SOFR,1.84,1.79,1.81,1.89,1.96,1120,,,,,,,,,,,
10/02/2019,EFFR,1.85,1.75,1.8,1.88,1.92,76,1.75,2,,,,,,,,,
10/02/2019,OBFR,1.84,1.7,1.79,1.87,1.98,182,,,,,,,,,,,
10/02/2019,TGCR,1.82,1.75,1.81,1.82,1.87,439,,,,,,,,,,,
10/02/2019,BGCR,1.82,1.76,1.81,1.82,1.92,471,,,,,,,,,,,
10/02/2019,SOFR,1.85,1.8,1.82,1.9,1.98,1147,,,,,,,,,,,
10/01/2019,EFFR,1.88,1.75,1.82,1.89,1.91,75,1.75,2,,,,,,,,,
10/01/2019,OBFR,1.85,1.66,1.8,1.88,2,160,,,,,,,,,,,
10/01/2019,TGCR,1.84,1.73,1.84,1.84,1.9,430,,,,,,,,,,,
10/01/2019,BGCR,1.84,1.73,1.84,1.85,2,457,,,,,,,,,,,
10/01/2019,SOFR,1.88,1.82,1.84,1.96,2.05,1183,,,,,,,,,,,
09/30/2019,EFFR,1.9,1.78,1.9,1.95,2,59,1.75,2,,,,,,,,,
09/30/2019,OBFR,1.9,1.66,1.83,1.95,2.39,140,,,,,,,,,,,
09/30/2019,TGCR,2.35,1.8,2.3,2.35,2.4,414,,,,,,,,,,,
09/30/2019,BGCR,2.35,1.8,2.3,2.35,2.5,436,,,,,,,,,,,
09/30/2019,SOFR,2.35,2,2.35,2.5,3.2,1097,,,,,,,,,,,
09/27/2019,EFFR,1.83,1.77,1.8,1.87,1.91,85,1.75,2,,,,,,,,,
09/27/2019,OBFR,1.82,1.68,1.79,1.85,2,183,,,,,,,,,,,
09/27/2019,TGCR,1.8,1.74,1.8,1.8,1.88,427,,,,,,,,,,,
09/27/2019,BGCR,1.8,1.73,1.8,1.8,1.9,453,,,,,,,,,,,
09/27/2019,SOFR,1.82,1.75,1.8,1.88,1.96,1084,,,,,,,,,,,
09/26/2019,EFFR,1.85,1.75,1.8,1.89,1.94,89,1.75,2,,,,,,,,,
09/26/2019,OBFR,1.83,1.69,1.79,1.88,2,181,,,,,,,,,,,
09/26/2019,TGCR,1.82,1.73,1.81,1.82,1.9,434,,,,,,,,,,,
09/26/2019,BGCR,1.82,1.75,1.81,1.83,1.91,462,,,,,,,,,,,
09/26/2019,SOFR,1.85,1.78,1.82,1.9,2.03,1092,,,,,,,,,,,
09/25/2019,EFFR,1.9,1.75,1.85,1.93,1.95,77,1.75,2,,,,,,,,,
09/25/2019,OBFR,1.85,1.7,1.8,1.92,2.03,171,,,,,,,,,,,
09/25/2019,TGCR,2,1.75,1.99,2,2.05,438,,,,,,,,,,,
09/25/2019,BGCR,2,1.75,1.99,2,2.1,467,,,,,,,,,,,
09/25/2019,SOFR,2.01,1.8,2,2.1,2.23,1080,,,,,,,,,,,
09/24/2019,EFFR,1.9,1.78,1.85,1.92,1.95,71,1.75,2,,,,,,,,,
09/24/2019,OBFR,1.85,1.66,1.8,1.9,2.05,159,,,,,,,,,,,
09/24/2019,TGCR,1.94,1.73,1.93,1.94,1.97,453,,,,,,,,,,,
09/24/2019,BGCR,1.94,1.73,1.93,1.94,2.05,481,,,,,,,,,,,
09/24/2019,SOFR,1.96,1.89,1.94,2.02,2.1,1085,,,,,,,,,,,
09/23/2019,EFFR,1.9,1.78,1.85,1.9,1.95,74,1.75,2,,,,,,,,,
09/23/2019,OBFR,1.85,1.66,1.8,1.9,2,158,,,,,,,,,,,
09/23/2019,TGCR,1.82,1.78,1.82,1.82,1.91,470,,,,,,,,,,,
09/23/2019,BGCR,1.82,1.78,1.82,1.82,2.1,490,,,,,,,,,,,
09/23/2019,SOFR,1.85,1.8,1.82,1.91,2.1,1140,,,,,,,,,,,
09/20/2019,EFFR,1.9,1.78,1.85,1.9,1.95,65,1.75,2,,,,,,,,,
09/20/2019,OBFR,1.85,1.7,1.8,1.9,2.1,162,,,,,,,,,,,
09/20/2019,TGCR,1.85,1.78,1.85,1.85,1.99,490,,,,,,,,,,,
09/20/2019,BGCR,1.85,1.78,1.85,1.85,1.99,504,,,,,,,,,,,
09/20/2019,SOFR,1.86,1.8,1.85,1.9,2.08,1121,,,,,,,,,,,
09/19/2019,EFFR,1.9,1.75,1.85,1.9,1.95,59,1.75,2,,,,,,,,,
09/19/2019,OBFR,1.85,1.66,1.8,1.9,2.1,160,,,,,,,,,,,
09/19/2019,TGCR,1.9,1.7,1.9,1.93,2,485,,,,,,,,,,,
09/19/2019,BGCR,1.91,1.7,1.9,1.93,2.05,516,,,,,,,,,,,
09/19/2019,SOFR,1.95,1.82,1.92,2.05,2.5,1137,,,,,,,,,,,
09/18/2019,EFFR,2.25,2.08,2.18,2.25,2.5,58,2,2.25,,,,,,,,,
09/18/2019,OBFR,2.18,1.87,2.09,2.25,2.6,158,,,,,,,,,,,
09/18/2019,TGCR,2.5,2,2.5,2.5,3,504,,,,,,,,,,,
09/18/2019,BGCR,2.5,2,2.5,2.5,4.5,532,,,,,,,,,,,
09/18/2019,SOFR,2.55,2.1,2.5,3,5,1196,,,,,,,,,,,
09/17/2019,EFFR,2.3,2.05,2.15,2.5,4,61,2,2.25,,,,,,,,,
09/17/2019,OBFR,2.25,1.87,2.1,2.5,5.55,141,,,,,,,,,,,
09/17/2019,TGCR,5.25,2,5,5.5,5.85,509,,,,,,,,,,,
09/17/2019,BGCR,5.25,2,5,5.5,8,533,,,,,,,,,,,
09/17/2019,SOFR,5.25,2.25,5,5.85,9,1177,,,,,,,,,,,
09/16/2019,EFFR,2.25,2.1,2.16,2.45,3,46,2,2.25,,,,,,,,,
09/16/2019,OBFR,2.18,1.87,2.15,2.4,3.3,110,,,,,,,,,,,
09/16/2019,TGCR,2.42,2.35,2.41,2.42,3.5,498,,,,,,,,,,,
09/16/2019,BGCR,2.42,2.35,2.41,2.42,3.5,516,,,,,,,,,,,
09/16/2019,SOFR,2.43,2.38,2.42,2.55,4.6,1156,,,,,,,,,,,
09/13/2019,EFFR,2.14,2.08,2.13,2.15,2.18,53,2,2.25,,,,,,,,,
09/13/2019,OBFR,2.14,1.87,2.11,2.15,2.22,123,,,,,,,,,,,
09/13/2019,TGCR,2.19,2.14,2.18,2.19,2.26,482,,,,,,,,,,,
09/13/2019,BGCR,2.19,2.14,2.18,2.19,2.3,509,,,,,,,,,,,
09/13/2019,SOFR,2.2,2.16,2.19,2.27,2.4,1134,,,,,,,,,,,
09/12/2019,EFFR,2.13,2.08,2.12,2.14,2.16,60,2,2.25,,,,,,,,,
09/12/2019,OBFR,2.13,1.87,2.1,2.14,2.23,142,,,,,,,,,,,
09/12/2019,TGCR,2.18,2.12,2.18,2.18,2.22,491,,,,,,,,,,,
09/12/2019,BGCR,2.18,2.12,2.18,2.18,2.29,534,,,,,,,,,,,
09/12/2019,SOFR,2.2,2.15,2.18,2.28,2.35,1156,,,,,,,,,,,
09/11/2019,EFFR,2.13,2.05,2.11,2.14,2.17,61,2,2.25,,,,,,,,,
09/11/2019,OBFR,2.11,1.87,2.09,2.13,2.2,156,,,,,,,,,,,
09/11/2019,TGCR,2.14,2.1,2.14,2.14,2.18,491,,,,,,,,,,,
09/11/2019,BGCR,2.14,2.1,2.14,2.14,2.25,524,,,,,,,,,,,
09/11/2019,SOFR,2.15,2.12,2.14,2.23,2.3,1179,,,,,,,,,,,
09/10/2019,EFFR,2.13,2.08,2.11,2.14,2.17,63,2,2.25,,,,,,,,,
09/10/2019,OBFR,2.11,1.87,2.09,2.14,2.2,144,,,,,,,,,,,
09/10/2019,TGCR,2.13,2.08,2.13,2.13,2.16,495,,,,,,,,,,,
09/10/2019,BGCR,2.13,2.08,2.13,2.13,2.24,529,,,,,,,,,,,
09/10/2019,SOFR,2.14,2.11,2.13,2.22,2.28,1186,,,,,,,,,,,
09/09/2019,EFFR,2.13,2.07,2.11,2.14,2.18,64,2,2.25,,,,,,,,,
09/09/2019,OBFR,2.11,1.87,2.09,2.13,2.2,155,,,,,,,,,,,
09/09/2019,TGCR,2.11,2.08,2.11,2.11,2.18,491,,,,,,,,,,,
09/09/2019,BGCR,2.11,2.08,2.11,2.11,2.2,522,,,,,,,,,,,
09/09/2019,SOFR,2.12,2.09,2.11,2.19,2.27,1243,,,,,,,,,,,
09/06/2019,EFFR,2.12,2.07,2.11,2.14,2.16,69,2,2.25,,,,,,,,,
09/06/2019,OBFR,2.11,1.87,2.09,2.13,2.18,160,,,,,,,,,,,
09/06/2019,TGCR,2.15,2.02,2.15,2.15,2.18,502,,,,,,,,,,,
09/06/2019,BGCR,2.15,2.02,2.15,2.15,2.24,535,,,,,,,,,,,
09/06/2019,SOFR,2.15,2.1,2.15,2.23,2.3,1222,,,,,,,,,,,
09/05/2019,EFFR,2.13,2.08,2.11,2.14,2.18,65,2,2.25,,,,,,,,,
09/05/2019,OBFR,2.11,1.87,2.09,2.14,2.22,165,,,,,,,,,,,
09/05/2019,TGCR,2.2,2.1,2.2,2.2,2.23,500,,,,,,,,,,,
09/05/2019,BGCR,2.2,2.1,2.2,2.2,2.3,538,,,,,,,,,,,
09/05/2019,SOFR,2.21,2.15,2.2,2.28,2.35,1197,,,,,,,,,,,
09/04/2019,EFFR,2.13,2.08,2.11,2.14,2.18,72,2,2.25,,,,,,,,,
09/04/2019,OBFR,2.11,1.87,2.09,2.14,2.22,163,,,,,,,,,,,
09/04/2019,TGCR,2.2,2.03,2.2,2.21,2.23,496,,,,,,,,,,,
09/04/2019,BGCR,2.2,2.03,2.2,2.21,2.32,524,,,,,,,,,,,
09/04/2019,SOFR,2.21,2.15,2.2,2.29,2.39,1222,,,,,,,,,,,
09/03/2019,EFFR,2.13,2.08,2.11,2.14,2.2,71,2,2.25,,,,,,,,,
09/03/2019,OBFR,2.12,1.87,2.09,2.14,2.2,163,,,,,,,,,,,
09/03/2019,TGCR,2.15,2.1,2.15,2.15,2.25,490,,,,,,,,,,,
09/03/2019,BGCR,2.15,2.1,2.15,2.16,2.3,514,,,,,,,,,,,
09/03/2019,SOFR,2.17,2.14,2.15,2.25,2.4,1281,,,,,,,,,,,
08/30/2019,EFFR,2.13,2.01,2.11,2.13,2.18,66,2,2.25,,,,,,,,,
08/30/2019,OBFR,2.11,1.9,2.08,2.13,2.35,179,,,,,,,,,,,
08/30/2019,TGCR,2.15,2.03,2.14,2.15,2.2,480,,,,,,,,,,,
08/30/2019,BGCR,2.15,2.03,2.14,2.15,2.26,510,,,,,,,,,,,
08/30/2019,SOFR,2.16,2.09,2.15,2.23,2.33,1194,,,,,,,,,,,
08/29/2019,EFFR,2.12,2.07,2.1,2.13,2.18,62,2,2.25,,,,,,,,,
08/29/2019,OBFR,2.1,1.87,2.08,2.13,2.2,167,,,,,,,,,,,
08/29/2019,TGCR,2.11,2.03,2.11,2.11,2.15,487,,,,,,,,,,,
08/29/2019,BGCR,2.11,2.03,2.11,2.11,2.2,510,,,,,,,,,,,
08/29/2019,SOFR,2.12,2.06,2.11,2.19,2.26,1196,,,,,,,,,,,
08/28/2019,EFFR,2.12,2.05,2.1,2.13,2.18,62,2,2.25,,,,,,,,,
08/28/2019,OBFR,2.11,1.87,2.08,2.13,2.2,167,,,,,,,,,,,
08/28/2019,TGCR,2.11,2.03,2.11,2.12,2.15,490,,,,,,,,,,,
08/28/2019,BGCR,2.11,2.03,2.11,2.12,2.2,506,,,,,,,,,,,
08/28/2019,SOFR,2.12,2.05,2.11,2.19,2.26,1196,,,,,,,,,,,
08/27/2019,EFFR,2.12,2.07,2.11,2.13,2.18,62,2,2.25,,,,,,,,,
08/27/2019,OBFR,2.11,1.87,2.09,2.13,2.2,171,,,,,,,,,,,
08/27/2019,TGCR,2.14,2.03,2.14,2.14,2.17,483,,,,,,,,,,,
08/27/2019,BGCR,2.14,2.05,2.14,2.14,2.23,500,,,,,,,,,,,
08/27/2019,SOFR,2.15,2.11,2.14,2.22,2.3,1197,,,,,,,,,,,
08/26/2019,EFFR,2.12,2.05,2.11,2.13,2.18,64,2,2.25,,,,,,,,,
08/26/2019,OBFR,2.1,1.9,2.09,2.12,2.18,171,,,,,,,,,,,
08/26/2019,TGCR,2.08,2.04,2.08,2.09,2.14,481,,,,,,,,,,,
08/26/2019,BGCR,2.08,2.05,2.08,2.09,2.2,502,,,,,,,,,,,
08/26/2019,SOFR,2.1,2.07,2.09,2.17,2.23,1190,,,,,,,,,,,
08/23/2019,EFFR,2.12,2.05,2.11,2.13,2.18,68,2,2.25,,,,,,,,,
08/23/2019,OBFR,2.1,1.9,2.08,2.12,2.18,173,,,,,,,,,,,
08/23/2019,TGCR,2.07,2.04,2.07,2.07,2.12,481,,,,,,,,,,,
08/23/2019,BGCR,2.07,2.04,2.07,2.08,2.17,503,,,,,,,,,,,
08/23/2019,SOFR,2.1,2.06,2.07,2.16,2.22,1130,,,,,,,,,,,
08/22/2019,EFFR,2.12,2.07,2.11,2.13,2.18,65,2,2.25,,,,,,,,,
08/22/2019,OBFR,2.1,2,2.08,2.12,2.18,186,,,,,,,,,,,
08/22/2019,TGCR,2.07,2.03,2.07,2.07,2.12,494,,,,,,,,,,,
08/22/2019,BGCR,2.07,2.03,2.07,2.07,2.17,519,,,,,,,,,,,
08/22/2019,SOFR,2.09,2.05,2.07,2.16,2.22,1160,,,,,,,,,,,
08/21/2019,EFFR,2.12,2.08,2.11,2.13,2.18,65,2,2.25,,,,,,,,,
08/21/2019,OBFR,2.11,1.95,2.09,2.12,2.18,185,,,,,,,,,,,
08/21/2019,TGCR,2.08,2.03,2.08,2.08,2.12,498,,,,,,,,,,,
08/21/2019,BGCR,2.08,2.03,2.08,2.08,2.18,521,,,,,,,,,,,
08/21/2019,SOFR,2.1,2.05,2.08,2.16,2.24,1188,,,,,,,,,,,
08/20/2019,EFFR,2.13,2.08,2.11,2.14,2.18,55,2,2.25,,,,,,,,,
08/20/2019,OBFR,2.1,1.9,2.08,2.13,2.19,174,,,,,,,,,,,
08/20/2019,TGCR,2.12,2.03,2.12,2.12,2.15,498,,,,,,,,,,,
08/20/2019,BGCR,2.12,2.03,2.12,2.12,2.22,528,,,,,,,,,,,
08/20/2019,SOFR,2.13,2.08,2.12,2.19,2.26,1228,,,,,,,,,,,
08/19/2019,EFFR,2.13,2.08,2.11,2.13,2.18,56,2,2.25,,,,,,,,,
08/19/2019,OBFR,2.1,1.87,2.09,2.13,2.19,175,,,,,,,,,,,
08/19/2019,TGCR,2.1,2.05,2.1,2.1,2.13,498,,,,,,,,,,,
08/19/2019,BGCR,2.1,2.05,2.1,2.1,2.18,528,,,,,,,,,,,
08/19/2019,SOFR,2.11,2.07,2.1,2.17,2.24,1241,,,,,,,,,,,
08/16/2019,EFFR,2.13,2.05,2.11,2.14,2.18,62,2,2.25,,,,,,,,,
08/16/2019,OBFR,2.11,1.9,2.09,2.13,2.2,172,,,,,,,,,,,
08/16/2019,TGCR,2.12,2.05,2.12,2.12,2.15,487,,,,,,,,,,,
08/16/2019,BGCR,2.12,2.05,2.12,2.12,2.2,516,,,,,,,,,,,
08/16/2019,SOFR,2.13,2.08,2.12,2.2,2.27,1247,,,,,,,,,,,
08/15/2019,EFFR,2.13,2.07,2.11,2.13,2.18,61,2,2.25,,,,,,,,,
08/15/2019,OBFR,2.1,1.87,2.08,2.13,2.22,171,,,,,,,,,,,
08/15/2019,TGCR,2.17,2.03,2.17,2.18,2.2,496,,,,,,,,,,,
08/15/2019,BGCR,2.17,2.03,2.17,2.18,2.27,529,,,,,,,,,,,
08/15/2019,SOFR,2.18,2.1,2.18,2.26,2.34,1218,,,,,,,,,,,
08/14/2019,EFFR,2.12,2.07,2.1,2.13,2.18,60,2,2.25,,,,,,,,,
08/14/2019,OBFR,2.1,1.87,2.09,2.13,2.27,167,,,,,,,,,,,
08/14/2019,TGCR,2.12,2.03,2.12,2.13,2.15,498,,,,,,,,,,,
08/14/2019,BGCR,2.12,2.03,2.12,2.13,2.22,528,,,,,,,,,,,
08/14/2019,SOFR,2.13,2.08,2.12,2.2,2.27,1244,,,,,,,,,,,
08/13/2019,EFFR,2.12,2.07,2.1,2.13,2.18,66,2,2.25,,,,,,,,,
08/13/2019,OBFR,2.11,1.9,2.09,2.13,2.27,174,,,,,,,,,,,
08/13/2019,TGCR,2.16,2,2.16,2.16,2.2,501,,,,,,,,,,,
08/13/2019,BGCR,2.16,2.02,2.16,2.16,2.25,528,,,,,,,,,,,
08/13/2019,SOFR,2.16,2.03,2.16,2.24,2.32,1183,,,,,,,,,,,
08/12/2019,EFFR,2.12,2.07,2.1,2.13,2.18,68,2,2.25,,,,,,,,,
08/12/2019,OBFR,2.1,1.87,2.08,2.12,2.27,184,,,,,,,,,,,
08/12/2019,TGCR,2.11,2.03,2.11,2.11,2.16,497,,,,,,,,,,,
08/12/2019,BGCR,2.11,2.03,2.11,2.11,2.21,523,,,,,,,,,,,
08/12/2019,SOFR,2.12,2.05,2.11,2.19,2.26,1177,,,,,,,,,,,
08/09/2019,EFFR,2.12,2.05,2.1,2.13,2.18,69,2,2.25,,,,,,,,,
08/09/2019,OBFR,2.1,1.9,2.08,2.12,2.25,187,,,,,,,,,,,
08/09/2019,TGCR,2.1,2.05,2.1,2.11,2.13,482,,,,,,,,,,,
08/09/2019,BGCR,2.1,2.05,2.1,2.11,2.21,509,,,,,,,,,,,
08/09/2019,SOFR,2.11,2.08,2.1,2.18,2.25,1186,,,,,,,,,,,
08/08/2019,EFFR,2.12,2.08,2.1,2.13,2.18,62,2,2.25,,,,,,,,,
08/08/2019,OBFR,2.1,1.9,2.08,2.12,2.25,182,,,,,,,,,,,
08/08/2019,TGCR,2.07,2.05,2.07,2.07,2.12,485,,,,,,,,,,,
08/08/2019,BGCR,2.07,2.05,2.07,2.07,2.22,513,,,,,,,,,,,
08/08/2019,SOFR,2.09,2.06,2.07,2.15,2.25,1218,,,,,,,,,,,
08/07/2019,EFFR,2.12,2.08,2.1,2.13,2.18,66,2,2.25,,,,,,,,,
08/07/2019,OBFR,2.1,1.95,2.08,2.12,2.2,188,,,,,,,,,,,
08/07/2019,TGCR,2.09,2.04,2.08,2.09,2.13,491,,,,,,,,,,,
08/07/2019,BGCR,2.09,2.04,2.08,2.09,2.17,515,,,,,,,,,,,
08/07/2019,SOFR,2.1,2.06,2.09,2.16,2.23,1196,,,,,,,,,,,
08/06/2019,EFFR,2.13,2.08,2.1,2.14,2.18,65,2,2.25,,,,,,,,,
08/06/2019,OBFR,2.11,1.87,2.1,2.13,2.25,175,,,,,,,,,,,
08/06/2019,TGCR,2.1,2.05,2.1,2.1,2.15,493,,,,,,,,,,,
08/06/2019,BGCR,2.1,2.05,2.1,2.1,2.2,518,,,,,,,,,,,
08/06/2019,SOFR,2.11,2.08,2.1,2.18,2.25,1234,,,,,,,,,,,
08/05/2019,EFFR,2.13,2.08,2.1,2.14,2.18,68,2,2.25,,,,,,,,,
08/05/2019,OBFR,2.1,1.87,2.09,2.14,2.27,183,,,,,,,,,,,
08/05/2019,TGCR,2.12,2.07,2.12,2.13,2.17,493,,,,,,,,,,,
08/05/2019,BGCR,2.12,2.07,2.12,2.13,2.2,514,,,,,,,,,,,
08/05/2019,SOFR,2.13,2.1,2.12,2.2,2.28,1253,,,,,,,,,,,
08/02/2019,EFFR,2.14,2.08,2.1,2.15,2.18,74,2,2.25,,,,,,,,,
08/02/2019,OBFR,2.1,1.87,2.08,2.15,2.24,185,,,,,,,,,,,
08/02/2019,TGCR,2.18,2.05,2.18,2.18,2.21,480,,,,,,,,,,,
08/02/2019,BGCR,2.18,2.05,2.18,2.18,2.26,499,,,,,,,,,,,
08/02/2019,SOFR,2.19,2.1,2.18,2.25,2.33,1185,,,,,,,,,,,
08/01/2019,EFFR,2.14,2.05,2.1,2.15,2.2,81,2,2.25,,,,,,,,,
08/01/2019,OBFR,2.12,1.87,2.09,2.15,2.25,184,,,,,,,,,,,
08/01/2019,TGCR,2.19,1.99,2.18,2.19,2.26,493,,,,,,,,,,,
08/01/2019,BGCR,2.19,2,2.18,2.19,2.27,518,,,,,,,,,,,
08/01/2019,SOFR,2.19,2.11,2.19,2.27,2.33,1183,,,,,,,,,,,
07/31/2019,EFFR,2.4,2.3,2.37,2.41,2.43,70,2.25,2.5,,,,,,,,,
07/31/2019,OBFR,2.37,2.17,2.34,2.41,2.57,180,,,,,,,,,,,
07/31/2019,TGCR,2.53,2.28,2.52,2.54,2.65,513,,,,,,,,,,,
07/31/2019,BGCR,2.53,2.28,2.52,2.54,2.65,536,,,,,,,,,,,
07/31/2019,SOFR,2.55,2.35,2.53,2.63,2.78,1217,,,,,,,,,,,
07/30/2019,EFFR,2.39,2.33,2.37,2.41,2.45,72,2.25,2.5,,,,,,,,,
07/30/2019,OBFR,2.37,2.17,2.34,2.4,2.52,182,,,,,,,,,,,
07/30/2019,TGCR,2.38,2.26,2.38,2.38,2.44,486,,,,,,,,,,,
07/30/2019,BGCR,2.38,2.3,2.38,2.38,2.47,511,,,,,,,,,,,
07/30/2019,SOFR,2.39,2.35,2.38,2.46,2.53,1158,,,,,,,,,,,
07/29/2019,EFFR,2.4,2.33,2.37,2.41,2.43,77,2.25,2.5,,,,,,,,,
07/29/2019,OBFR,2.37,2.17,2.34,2.4,2.5,181,,,,,,,,,,,
07/29/2019,TGCR,2.39,2.28,2.39,2.4,2.43,483,,,,,,,,,,,
07/29/2019,BGCR,2.39,2.28,2.39,2.4,2.48,506,,,,,,,,,,,
07/29/2019,SOFR,2.4,2.3,2.39,2.47,2.54,1153,,,,,,,,,,,
07/26/2019,EFFR,2.4,2.33,2.36,2.41,2.43,78,2.25,2.5,,,,,,,,,
07/26/2019,OBFR,2.37,2.17,2.34,2.4,2.5,182,,,,,,,,,,,
07/26/2019,TGCR,2.4,2.3,2.4,2.4,2.43,470,,,,,,,,,,,
07/26/2019,BGCR,2.4,2.3,2.4,2.4,2.48,496,,,,,,,,,,,
07/26/2019,SOFR,2.41,2.35,2.4,2.48,2.56,1142,,,,,,,,,,,
07/25/2019,EFFR,2.4,2.32,2.38,2.41,2.43,69,2.25,2.5,,,,,,,,,
07/25/2019,OBFR,2.37,2.17,2.34,2.41,2.52,175,,,,,,,,,,,
07/25/2019,TGCR,2.41,2.35,2.41,2.42,2.45,480,,,,,,,,,,,
07/25/2019,BGCR,2.41,2.35,2.41,2.42,2.51,504,,,,,,,,,,,
07/25/2019,SOFR,2.42,2.38,2.41,2.5,2.57,1153,,,,,,,,,,,
07/24/2019,EFFR,2.4,2.33,2.38,2.41,2.43,65,2.25,2.5,,,,,,,,,
07/24/2019,OBFR,2.38,2.17,2.35,2.41,2.52,165,,,,,,,,,,,
07/24/2019,TGCR,2.4,2.28,2.4,2.4,2.44,486,,,,,,,,,,,
07/24/2019,BGCR,2.4,2.28,2.4,2.4,2.49,509,,,,,,,,,,,
07/24/2019,SOFR,2.41,2.35,2.4,2.48,2.56,1139,,,,,,,,,,,
07/23/2019,EFFR,2.4,2.3,2.39,2.41,2.43,60,2.25,2.5,,,,,,,,,
07/23/2019,OBFR,2.39,2.17,2.35,2.41,2.52,157,,,,,,,,,,,
07/23/2019,TGCR,2.38,2.33,2.38,2.39,2.42,475,,,,,,,,,,,
07/23/2019,BGCR,2.38,2.33,2.38,2.39,2.47,499,,,,,,,,,,,
07/23/2019,SOFR,2.4,2.36,2.39,2.47,2.53,1091,,,,,,,,,,,
07/22/2019,EFFR,2.4,2.33,2.4,2.41,2.43,60,2.25,2.5,,,,,,,,,
07/22/2019,OBFR,2.4,2.17,2.35,2.41,2.52,155,,,,,,,,,,,
07/22/2019,TGCR,2.38,2.22,2.38,2.39,2.43,469,,,,,,,,,,,
07/22/2019,BGCR,2.38,2.25,2.38,2.39,2.48,495,,,,,,,,,,,
07/22/2019,SOFR,2.4,2.36,2.38,2.47,2.53,1123,,,,,,,,,,,
07/19/2019,EFFR,2.41,2.3,2.39,2.41,2.43,58,2.25,2.5,,,,,,,,,
07/19/2019,OBFR,2.4,2.17,2.35,2.41,2.5,148,,,,,,,,,,,
07/19/2019,TGCR,2.4,2.35,2.4,2.4,2.43,475,,,,,,,,,,,
07/19/2019,BGCR,2.4,2.35,2.4,2.4,2.48,496,,,,,,,,,,,
07/19/2019,SOFR,2.41,2.35,2.4,2.48,2.55,1140,,,,,,,,,,,
07/18/2019,EFFR,2.41,2.3,2.4,2.42,2.45,55,2.25,2.5,,,,,,,,,
07/18/2019,OBFR,2.38,2.17,2.35,2.42,2.51,163,,,,,,,,,,r,
07/18/2019,TGCR,2.44,2.28,2.44,2.45,2.48,482,,,,,,,,,,,
07/18/2019,BGCR,2.44,2.28,2.44,2.45,2.55,511,,,,,,,,,,,
07/18/2019,SOFR,2.46,2.3,2.44,2.52,2.62,1114,,,,,,,,,,,
07/17/2019,EFFR,2.41,2.3,2.4,2.42,2.43,62,2.25,2.5,,,,,,,,,
07/17/2019,OBFR,2.39,2.17,2.35,2.42,2.52,158,,,,,,,,,,,
07/17/2019,TGCR,2.45,2.32,2.45,2.46,2.5,476,,,,,,,,,,,
07/17/2019,BGCR,2.45,2.32,2.45,2.46,2.56,498,,,,,,,,,,,
07/17/2019,SOFR,2.47,2.4,2.45,2.54,2.62,1104,,,,,,,,,,,
07/16/2019,EFFR,2.41,2.3,2.4,2.42,2.43,64,2.25,2.5,,,,,,,,,
07/16/2019,OBFR,2.4,2.17,2.35,2.42,2.5,149,,,,,,,,,,,
07/16/2019,TGCR,2.44,2.39,2.44,2.44,2.51,474,,,,,,,,,,,
07/16/2019,BGCR,2.44,2.4,2.44,2.44,2.6,505,,,,,,,,,,,
07/16/2019,SOFR,2.47,2.42,2.44,2.53,2.6,1102,,,,,,,,,,,
07/15/2019,EFFR,2.4,2.33,2.39,2.4,2.43,63,2.25,2.5,,,,,,,,,
07/15/2019,OBFR,2.39,2.17,2.35,2.4,2.5,146,,,,,,,,,,,
07/15/2019,TGCR,2.43,2.4,2.43,2.44,2.51,470,,,,,,,,,,,
07/15/2019,BGCR,2.43,2.4,2.43,2.44,2.59,508,,,,,,,,,,,
07/15/2019,SOFR,2.46,2.42,2.44,2.52,2.6,1199,,,,,,,,,,,
07/12/2019,EFFR,2.38,2.27,2.36,2.39,2.43,69,2.25,2.5,,,,,,,,,
07/12/2019,OBFR,2.37,2.17,2.35,2.39,2.5,156,,,,,,,,,,,
07/12/2019,TGCR,2.34,2.32,2.34,2.34,2.42,473,,,,,,,,,,,
07/12/2019,BGCR,2.34,2.32,2.34,2.34,2.51,501,,,,,,,,,,,
07/12/2019,SOFR,2.36,2.33,2.34,2.42,2.53,1138,,,,,,,,,,,
07/11/2019,EFFR,2.4,2.3,2.37,2.41,2.44,77,2.25,2.5,,,,,,,,,
07/11/2019,OBFR,2.38,2.23,2.35,2.41,2.5,172,,,,,,,,,,,
07/11/2019,TGCR,2.4,2.28,2.39,2.4,2.48,474,,,,,,,,,,,
07/11/2019,BGCR,2.4,2.28,2.39,2.4,2.48,495,,,,,,,,,,,
07/11/2019,SOFR,2.41,2.34,2.4,2.47,2.55,1147,,,,,,,,,,,
07/10/2019,EFFR,2.41,2.33,2.38,2.42,2.43,78,2.25,2.5,,,,,,,,,
07/10/2019,OBFR,2.4,2.2,2.35,2.42,2.52,167,,,,,,,,,,,
07/10/2019,TGCR,2.45,2.28,2.44,2.45,2.52,482,,,,,,,,,,,
07/10/2019,BGCR,2.45,2.28,2.44,2.45,2.53,510,,,,,,,,,,,
07/10/2019,SOFR,2.46,2.3,2.45,2.52,2.59,1139,,,,,,,,,,,
07/09/2019,EFFR,2.41,2.33,2.39,2.42,2.43,75,2.25,2.5,,,,,,,,,
07/09/2019,OBFR,2.4,2.25,2.35,2.42,2.52,176,,,,,,,,,,,
07/09/2019,TGCR,2.45,2.4,2.45,2.45,2.52,483,,,,,,,,,,,
07/09/2019,BGCR,2.45,2.38,2.45,2.45,2.55,508,,,,,,,,,,,
07/09/2019,SOFR,2.45,2.42,2.45,2.53,2.6,1178,,,,,,,,,,,
07/08/2019,EFFR,2.41,2.33,2.4,2.42,2.43,76,2.25,2.5,,,,,,,,,
07/08/2019,OBFR,2.4,2.25,2.35,2.42,2.52,167,,,,,,,,,,,
07/08/2019,TGCR,2.46,2.4,2.45,2.46,2.55,481,,,,,,,,,,,
07/08/2019,BGCR,2.46,2.4,2.45,2.46,2.56,504,,,,,,,,,,,
07/08/2019,SOFR,2.48,2.42,2.46,2.54,2.6,1211,,,,,,,,,,,
07/05/2019,EFFR,2.42,2.31,2.4,2.43,2.45,72,2.25,2.5,,,,,,,,,
07/05/2019,OBFR,2.4,2.25,2.35,2.42,2.62,163,,,,,,,,,,,
07/05/2019,TGCR,2.58,2.35,2.58,2.58,2.65,471,,,,,,,,,,,
07/05/2019,BGCR,2.58,2.35,2.58,2.58,2.69,497,,,,,,,,,,,
07/05/2019,SOFR,2.59,2.44,2.58,2.68,2.76,1193,,,,,,,,,,,
07/03/2019,EFFR,2.41,2.33,2.4,2.42,2.45,75,2.25,2.5,,,,,,,,,
07/03/2019,OBFR,2.4,2.23,2.35,2.42,2.58,156,,,,,,,,,,,
07/03/2019,TGCR,2.55,2.45,2.55,2.55,2.6,489,,,,,,,,,,,
07/03/2019,BGCR,2.55,2.45,2.55,2.55,2.71,513,,,,,,,,,,,
07/03/2019,SOFR,2.56,2.48,2.55,2.65,2.75,1213,,,,,,,,,,,
07/02/2019,EFFR,2.4,2.32,2.4,2.4,2.44,71,2.25,2.5,,,,,,,,,
07/02/2019,OBFR,2.4,2.25,2.35,2.41,2.53,170,,,,,,,,,,,
07/02/2019,TGCR,2.49,2.4,2.49,2.5,2.55,478,,,,,,,,,,,
07/02/2019,BGCR,2.49,2.38,2.49,2.5,2.7,509,,,,,,,,,,,
07/02/2019,SOFR,2.51,2.45,2.49,2.58,3.1,1224,,,,,,,,,,,
07/01/2019,EFFR,2.39,2.3,2.37,2.4,2.45,73,2.25,2.5,,,,,,,,,
07/01/2019,OBFR,2.38,2.17,2.35,2.4,2.52,161,,,,,,,,,,,
07/01/2019,TGCR,2.38,2.3,2.38,2.38,2.75,457,,,,,,,,,,,
07/01/2019,BGCR,2.38,2.3,2.38,2.39,4,487,,,,,,,,,,,
07/01/2019,SOFR,2.42,2.36,2.38,2.47,3.85,1181,,,,,,,,,,,
06/28/2019,EFFR,2.4,2.27,2.38,2.4,2.43,73,2.25,2.5,,,,,,,,,
06/28/2019,OBFR,2.38,2.2,2.35,2.4,2.52,153,,,,,,,,,,,
06/28/2019,TGCR,2.5,2.28,2.47,2.5,2.64,417,,,,,,,,,,,
06/28/2019,BGCR,2.5,2.28,2.47,2.5,2.7,446,,,,,,,,,,,
06/28/2019,SOFR,2.5,2.33,2.5,2.65,3.03,1113,,,,,,,,,,,
06/27/2019,EFFR,2.38,2.33,2.35,2.39,2.44,76,2.25,2.5,,,,,,,,,
06/27/2019,OBFR,2.36,2.25,2.34,2.39,2.51,180,,,,,,,,,,,
06/27/2019,TGCR,2.4,2.28,2.39,2.4,2.47,437,,,,,,,,,,,
06/27/2019,BGCR,2.4,2.28,2.39,2.4,2.5,469,,,,,,,,,,,
06/27/2019,SOFR,2.42,2.32,2.4,2.48,2.57,1117,,,,,,,,,,,
06/26/2019,EFFR,2.38,2.33,2.35,2.39,2.45,70,2.25,2.5,,,,,,,,,
06/26/2019,OBFR,2.37,2.2,2.35,2.39,2.52,172,,,,,,,,,,,
06/26/2019,TGCR,2.43,2.28,2.42,2.43,2.49,441,,,,,,,,,,,
06/26/2019,BGCR,2.43,2.28,2.42,2.43,2.52,473,,,,,,,,,,,
06/26/2019,SOFR,2.43,2.3,2.43,2.5,2.57,1099,,,,,,,,,,,
06/25/2019,EFFR,2.38,2.33,2.37,2.39,2.45,70,2.25,2.5,,,,,,,,,
06/25/2019,OBFR,2.37,2.2,2.35,2.39,2.52,164,,,,,,,,,,,
06/25/2019,TGCR,2.4,2.3,2.4,2.4,2.46,446,,,,,,,,,,,
06/25/2019,BGCR,2.4,2.3,2.4,2.4,2.49,475,,,,,,,,,,,
06/25/2019,SOFR,2.41,2.35,2.4,2.48,2.54,1101,,,,,,,,,,,
06/24/2019,EFFR,2.38,2.33,2.37,2.38,2.45,63,2.25,2.5,,,,,,,,,
06/24/2019,OBFR,2.37,2.2,2.34,2.38,2.52,164,,,,,,,,,,,
06/24/2019,TGCR,2.38,2.3,2.38,2.38,2.42,439,,,,,,,,,,,
06/24/2019,BGCR,2.38,2.3,2.38,2.38,2.48,469,,,,,,,,,,,
06/24/2019,SOFR,2.39,2.35,2.38,2.46,2.52,1092,,,,,,,,,,,
06/21/2019,EFFR,2.38,2.33,2.36,2.38,2.45,65,2.25,2.5,,,,,,,,,
06/21/2019,OBFR,2.37,2.22,2.34,2.38,2.52,167,,,,,,,,,,,
06/21/2019,TGCR,2.35,2.3,2.35,2.35,2.39,456,,,,,,,,,,,
06/21/2019,BGCR,2.35,2.3,2.35,2.35,2.44,480,,,,,,,,,,,
06/21/2019,SOFR,2.37,2.33,2.35,2.43,2.5,1103,,,,,,,,,,,
06/20/2019,EFFR,2.37,2.33,2.36,2.38,2.45,61,2.25,2.5,,,,,,,,,
06/20/2019,OBFR,2.36,2.2,2.34,2.38,2.52,165,,,,,,,,,,,
06/20/2019,TGCR,2.33,2.3,2.32,2.33,2.37,461,,,,,,,,,,,
06/20/2019,BGCR,2.33,2.3,2.32,2.33,2.47,482,,,,,,,,,,,
06/20/2019,SOFR,2.36,2.31,2.33,2.41,2.48,1067,,,,,,,,,,,
06/19/2019,EFFR,2.37,2.3,2.36,2.38,2.45,60,2.25,2.5,,,,,,,,,
06/19/2019,OBFR,2.36,2.2,2.34,2.38,2.52,163,,,,,,,,,,,
06/19/2019,TGCR,2.34,2.29,2.34,2.34,2.37,453,,,,,,,,,,,
06/19/2019,BGCR,2.34,2.29,2.34,2.34,2.42,479,,,,,,,,,,,
06/19/2019,SOFR,2.36,2.31,2.34,2.42,2.49,1059,,,,,,,,,,,
06/18/2019,EFFR,2.37,2.33,2.37,2.38,2.45,59,2.25,2.5,,,,,,,,,
06/18/2019,OBFR,2.37,2.17,2.34,2.38,2.52,159,,,,,,,,,,,
06/18/2019,TGCR,2.36,2.3,2.36,2.36,2.4,451,,,,,,,,,,,
06/18/2019,BGCR,2.36,2.3,2.36,2.36,2.45,480,,,,,,,,,,,
06/18/2019,SOFR,2.39,2.33,2.36,2.44,2.51,1059,,,,,,,,,,,
06/17/2019,EFFR,2.38,2.27,2.37,2.38,2.45,55,2.25,2.5,,,,,,,,,
06/17/2019,OBFR,2.37,2.17,2.35,2.38,2.52,147,,,,,,,,,,,
06/17/2019,TGCR,2.38,2.33,2.38,2.38,2.41,449,,,,,,,,,,,
06/17/2019,BGCR,2.38,2.33,2.38,2.38,2.53,483,,,,,,,,,,,
06/17/2019,SOFR,2.41,2.36,2.38,2.47,2.53,1098,,,,,,,,,,,
06/14/2019,EFFR,2.36,2.3,2.35,2.37,2.45,63,2.25,2.5,,,,,,,,,
06/14/2019,OBFR,2.35,2.25,2.34,2.37,2.52,169,,,,,,,,,,,
06/14/2019,TGCR,2.32,2.29,2.31,2.32,2.36,437,,,,,,,,,,,
06/14/2019,BGCR,2.32,2.29,2.31,2.32,2.43,470,,,,,,,,,,,
06/14/2019,SOFR,2.35,2.3,2.32,2.39,2.45,1047,,,,,,,,,,,
06/13/2019,EFFR,2.37,2.27,2.35,2.38,2.45,64,2.25,2.5,,,,,,,,,
06/13/2019,OBFR,2.35,2.24,2.33,2.37,2.52,180,,,,,,,,,,,
06/13/2019,TGCR,2.34,2.29,2.34,2.34,2.37,443,,,,,,,,,,,
06/13/2019,BGCR,2.34,2.29,2.34,2.35,2.42,468,,,,,,,,,,,
06/13/2019,SOFR,2.35,2.32,2.34,2.42,2.49,1039,,,,,,,,,,,
06/12/2019,EFFR,2.37,2.3,2.35,2.38,2.45,69,2.25,2.5,,,,,,,,,
06/12/2019,OBFR,2.35,2.24,2.34,2.37,2.52,175,,,,,,,,,,,
06/12/2019,TGCR,2.36,2.28,2.35,2.36,2.41,451,,,,,,,,,,,
06/12/2019,BGCR,2.36,2.28,2.35,2.36,2.44,478,,,,,,,,,,,
06/12/2019,SOFR,2.37,2.31,2.36,2.43,2.5,1099,,,,,,,,,,,
06/11/2019,EFFR,2.37,2.33,2.35,2.38,2.45,66,2.25,2.5,,,,,,,,,
06/11/2019,OBFR,2.36,2.24,2.33,2.38,2.51,174,,,,,,,,,,,
06/11/2019,TGCR,2.36,2.25,2.36,2.37,2.41,449,,,,,,,,,,,
06/11/2019,BGCR,2.36,2.25,2.36,2.37,2.45,473,,,,,,,,,,,
06/11/2019,SOFR,2.38,2.3,2.36,2.44,2.5,1048,,,,,,,,,,,
06/10/2019,EFFR,2.37,2.33,2.36,2.38,2.46,62,2.25,2.5,,,,,,,,,
06/10/2019,OBFR,2.37,2.2,2.34,2.38,2.52,158,,,,,,,,,,,
06/10/2019,TGCR,2.37,2.32,2.37,2.37,2.45,451,,,,,,,,,,,
06/10/2019,BGCR,2.37,2.32,2.37,2.37,2.46,493,,,,,,,,,,,
06/10/2019,SOFR,2.39,2.35,2.37,2.45,2.5,1112,,,,,,,,,,,
06/07/2019,EFFR,2.37,2.3,2.35,2.38,2.45,68,2.25,2.5,,,,,,,,,
06/07/2019,OBFR,2.36,2.24,2.34,2.38,2.52,163,,,,,,,,,,,
06/07/2019,TGCR,2.37,2.27,2.37,2.37,2.44,449,,,,,,,,,,,
06/07/2019,BGCR,2.37,2.27,2.37,2.37,2.47,478,,,,,,,,,,,
06/07/2019,SOFR,2.39,2.3,2.37,2.45,2.51,1104,,,,,,,,,,,
06/06/2019,EFFR,2.37,2.33,2.35,2.38,2.48,71,2.25,2.5,,,,,,,,,
06/06/2019,OBFR,2.36,2.2,2.34,2.38,2.52,176,,,,,,,,,,,
06/06/2019,TGCR,2.37,2.3,2.37,2.37,2.43,444,,,,,,,,,,,
06/06/2019,BGCR,2.37,2.31,2.37,2.37,2.48,477,,,,,,,,,,,
06/06/2019,SOFR,2.4,2.34,2.37,2.46,2.51,1031,,,,,,,,,,,
06/05/2019,EFFR,2.38,2.33,2.35,2.39,2.5,66,2.25,2.5,,,,,,,,,
06/05/2019,OBFR,2.37,2.25,2.35,2.38,2.52,164,,,,,,,,,,,
06/05/2019,TGCR,2.36,2.28,2.36,2.36,2.42,442,,,,,,,,,,,
06/05/2019,BGCR,2.36,2.28,2.36,2.36,2.47,481,,,,,,,,,,,
06/05/2019,SOFR,2.4,2.34,2.36,2.45,2.5,1082,,,,,,,,,,,
06/04/2019,EFFR,2.38,2.3,2.35,2.39,2.5,71,2.25,2.5,,,,,,,,,
06/04/2019,OBFR,2.37,2.25,2.35,2.38,2.52,164,,,,,,,,,,,
06/04/2019,TGCR,2.36,2.31,2.36,2.36,2.42,439,,,,,,,,,,,
06/04/2019,BGCR,2.36,2.31,2.36,2.36,2.46,463,,,,,,,,,,,
06/04/2019,SOFR,2.39,2.34,2.36,2.45,2.5,1110,,,,,,,,,,,
06/03/2019,EFFR,2.38,2.33,2.36,2.39,2.5,76,2.25,2.5,,,,,,,,,
06/03/2019,OBFR,2.37,2.25,2.35,2.39,2.52,158,,,,,,,,,,,
06/03/2019,TGCR,2.37,2.33,2.36,2.37,2.46,446,,,,,,,,,,,
06/03/2019,BGCR,2.37,2.33,2.37,2.37,2.47,483,,,,,,,,,,,
06/03/2019,SOFR,2.4,2.35,2.37,2.45,2.52,1162,,,,,,,,,,,
05/31/2019,EFFR,2.4,2.3,2.38,2.4,2.58,65,2.25,2.5,,,,,,,,,
05/31/2019,OBFR,2.38,2.17,2.35,2.4,2.58,156,,,,,,,,,,,
05/31/2019,TGCR,2.48,NA,NA,NA,NA,449,,,,,,,,,,,2
05/31/2019,BGCR,2.48,NA,NA,NA,NA,499,,,,,,,,,,,2
05/31/2019,SOFR,2.49,NA,NA,NA,NA,1136,,,,,,,,,,,2
05/30/2019,EFFR,2.39,2.33,2.37,2.39,2.55,60,2.25,2.5,,,,,,,,,
05/30/2019,OBFR,2.37,2.17,2.35,2.39,2.52,158,,,,,,,,,,,
05/30/2019,TGCR,2.39,2.28,2.39,2.39,2.44,449,,,,,,,,,,,
05/30/2019,BGCR,2.39,2.28,2.39,2.39,2.48,474,,,,,,,,,,,
05/30/2019,SOFR,2.4,2.28,2.39,2.46,2.54,1083,,,,,,,,,,,
05/29/2019,EFFR,2.39,2.27,2.38,2.39,2.55,58,2.25,2.5,,,,,,,,,
05/29/2019,OBFR,2.37,2.25,2.35,2.39,2.52,161,,,,,,,,,,,
05/29/2019,TGCR,2.39,2.28,2.39,2.39,2.43,447,,,,,,,,,,,
05/29/2019,BGCR,2.39,2.28,2.39,2.39,2.48,487,,,,,,,,,,,
05/29/2019,SOFR,2.4,2.28,2.39,2.47,2.53,1099,,,,,,,,,,,
05/28/2019,EFFR,2.39,2.3,2.38,2.39,2.55,64,2.25,2.5,,,,,,,,,
05/28/2019,OBFR,2.37,2.2,2.35,2.39,2.52,161,,,,,,,,,,,
05/28/2019,TGCR,2.38,2.31,2.38,2.38,2.43,438,,,,,,,,,,,
05/28/2019,BGCR,2.38,2.32,2.38,2.38,2.48,471,,,,,,,,,,,
05/28/2019,SOFR,2.41,2.35,2.38,2.47,2.53,1085,,,,,,,,,,,
05/24/2019,EFFR,2.38,2.33,2.37,2.39,2.55,66,2.25,2.5,,,,,,,,,
05/24/2019,OBFR,2.37,2.2,2.35,2.38,2.52,161,,,,,,,,,,,
05/24/2019,TGCR,2.34,2.29,2.34,2.34,2.38,440,,,,,,,,,,,
05/24/2019,BGCR,2.34,2.29,2.34,2.34,2.44,476,,,,,,,,,,,
05/24/2019,SOFR,2.37,2.32,2.34,2.43,2.49,1038,,,,,,,,,,,
05/23/2019,EFFR,2.38,2.33,2.37,2.39,2.55,71,2.25,2.5,,,,,,,,,
05/23/2019,OBFR,2.36,2.25,2.35,2.38,2.52,169,,,,,,,,,,,
05/23/2019,TGCR,2.34,2.29,2.34,2.34,2.38,435,,,,,,,,,,,
05/23/2019,BGCR,2.34,2.3,2.34,2.34,2.45,462,,,,,,,,,,,
05/23/2019,SOFR,2.37,2.32,2.34,2.43,2.49,1039,,,,,,,,,,,
05/22/2019,EFFR,2.38,2.33,2.37,2.39,2.55,67,2.25,2.5,,,,,,,,,
05/22/2019,OBFR,2.37,2.2,2.35,2.39,2.52,172,,,,,,,,,,,
05/22/2019,TGCR,2.34,2.28,2.34,2.34,2.4,444,,,,,,,,,,,
05/22/2019,BGCR,2.34,2.28,2.34,2.34,2.43,470,,,,,,,,,,,
05/22/2019,SOFR,2.37,2.3,2.34,2.43,2.49,1037,,,,,,,,,,,
05/21/2019,EFFR,2.39,2.33,2.37,2.39,2.55,64,2.25,2.5,,,,,,,,,
05/21/2019,OBFR,2.37,2.25,2.35,2.39,2.52,169,,,,,,,,,,,
05/21/2019,TGCR,2.36,2.3,2.36,2.36,2.39,444,,,,,,,,,,,
05/21/2019,BGCR,2.36,2.3,2.36,2.36,2.45,477,,,,,,,,,,,
05/21/2019,SOFR,2.38,2.33,2.36,2.44,2.5,1017,,,,,,,,,,,
05/20/2019,EFFR,2.39,2.33,2.38,2.39,2.55,56,2.25,2.5,,,,,,,,,
05/20/2019,OBFR,2.38,2.17,2.35,2.39,2.52,152,,,,,,,,,,,
05/20/2019,TGCR,2.36,2.3,2.36,2.36,2.41,450,,,,,,,,,,,
05/20/2019,BGCR,2.36,2.3,2.36,2.36,2.45,488,,,,,,,,,,,
05/20/2019,SOFR,2.39,2.33,2.36,2.44,2.5,1038,,,,,,,,,,,
05/17/2019,EFFR,2.39,2.33,2.38,2.4,2.55,67,2.25,2.5,,,,,,,,,
05/17/2019,OBFR,2.37,2.25,2.35,2.4,2.52,167,,,,,,,,,,,
05/17/2019,TGCR,2.39,2.3,2.38,2.39,2.42,447,,,,,,,,,,,
05/17/2019,BGCR,2.39,2.3,2.38,2.39,2.48,479,,,,,,,,,,,
05/17/2019,SOFR,2.42,2.34,2.39,2.47,2.52,1036,,,,,,,,,,,
05/16/2019,EFFR,2.39,2.33,2.38,2.4,2.55,61,2.25,2.5,,,,,,,,,
05/16/2019,OBFR,2.38,2.25,2.35,2.4,2.52,160,,,,,,,,,,,
05/16/2019,TGCR,2.4,2.35,2.4,2.4,2.46,452,,,,,,,,,,,
05/16/2019,BGCR,2.4,2.35,2.4,2.41,2.5,478,,,,,,,,,,,
05/16/2019,SOFR,2.43,2.38,2.4,2.49,2.54,1030,,,,,,,,,,,
05/15/2019,EFFR,2.4,2.33,2.39,2.4,2.53,62,2.25,2.5,,,,,,,,,
05/15/2019,OBFR,2.39,2.2,2.35,2.4,2.52,148,,,,,,,,,,,
05/15/2019,TGCR,2.45,2.34,2.45,2.45,2.51,452,,,,,,,,,,,
05/15/2019,BGCR,2.45,2.35,2.45,2.45,2.56,479,,,,,,,,,,,
05/15/2019,SOFR,2.48,2.4,2.45,2.54,2.6,1052,,,,,,,,,,,
05/14/2019,EFFR,2.38,2.33,2.36,2.39,2.53,64,2.25,2.5,,,,,,,,,
05/14/2019,OBFR,2.37,2.23,2.35,2.38,2.52,143,,,,,,,,,,,
05/14/2019,TGCR,2.36,2.32,2.35,2.36,2.43,436,,,,,,,,,,,
05/14/2019,BGCR,2.36,2.33,2.35,2.36,2.48,465,,,,,,,,,,,
05/14/2019,SOFR,2.39,2.34,2.36,2.45,2.51,1012,,,,,,,,,,,
05/13/2019,EFFR,2.38,2.3,2.36,2.39,2.55,67,2.25,2.5,,,,,,,,,
05/13/2019,OBFR,2.36,2.25,2.35,2.38,2.52,161,,,,,,,,,,,
05/13/2019,TGCR,2.35,2.32,2.35,2.35,2.39,446,,,,,,,,,,,
05/13/2019,BGCR,2.35,2.32,2.35,2.36,2.44,475,,,,,,,,,,,
05/13/2019,SOFR,2.38,2.33,2.35,2.43,2.49,1007,,,,,,,,,,,
05/10/2019,EFFR,2.38,2.33,2.36,2.4,2.53,71,2.25,2.5,,,,,,,,,
05/10/2019,OBFR,2.37,2.23,2.35,2.39,2.52,156,,,,,,,,,,,
05/10/2019,TGCR,2.36,2.31,2.36,2.37,2.41,455,,,,,,,,,,,
05/10/2019,BGCR,2.37,2.32,2.36,2.37,2.46,490,,,,,,,,,,,
05/10/2019,SOFR,2.4,2.35,2.37,2.44,2.5,1034,,,,,,,,,,,
05/09/2019,EFFR,2.38,2.33,2.36,2.4,2.55,73,2.25,2.5,,,,,,,,,
05/09/2019,OBFR,2.37,2.25,2.35,2.4,2.52,154,,,,,,,,,,,
05/09/2019,TGCR,2.38,2.33,2.38,2.38,2.42,454,,,,,,,,,,,
05/09/2019,BGCR,2.38,2.33,2.38,2.38,2.46,477,,,,,,,,,,,
05/09/2019,SOFR,2.41,2.35,2.38,2.46,2.52,1011,,,,,,,,,,,
05/08/2019,EFFR,2.39,2.33,2.37,2.4,2.55,70,2.25,2.5,,,,,,,,,
05/08/2019,OBFR,2.38,2.24,2.35,2.4,2.52,158,,,,,,,,,,,
05/08/2019,TGCR,2.4,2.34,2.39,2.4,2.43,459,,,,,,,,,,,
05/08/2019,BGCR,2.4,2.35,2.39,2.4,2.48,494,,,,,,,,,,,
05/08/2019,SOFR,2.43,2.35,2.4,2.48,2.54,1034,,,,,,,,,,,
05/07/2019,EFFR,2.4,2.33,2.38,2.4,2.55,64,2.25,2.5,,,,,,,,,
05/07/2019,OBFR,2.38,2.25,2.35,2.4,2.52,160,,,,,,,,,,,
05/07/2019,TGCR,2.41,2.36,2.41,2.42,2.45,460,,,,,,,,,,,
05/07/2019,BGCR,2.41,2.36,2.41,2.42,2.5,481,,,,,,,,,,,
05/07/2019,SOFR,2.44,2.38,2.41,2.5,2.55,1069,,,,,,,,,,,
05/06/2019,EFFR,2.4,2.3,2.38,2.41,2.55,69,2.25,2.5,,,,,,,,,
05/06/2019,OBFR,2.38,2.25,2.35,2.4,2.52,160,,,,,,,,,,,
05/06/2019,TGCR,2.4,2.35,2.4,2.41,2.45,457,,,,,,,,,,,
05/06/2019,BGCR,2.4,2.35,2.4,2.41,2.48,484,,,,,,,,,,,
05/06/2019,SOFR,2.42,2.37,2.4,2.48,2.54,1021,,,,,,,,,,,
05/03/2019,EFFR,2.4,2.32,2.39,2.41,2.55,74,2.25,2.5,,,,,,,,,
05/03/2019,OBFR,2.4,2.29,2.35,2.41,2.52,156,,,,,,,,,,,
05/03/2019,TGCR,2.41,2.35,2.4,2.41,2.46,462,,,,,,,,,,,
05/03/2019,BGCR,2.41,2.35,2.41,2.41,2.49,480,,,,,,,,,,,
05/03/2019,SOFR,2.43,2.38,2.41,2.5,2.56,1076,,,,,,,,,,,
05/02/2019,EFFR,2.41,2.33,2.4,2.41,2.55,69,2.25,2.5,,,,,,,,,
05/02/2019,OBFR,2.4,2.25,2.35,2.41,2.55,170,,,,,,,,,,,
05/02/2019,TGCR,2.46,2.32,2.46,2.46,2.52,460,,,,,,,,,,,
05/02/2019,BGCR,2.46,2.35,2.46,2.46,2.57,485,,,,,,,,,,,
05/02/2019,SOFR,2.5,2.4,2.46,2.57,2.63,1053,,,,,,,,,,,
05/01/2019,EFFR,2.45,2.37,2.43,2.45,2.56,77,2.25,2.5,,,,,,,,,
05/01/2019,OBFR,2.44,2.28,2.4,2.45,2.55,155,,,,,,,,,,,
05/01/2019,TGCR,2.5,2.45,2.5,2.51,2.54,461,,,,,,,,,,,
05/01/2019,BGCR,2.5,2.45,2.5,2.51,2.62,483,,,,,,,,,,,
05/01/2019,SOFR,2.54,2.46,2.5,2.6,2.65,1074,,,,,,,,,,,
04/30/2019,EFFR,2.45,2.35,2.43,2.45,2.6,68,2.25,2.5,,,,,,,,,
04/30/2019,OBFR,2.45,2.17,2.4,2.45,2.55,117,,,,,,,,,,,
04/30/2019,TGCR,2.75,2.3,2.72,2.75,2.78,461,,,,,,,,,,,
04/30/2019,BGCR,2.75,2.3,2.72,2.75,2.85,492,,,,,,,,,,,
04/30/2019,SOFR,2.76,2.42,2.75,2.87,3.06,1084,,,,,,,,,,,
04/29/2019,EFFR,2.45,2.4,2.43,2.45,2.6,60,2.25,2.5,,,,,,,,,
04/29/2019,OBFR,2.42,2.17,2.4,2.45,2.55,119,,,,,,,,,,,
04/29/2019,TGCR,2.46,2.35,2.46,2.47,2.5,448,,,,,,,,,,,
04/29/2019,BGCR,2.46,2.35,2.46,2.47,2.56,469,,,,,,,,,,,
04/29/2019,SOFR,2.48,2.4,2.46,2.55,2.62,968,,,,,,,,,,,
04/26/2019,EFFR,2.44,2.37,2.43,2.45,2.6,73,2.25,2.5,,,,,,,,,
04/26/2019,OBFR,2.43,2.17,2.4,2.45,2.55,122,,,,,,,,,,,
04/26/2019,TGCR,2.45,2.4,2.44,2.45,2.48,440,,,,,,,,,,,
04/26/2019,BGCR,2.45,2.4,2.44,2.45,2.54,457,,,,,,,,,,,
04/26/2019,SOFR,2.46,2.41,2.45,2.53,2.6,982,,,,,,,,,,,
04/25/2019,EFFR,2.44,2.37,2.43,2.45,2.6,65,2.25,2.5,,,,,,,,,
04/25/2019,OBFR,2.42,2.17,2.4,2.45,2.55,118,,,,,,,,,,,
04/25/2019,TGCR,2.41,2.37,2.41,2.41,2.46,440,,,,,,,,,,,
04/25/2019,BGCR,2.41,2.38,2.41,2.41,2.54,466,,,,,,,,,,,
04/25/2019,SOFR,2.45,2.39,2.41,2.5,2.57,962,,,,,,,,,,,
04/24/2019,EFFR,2.44,2.37,2.43,2.45,2.6,59,2.25,2.5,,,,,,,,,
04/24/2019,OBFR,2.42,2.17,2.4,2.45,2.57,112,,,,,,,,,,,
04/24/2019,TGCR,2.41,2.36,2.4,2.41,2.45,439,,,,,,,,,,,
04/24/2019,BGCR,2.41,2.37,2.41,2.41,2.5,473,,,,,,,,,,,
04/24/2019,SOFR,2.44,2.39,2.41,2.49,2.56,1018,,,,,,,,,,,
04/23/2019,EFFR,2.44,2.37,2.43,2.45,2.6,53,2.25,2.5,,,,,,,,,
04/23/2019,OBFR,2.42,2.17,2.4,2.45,2.55,106,,,,,,,,,,,
04/23/2019,TGCR,2.45,2.33,2.45,2.45,2.48,441,,,,,,,,,,,
04/23/2019,BGCR,2.45,2.34,2.45,2.45,2.54,460,,,,,,,,,,,
04/23/2019,SOFR,2.46,2.39,2.45,2.53,2.59,969,,,,,,,,,,,
04/22/2019,EFFR,2.44,2.37,2.42,2.45,2.6,54,2.25,2.5,,,,,,,,,
04/22/2019,OBFR,2.42,2.17,2.4,2.44,2.55,110,,,,,,,,,,,
04/22/2019,TGCR,2.43,2.35,2.43,2.43,2.48,435,,,,,,,,,,,
04/22/2019,BGCR,2.43,2.35,2.43,2.43,2.59,462,,,,,,,,,,,
04/22/2019,SOFR,2.46,2.4,2.43,2.52,2.59,978,,,,,,,,,,,
04/19/2019,EFFR,2.44,2.37,2.42,2.44,2.6,59,2.25,2.5,,,,,,,,,
04/19/2019,OBFR,2.43,2.17,2.41,2.44,2.55,72,,,,,,,,,,,
04/18/2019,EFFR,2.43,2.37,2.42,2.43,2.6,58,2.25,2.5,,,,,,,,,
04/18/2019,OBFR,2.42,2.17,2.4,2.43,2.55,74,,,,,,,,,,,
04/18/2019,TGCR,2.46,2.43,2.46,2.46,2.5,427,,,,,,,,,,,
04/18/2019,BGCR,2.46,2.43,2.46,2.46,2.56,446,,,,,,,,,,,
04/18/2019,SOFR,2.5,2.43,2.46,2.55,2.63,979,,,,,,,,,,,
04/17/2019,EFFR,2.42,2.35,2.41,2.43,2.6,55,2.25,2.5,,,,,,,,,
04/17/2019,OBFR,2.41,2.17,2.4,2.43,2.55,100,,,,,,,,,,,
04/17/2019,TGCR,2.47,2.4,2.47,2.47,2.51,434,,,,,,,,,,,
04/17/2019,BGCR,2.47,2.4,2.47,2.47,2.6,451,,,,,,,,,,,
04/17/2019,SOFR,2.5,2.43,2.47,2.57,2.63,954,,,,,,,,,,,
04/16/2019,EFFR,2.41,2.37,2.4,2.42,2.6,55,2.25,2.5,,,,,,,,,
04/16/2019,OBFR,2.4,2.17,2.4,2.41,2.55,101,,,,,,,,,,,
04/16/2019,TGCR,2.43,2.35,2.43,2.43,2.55,438,,,,,,,,,,,
04/16/2019,BGCR,2.43,2.36,2.43,2.43,2.7,466,,,,,,,,,,,
04/16/2019,SOFR,2.47,2.4,2.43,2.53,2.65,961,,,,,,,,,,,
04/15/2019,EFFR,2.41,2.37,2.4,2.41,2.6,57,2.25,2.5,,,,,,,,,
04/15/2019,OBFR,2.4,2.17,2.4,2.41,2.55,103,,,,,,,,,,,
04/15/2019,TGCR,2.43,2.39,2.43,2.43,2.48,433,,,,,,,,,,,
04/15/2019,BGCR,2.43,2.39,2.43,2.43,2.6,462,,,,,,,,,,,
04/15/2019,SOFR,2.47,2.4,2.43,2.52,2.6,968,,,,,,,,,,,
04/12/2019,EFFR,2.41,2.37,2.4,2.41,2.55,67,2.25,2.5,,,,,,,,,
04/12/2019,OBFR,2.4,2.17,2.4,2.41,2.55,113,,,,,,,,,,,
04/12/2019,TGCR,2.4,2.36,2.4,2.4,2.47,426,,,,,,,,,,,
04/12/2019,BGCR,2.4,2.36,2.4,2.4,2.52,457,,,,,,,,,,,
04/12/2019,SOFR,2.44,2.39,2.4,2.49,2.55,955,,,,,,,,,,,
04/11/2019,EFFR,2.41,2.37,2.4,2.41,2.6,73,2.25,2.5,,,,,,,,,
04/11/2019,OBFR,2.4,2.17,2.4,2.41,2.55,123,,,,,,,,,,,
04/11/2019,TGCR,2.4,2.35,2.4,2.41,2.46,438,,,,,,,,,,,
04/11/2019,BGCR,2.4,2.35,2.4,2.41,2.49,467,,,,,,,,,,,
04/11/2019,SOFR,2.44,2.39,2.4,2.49,2.55,974,,,,,,,,,,,
04/10/2019,EFFR,2.41,2.37,2.4,2.42,2.55,72,2.25,2.5,,,,,,,,,
04/10/2019,OBFR,2.4,2.2,2.4,2.41,2.52,125,,,,,,,,,,,
04/10/2019,TGCR,2.42,2.35,2.42,2.42,2.47,438,,,,,,,,,,,
04/10/2019,BGCR,2.42,2.35,2.42,2.42,2.51,459,,,,,,,,,,,
04/10/2019,SOFR,2.45,2.38,2.42,2.51,2.57,945,,,,,,,,,,,
04/09/2019,EFFR,2.41,2.37,2.4,2.42,2.55,72,2.25,2.5,,,,,,,,,
04/09/2019,OBFR,2.4,2.17,2.4,2.41,2.52,129,,,,,,,,,,,
04/09/2019,TGCR,2.42,2.3,2.42,2.43,2.47,442,,,,,,,,,,,
04/09/2019,BGCR,2.42,2.32,2.42,2.43,2.52,463,,,,,,,,,,,
04/09/2019,SOFR,2.45,2.37,2.42,2.51,2.57,970,,,,,,,,,,,
04/08/2019,EFFR,2.41,2.37,2.4,2.42,2.55,72,2.25,2.5,,,,,,,,,
04/08/2019,OBFR,2.4,2.17,2.4,2.41,2.52,126,,,,,,,,,,,
04/08/2019,TGCR,2.43,2.35,2.43,2.43,2.47,431,,,,,,,,,,,
04/08/2019,BGCR,2.43,2.35,2.43,2.43,2.53,455,,,,,,,,,,,
04/08/2019,SOFR,2.46,2.4,2.43,2.52,2.58,949,,,,,,,,,,,
04/05/2019,EFFR,2.41,2.37,2.4,2.41,2.6,73,2.25,2.5,,,,,,,,,
04/05/2019,OBFR,2.4,2.17,2.4,2.41,2.52,124,,,,,,,,,,,
04/05/2019,TGCR,2.43,2.35,2.43,2.44,2.47,427,,,,,,,,,,,
04/05/2019,BGCR,2.43,2.35,2.43,2.44,2.54,453,,,,,,,,,,,
04/05/2019,SOFR,2.46,2.4,2.43,2.53,2.58,976,,,,,,,,,,,
04/04/2019,EFFR,2.41,2.37,2.4,2.41,2.6,79,2.25,2.5,,,,,,,,,
04/04/2019,OBFR,2.4,2.25,2.4,2.41,2.53,131,,,,,,,,,,,
04/04/2019,TGCR,2.43,2.38,2.43,2.43,2.47,425,,,,,,,,,,,
04/04/2019,BGCR,2.43,2.38,2.43,2.43,2.55,455,,,,,,,,,,,
04/04/2019,SOFR,2.46,2.4,2.43,2.52,2.58,1000,,,,,,,,,,,
04/03/2019,EFFR,2.41,2.37,2.4,2.41,2.6,79,2.25,2.5,,,,,,,,,
04/03/2019,OBFR,2.4,2.2,2.4,2.41,2.55,128,,,,,,,,,,,
04/03/2019,TGCR,2.43,2.37,2.43,2.43,2.47,415,,,,,,,,,,,
04/03/2019,BGCR,2.43,2.38,2.43,2.43,2.53,444,,,,,,,,,,,
04/03/2019,SOFR,2.47,2.41,2.43,2.52,2.58,987,,,,,,,,,,,
04/02/2019,EFFR,2.41,2.35,2.4,2.41,2.6,78,2.25,2.5,,,,,,,,,
04/02/2019,OBFR,2.4,2.17,2.4,2.41,2.55,128,,,,,,,,,,,
04/02/2019,TGCR,2.43,2.38,2.43,2.43,2.48,411,,,,,,,,,,,
04/02/2019,BGCR,2.43,2.38,2.43,2.44,2.58,442,,,,,,,,,,,
04/02/2019,SOFR,2.46,2.4,2.43,2.53,2.61,978,,,,,,,,,,,
04/01/2019,EFFR,2.41,2.37,2.4,2.41,2.6,66,2.25,2.5,,,,,,,,,
04/01/2019,OBFR,2.4,2.17,2.39,2.41,2.55,110,,,,,,,,,,,
04/01/2019,TGCR,2.41,2.36,2.41,2.42,2.53,401,,,,,,,,,,,
04/01/2019,BGCR,2.41,2.36,2.41,2.42,2.65,440,,,,,,,,,,,
04/01/2019,SOFR,2.46,2.4,2.41,2.51,2.67,978,,,,,,,,,,,
03/29/2019,EFFR,2.43,2.35,2.41,2.43,2.6,71,2.25,2.5,,,,,,,,,
03/29/2019,OBFR,2.41,2.17,2.4,2.43,2.6,123,,,,,,,,,,,
03/29/2019,TGCR,2.58,2.35,2.55,2.6,2.95,373,,,,,,,,,,,
03/29/2019,BGCR,2.58,2.35,2.55,2.6,2.95,387,,,,,,,,,,,
03/29/2019,SOFR,2.65,2.4,2.56,3.18,3.7,897,,,,,,,,,,,
03/28/2019,EFFR,2.41,2.37,2.4,2.41,2.6,74,2.25,2.5,,,,,,,,,
03/28/2019,OBFR,2.4,2.17,2.38,2.41,2.55,127,,,,,,,,,,,
03/28/2019,TGCR,2.42,2.28,2.42,2.42,2.46,391,,,,,,,,,,,
03/28/2019,BGCR,2.42,2.29,2.42,2.42,2.51,401,,,,,,,,,,,
03/28/2019,SOFR,2.43,2.34,2.42,2.5,2.58,898,,,,,,,,,,,
03/27/2019,EFFR,2.41,2.37,2.4,2.41,2.6,72,2.25,2.5,,,,,,,,,
03/27/2019,OBFR,2.4,2.17,2.39,2.41,2.53,121,,,,,,,,,,,
03/27/2019,TGCR,2.38,2.32,2.38,2.38,2.43,388,,,,,,,,,,,
03/27/2019,BGCR,2.38,2.32,2.38,2.38,2.47,405,,,,,,,,,,,
03/27/2019,SOFR,2.4,2.34,2.38,2.46,2.53,879,,,,,,,,,,,
03/26/2019,EFFR,2.4,2.37,2.4,2.41,2.55,76,2.25,2.5,,,,,,,,,
03/26/2019,OBFR,2.4,2.25,2.39,2.41,2.55,124,,,,,,,,,,,
03/26/2019,TGCR,2.37,2.32,2.37,2.37,2.43,393,,,,,,,,,,,
03/26/2019,BGCR,2.37,2.32,2.37,2.38,2.5,410,,,,,,,,,,,
03/26/2019,SOFR,2.4,2.35,2.37,2.46,2.52,901,,,,,,,,,,,
03/25/2019,EFFR,2.4,2.37,2.4,2.41,2.6,78,2.25,2.5,,,,,,,,,
03/25/2019,OBFR,2.4,2.25,2.38,2.41,2.55,129,,,,,,,,,,,
03/25/2019,TGCR,2.37,2.31,2.37,2.37,2.41,399,,,,,,,,,,,
03/25/2019,BGCR,2.37,2.31,2.37,2.37,2.46,426,,,,,,,,,,,
03/25/2019,SOFR,2.4,2.35,2.37,2.45,2.51,919,,,,,,,,,,,
03/22/2019,EFFR,2.41,2.37,2.4,2.41,2.6,70,2.25,2.5,,,,,,,,,
03/22/2019,OBFR,2.4,2.28,2.38,2.41,2.55,123,,,,,,,,,,,
03/22/2019,TGCR,2.38,2.33,2.38,2.38,2.42,404,,,,,,,,,,,
03/22/2019,BGCR,2.38,2.33,2.38,2.38,2.46,418,,,,,,,,,,,
03/22/2019,SOFR,2.4,2.35,2.38,2.46,2.52,889,,,,,,,,,,,
03/21/2019,EFFR,2.41,2.37,2.4,2.41,2.6,69,2.25,2.5,,,,,,,,,
03/21/2019,OBFR,2.4,2.25,2.39,2.41,2.55,115,,,,,,,,,,,
03/21/2019,TGCR,2.42,2.35,2.42,2.43,2.47,419,,,,,,,,,,,
03/21/2019,BGCR,2.43,2.35,2.42,2.43,2.51,435,,,,,,,,,,,
03/21/2019,SOFR,2.44,2.39,2.42,2.51,2.59,921,,,,,,,,,,,
03/20/2019,EFFR,2.41,2.35,2.4,2.41,2.6,73,2.25,2.5,,,,,,,,,
03/20/2019,OBFR,2.4,2.26,2.39,2.41,2.55,124,,,,,,,,,,,
03/20/2019,TGCR,2.46,2.33,2.45,2.46,2.49,422,,,,,,,,,,,
03/20/2019,BGCR,2.46,2.33,2.45,2.46,2.57,438,,,,,,,,,,,
03/20/2019,SOFR,2.47,2.4,2.46,2.54,2.61,928,,,,,,,,,,,
03/19/2019,EFFR,2.4,2.37,2.4,2.41,2.6,61,2.25,2.5,,,,,,,,,
03/19/2019,OBFR,2.4,2.17,2.39,2.41,2.55,109,,,,,,,,,,,
03/19/2019,TGCR,2.4,2.35,2.4,2.4,2.48,427,,,,,,,,,,,
03/19/2019,BGCR,2.4,2.35,2.4,2.41,2.56,448,,,,,,,,,,,
03/19/2019,SOFR,2.42,2.38,2.4,2.5,2.58,945,,,,,,,,,,,
03/18/2019,EFFR,2.4,2.34,2.4,2.41,2.6,63,2.25,2.5,,,,,,,,,
03/18/2019,OBFR,2.4,2.28,2.38,2.4,2.55,121,,,,,,,,,,,
03/18/2019,TGCR,2.38,2.33,2.38,2.38,2.43,431,,,,,,,,,,,
03/18/2019,BGCR,2.38,2.33,2.38,2.38,2.48,450,,,,,,,,,,,
03/18/2019,SOFR,2.41,2.35,2.38,2.47,2.53,942,,,,,,,,,,,
03/15/2019,EFFR,2.4,2.37,2.4,2.41,2.6,69,2.25,2.5,,,,,,,,,
03/15/2019,OBFR,2.4,2.27,2.38,2.41,2.54,124,,,,,,,,,,,
03/15/2019,TGCR,2.43,2.38,2.43,2.43,2.46,434,,,,,,,,,,,
03/15/2019,BGCR,2.43,2.38,2.43,2.43,2.54,456,,,,,,,,,,,
03/15/2019,SOFR,2.46,2.4,2.43,2.52,2.59,940,,,,,,,,,,,
03/14/2019,EFFR,2.4,2.37,2.4,2.4,2.6,78,2.25,2.5,,,,,,,,,
03/14/2019,OBFR,2.4,2.28,2.38,2.4,2.54,141,,,,,,,,,,,
03/14/2019,TGCR,2.39,2.34,2.38,2.39,2.42,427,,,,,,,,,,,
03/14/2019,BGCR,2.39,2.34,2.38,2.39,2.48,448,,,,,,,,,,,
03/14/2019,SOFR,2.42,2.36,2.39,2.47,2.53,879,,,,,,,,,,,
03/13/2019,EFFR,2.4,2.37,2.4,2.4,2.55,74,2.25,2.5,,,,,,,,,
03/13/2019,OBFR,2.4,2.27,2.38,2.4,2.52,144,,,,,,,,,,,
03/13/2019,TGCR,2.38,2.3,2.38,2.38,2.42,441,,,,,,,,,,,
03/13/2019,BGCR,2.38,2.3,2.38,2.38,2.48,459,,,,,,,,,,,
03/13/2019,SOFR,2.4,2.33,2.38,2.46,2.53,925,,,,,,,,,,,
03/12/2019,EFFR,2.4,2.37,2.4,2.4,2.54,75,2.25,2.5,,,,,,,,,
03/12/2019,OBFR,2.4,2.28,2.38,2.4,2.52,143,,,,,,,,,,,
03/12/2019,TGCR,2.37,2.32,2.37,2.37,2.41,448,,,,,,,,,,,
03/12/2019,BGCR,2.37,2.32,2.37,2.37,2.48,471,,,,,,,,,,,
03/12/2019,SOFR,2.39,2.35,2.37,2.46,2.52,916,,,,,,,,,,,
03/11/2019,EFFR,2.4,2.37,2.4,2.4,2.55,79,2.25,2.5,,,,,,,,,
03/11/2019,OBFR,2.4,2.29,2.38,2.4,2.52,144,,,,,,,,,,,
03/11/2019,TGCR,2.36,2.32,2.36,2.36,2.41,446,,,,,,,,,,,
03/11/2019,BGCR,2.36,2.33,2.36,2.36,2.45,470,,,,,,,,,,,
03/11/2019,SOFR,2.38,2.35,2.36,2.45,2.51,949,,,,,,,,,,,
03/08/2019,EFFR,2.4,2.35,2.4,2.41,2.54,81,2.25,2.5,,,,,,,,,
03/08/2019,OBFR,2.4,2.25,2.38,2.4,2.52,142,,,,,,,,,,,
03/08/2019,TGCR,2.36,2.3,2.36,2.36,2.4,454,,,,,,,,,,,
03/08/2019,BGCR,2.36,2.3,2.36,2.36,2.45,468,,,,,,,,,,,
03/08/2019,SOFR,2.39,2.34,2.36,2.44,2.51,954,,,,,,,,,,,
03/07/2019,EFFR,2.4,2.37,2.4,2.41,2.6,79,2.25,2.5,,,,,,,,,
03/07/2019,OBFR,2.4,2.28,2.38,2.4,2.55,141,,,,,,,,,,,
03/07/2019,TGCR,2.37,2.32,2.37,2.37,2.41,456,,,,,,,,,,,
03/07/2019,BGCR,2.37,2.32,2.37,2.37,2.46,470,,,,,,,,,,,
03/07/2019,SOFR,2.38,2.34,2.37,2.46,2.52,972,,,,,,,,,,,
03/06/2019,EFFR,2.4,2.37,2.39,2.4,2.55,83,2.25,2.5,,,,,,,,,
03/06/2019,OBFR,2.4,2.27,2.38,2.4,2.54,148,,,,,,,,,,,
03/06/2019,TGCR,2.36,2.3,2.35,2.36,2.4,453,,,,,,,,,,,
03/06/2019,BGCR,2.36,2.3,2.35,2.36,2.45,469,,,,,,,,,,,
03/06/2019,SOFR,2.38,2.33,2.36,2.44,2.5,977,,,,,,,,,,,
03/05/2019,EFFR,2.4,2.37,2.39,2.41,2.6,88,2.25,2.5,,,,,,,,,
03/05/2019,OBFR,2.4,2.29,2.38,2.4,2.55,152,,,,,,,,,,,
03/05/2019,TGCR,2.36,2.3,2.36,2.36,2.4,450,,,,,,,,,,,
03/05/2019,BGCR,2.36,2.3,2.36,2.36,2.45,467,,,,,,,,,,,
03/05/2019,SOFR,2.38,2.33,2.36,2.44,2.51,956,,,,,,,,,,,
03/04/2019,EFFR,2.4,2.37,2.39,2.41,2.6,87,2.25,2.5,,,,,,,,,
03/04/2019,OBFR,2.4,2.29,2.38,2.4,2.55,156,,,,,,,,,,,
03/04/2019,TGCR,2.36,2.31,2.36,2.37,2.41,449,,,,,,,,,,,
03/04/2019,BGCR,2.36,2.31,2.36,2.37,2.45,463,,,,,,,,,,,
03/04/2019,SOFR,2.38,2.34,2.36,2.45,2.51,965,,,,,,,,,,,
03/01/2019,EFFR,2.4,2.34,2.39,2.41,2.6,93,2.25,2.5,,,,,,,,,
03/01/2019,OBFR,2.4,2.25,2.38,2.4,2.55,154,,,,,,,,,,,
03/01/2019,TGCR,2.36,2.31,2.36,2.37,2.41,449,,,,,,,,,,,
03/01/2019,BGCR,2.36,2.31,2.36,2.37,2.46,468,,,,,,,,,,,
03/01/2019,SOFR,2.38,2.35,2.36,2.45,2.52,1007,,,,,,,,,,,
02/28/2019,EFFR,2.4,2.37,2.4,2.41,2.6,75,2.25,2.5,,,,,,,,,
02/28/2019,OBFR,2.4,2.28,2.38,2.41,2.6,138,,,,,,,,,,,
02/28/2019,TGCR,2.55,2.3,2.55,2.58,2.6,445,,,,,,,,,,,
02/28/2019,BGCR,2.55,2.3,2.55,2.58,2.75,462,,,,,,,,,,,
02/28/2019,SOFR,2.58,2.35,2.55,2.64,2.82,1003,,,,,,,,,,,
02/27/2019,EFFR,2.4,2.37,2.4,2.41,2.6,80,2.25,2.5,,,,,,,,,
02/27/2019,OBFR,2.4,2.1,2.38,2.4,2.54,149,,,,,,,,,,,
02/27/2019,TGCR,2.37,2.31,2.36,2.37,2.4,434,,,,,,,,,,,
02/27/2019,BGCR,2.37,2.31,2.36,2.37,2.45,454,,,,,,,,,,,
02/27/2019,SOFR,2.37,2.34,2.37,2.44,2.51,898,,,,,,,,,,,
02/26/2019,EFFR,2.4,2.37,2.4,2.41,2.6,71,2.25,2.5,,,,,,,,,
02/26/2019,OBFR,2.4,2.25,2.38,2.4,2.6,141,,,,,,,,,,,
02/26/2019,TGCR,2.37,2.3,2.37,2.37,2.41,434,,,,,,,,,,,
02/26/2019,BGCR,2.37,2.32,2.37,2.37,2.46,452,,,,,,,,,,,
02/26/2019,SOFR,2.38,2.34,2.37,2.45,2.51,919,,,,,,,,,,,
02/25/2019,EFFR,2.4,2.37,2.4,2.41,2.6,72,2.25,2.5,,,,,,,,,
02/25/2019,OBFR,2.4,2.25,2.38,2.4,2.55,142,,,,,,,,,,,
02/25/2019,TGCR,2.37,2.32,2.37,2.37,2.41,438,,,,,,,,,,,
02/25/2019,BGCR,2.37,2.32,2.37,2.37,2.45,456,,,,,,,,,,,
02/25/2019,SOFR,2.38,2.34,2.37,2.45,2.51,938,,,,,,,,,,,
02/22/2019,EFFR,2.4,2.37,2.4,2.41,2.6,77,2.25,2.5,,,,,,,,,
02/22/2019,OBFR,2.4,2.27,2.38,2.4,2.55,139,,,,,,,,,,,
02/22/2019,TGCR,2.37,2.32,2.37,2.37,2.41,442,,,,,,,,,,,
02/22/2019,BGCR,2.37,2.32,2.37,2.38,2.46,463,,,,,,,,,,,
02/22/2019,SOFR,2.4,2.34,2.37,2.45,2.51,894,,,,,,,,,,,
02/21/2019,EFFR,2.4,2.37,2.4,2.41,2.6,74,2.25,2.5,,,,,,,,,
02/21/2019,OBFR,2.4,2.27,2.38,2.4,2.6,134,,,,,,,,,,,
02/21/2019,TGCR,2.37,2.31,2.37,2.37,2.41,441,,,,,,,,,,,
02/21/2019,BGCR,2.37,2.31,2.37,2.37,2.46,463,,,,,,,,,,,
02/21/2019,SOFR,2.39,2.34,2.37,2.45,2.51,886,,,,,,,,,,,
02/20/2019,EFFR,2.4,2.37,2.4,2.41,2.6,62,2.25,2.5,,,,,,,,,
02/20/2019,OBFR,2.4,2.25,2.38,2.41,2.6,128,,,,,,,,,,,
02/20/2019,TGCR,2.37,2.31,2.37,2.38,2.41,440,,,,,,,,,,,
02/20/2019,BGCR,2.37,2.32,2.37,2.38,2.47,463,,,,,,,,,,,
02/20/2019,SOFR,2.39,2.34,2.37,2.46,2.51,913,,,,,,,,,,,
02/19/2019,EFFR,2.4,2.37,2.4,2.41,2.6,61,2.25,2.5,,,,,,,,,
02/19/2019,OBFR,2.4,2.25,2.38,2.41,2.6,124,,,,,,,,,,,
02/19/2019,TGCR,2.37,2.32,2.37,2.38,2.41,442,,,,,,,,,,,
02/19/2019,BGCR,2.37,2.33,2.37,2.38,2.49,471,,,,,,,,,,,
02/19/2019,SOFR,2.4,2.35,2.37,2.46,2.51,941,,,,,,,,,,,
02/15/2019,EFFR,2.4,2.37,2.4,2.41,2.6,56,2.25,2.5,,,,,,,,,
02/15/2019,OBFR,2.4,2.25,2.38,2.4,2.6,125,,,,,,,,,,,
02/15/2019,TGCR,2.41,2.35,2.41,2.42,2.44,440,,,,,,,,,,,
02/15/2019,BGCR,2.41,2.36,2.41,2.42,2.5,461,,,,,,,,,,,
02/15/2019,SOFR,2.43,2.38,2.41,2.49,2.56,913,,,,,,,,,,,
02/14/2019,EFFR,2.4,2.37,2.4,2.4,2.6,68,2.25,2.5,,,,,,,,,
02/14/2019,OBFR,2.4,2.25,2.38,2.4,2.55,131,,,,,,,,,,,
02/14/2019,TGCR,2.36,2.31,2.36,2.37,2.42,432,,,,,,,,,,,
02/14/2019,BGCR,2.36,2.32,2.36,2.37,2.46,458,,,,,,,,,,,
02/14/2019,SOFR,2.39,2.34,2.36,2.45,2.5,862,,,,,,,,,,,
02/13/2019,EFFR,2.4,2.34,2.4,2.41,2.6,65,2.25,2.5,,,,,,,,,
02/13/2019,OBFR,2.4,2.29,2.38,2.4,2.6,131,,,,,,,,,,,
02/13/2019,TGCR,2.36,2.31,2.36,2.36,2.41,438,,,,,,,,,,,
02/13/2019,BGCR,2.36,2.31,2.36,2.36,2.46,459,,,,,,,,,,,
02/13/2019,SOFR,2.38,2.34,2.36,2.44,2.5,928,,,,,,,,,,,
02/12/2019,EFFR,2.4,2.36,2.4,2.41,2.6,65,2.25,2.5,,,,,,,,,
02/12/2019,OBFR,2.4,2.29,2.38,2.4,2.6,132,,,,,,,,,,,
02/12/2019,TGCR,2.36,2.3,2.36,2.36,2.41,441,,,,,,,,,,,
02/12/2019,BGCR,2.36,2.3,2.36,2.36,2.47,465,,,,,,,,,,,
02/12/2019,SOFR,2.39,2.33,2.36,2.44,2.5,920,,,,,,,,,,,
02/11/2019,EFFR,2.4,2.37,2.4,2.41,2.6,65,2.25,2.5,,,,,,,,,
02/11/2019,OBFR,2.4,2.29,2.38,2.4,2.6,134,,,,,,,,,,,
02/11/2019,TGCR,2.4,2.32,2.39,2.4,2.45,442,,,,,,,,,,,
02/11/2019,BGCR,2.4,2.32,2.39,2.4,2.48,454,,,,,,,,,,,
02/11/2019,SOFR,2.4,2.35,2.4,2.48,2.56,984,,,,,,,,,,,
02/08/2019,EFFR,2.4,2.37,2.39,2.4,2.6,77,2.25,2.5,,,,,,,,,
02/08/2019,OBFR,2.39,2.29,2.38,2.4,2.6,152,,,,,,,,,,,
02/08/2019,TGCR,2.35,2.3,2.35,2.35,2.41,440,,,,,,,,,,,
02/08/2019,BGCR,2.35,2.3,2.35,2.35,2.44,454,,,,,,,,,,,
02/08/2019,SOFR,2.37,2.33,2.35,2.44,2.5,912,,,,,,,,,,,
02/07/2019,EFFR,2.4,2.37,2.39,2.4,2.6,78,2.25,2.5,,,,,,,,,
02/07/2019,OBFR,2.39,2.3,2.38,2.4,2.6,147,,,,,,,,,,,
02/07/2019,TGCR,2.36,2.3,2.36,2.36,2.41,440,,,,,,,,,,,
02/07/2019,BGCR,2.36,2.31,2.36,2.36,2.45,464,,,,,,,,,,,
02/07/2019,SOFR,2.38,2.34,2.36,2.45,2.51,918,,,,,,,,,,,
02/06/2019,EFFR,2.4,2.37,2.39,2.4,2.6,83,2.25,2.5,,,,,,,,,
02/06/2019,OBFR,2.39,2.3,2.38,2.4,2.52,155,,,,,,,,,,,
02/06/2019,TGCR,2.35,2.3,2.35,2.35,2.4,445,,,,,,,,,,,
02/06/2019,BGCR,2.35,2.3,2.35,2.35,2.48,469,,,,,,,,,,,
02/06/2019,SOFR,2.38,2.33,2.35,2.44,2.49,942,,,,,,,,,,,
02/05/2019,EFFR,2.4,2.35,2.39,2.4,2.6,83,2.25,2.5,,,,,,,,,
02/05/2019,OBFR,2.39,2.3,2.38,2.4,2.6,147,,,,,,,,,,,
02/05/2019,TGCR,2.37,2.32,2.36,2.37,2.41,438,,,,,,,,,,,
02/05/2019,BGCR,2.37,2.32,2.36,2.37,2.46,464,,,,,,,,,,,
02/05/2019,SOFR,2.4,2.34,2.37,2.45,2.51,932,,,,,,,,,,,
02/04/2019,EFFR,2.4,2.34,2.39,2.4,2.6,82,2.25,2.5,,,,,,,,,
02/04/2019,OBFR,2.39,2.3,2.38,2.4,2.6,153,,,,,,,,,,,
02/04/2019,TGCR,2.38,2.28,2.38,2.39,2.43,447,,,,,,,,,,,
02/04/2019,BGCR,2.38,2.3,2.38,2.39,2.47,470,,,,,,,,,,,
02/04/2019,SOFR,2.4,2.3,2.38,2.47,2.53,964,,,,,,,,,,,
02/01/2019,EFFR,2.4,2.34,2.4,2.4,2.6,76,2.25,2.5,,,,,,,,,
02/01/2019,OBFR,2.4,2.29,2.38,2.4,2.6,138,,,,,,,,,,,
02/01/2019,TGCR,2.44,2.3,2.44,2.45,2.49,464,,,,,,,,,,,
02/01/2019,BGCR,2.44,2.3,2.44,2.45,2.54,494,,,,,,,,,,,
02/01/2019,SOFR,2.47,2.3,2.44,2.52,2.59,993,,,,,,,,,,,
01/31/2019,EFFR,2.4,2.36,2.4,2.41,2.6,66,2.25,2.5,,,,,,,,,
01/31/2019,OBFR,2.4,2.29,2.38,2.4,2.6,122,,,,,,,,,,,
01/31/2019,TGCR,2.55,2.3,2.55,2.56,2.59,453,,,,,,,,,,,
01/31/2019,BGCR,2.55,2.3,2.55,2.57,2.74,484,,,,,,,,,,,
01/31/2019,SOFR,2.58,2.3,2.55,2.65,2.85,1048,,,,,,,,,,,
01/30/2019,EFFR,2.4,2.37,2.4,2.41,2.6,63,2.25,2.5,,,,,,,,,
01/30/2019,OBFR,2.39,2.27,2.38,2.4,2.6,130,,,,,,,,,,,
01/30/2019,TGCR,2.36,2.32,2.36,2.37,2.4,431,,,,,,,,,,,
01/30/2019,BGCR,2.36,2.32,2.36,2.37,2.45,451,,,,,,,,,,,
01/30/2019,SOFR,2.39,2.35,2.36,2.45,2.52,948,,,,,,,,,,,
01/29/2019,EFFR,2.4,2.36,2.4,2.41,2.6,60,2.25,2.5,,,,,,,,,
01/29/2019,OBFR,2.39,2.27,2.38,2.4,2.6,128,,,,,,,,,,,
01/29/2019,TGCR,2.37,2.3,2.37,2.37,2.4,438,,,,,,,,,,,
01/29/2019,BGCR,2.37,2.3,2.37,2.37,2.46,457,,,,,,,,,,,
01/29/2019,SOFR,2.4,2.32,2.37,2.45,2.52,934,,,,,,,,,,,
01/28/2019,EFFR,2.4,2.36,2.4,2.41,2.6,68,2.25,2.5,,,,,,,,,
01/28/2019,OBFR,2.39,2.29,2.38,2.4,2.6,141,,,,,,,,,,,
01/28/2019,TGCR,2.37,2.3,2.37,2.37,2.4,437,,,,,,,,,,,
01/28/2019,BGCR,2.37,2.3,2.37,2.37,2.46,458,,,,,,,,,,,
01/28/2019,SOFR,2.39,2.32,2.37,2.45,2.52,981,,,,,,,,,,,
01/25/2019,EFFR,2.4,2.37,2.39,2.41,2.6,69,2.25,2.5,,,,,,,,,
01/25/2019,OBFR,2.39,2.3,2.38,2.4,2.6,137,,,,,,,,,,,
01/25/2019,TGCR,2.38,2.33,2.38,2.38,2.41,436,,,,,,,,,,,
01/25/2019,BGCR,2.38,2.33,2.38,2.38,2.46,459,,,,,,,,,,,
01/25/2019,SOFR,2.4,2.34,2.38,2.46,2.53,915,,,,,,,,,,,
01/24/2019,EFFR,2.4,2.34,2.4,2.41,2.6,64,2.25,2.5,,,,,,,,,
01/24/2019,OBFR,2.39,2.3,2.38,2.4,2.6,132,,,,,,,,,,,
01/24/2019,TGCR,2.4,2.32,2.4,2.4,2.43,433,,,,,,,,,,,
01/24/2019,BGCR,2.4,2.32,2.4,2.4,2.5,459,,,,,,,,,,,
01/24/2019,SOFR,2.41,2.35,2.4,2.48,2.55,994,,,,,,,,,,,
01/23/2019,EFFR,2.4,2.36,2.4,2.41,2.6,55,2.25,2.5,,,,,,,,,
01/23/2019,OBFR,2.39,2.3,2.38,2.4,2.6,133,,,,,,,,,,,
01/23/2019,TGCR,2.38,2.32,2.37,2.38,2.41,433,,,,,,,,,,,
01/23/2019,BGCR,2.38,2.32,2.37,2.38,2.47,456,,,,,,,,,,,
01/23/2019,SOFR,2.4,2.35,2.38,2.46,2.52,956,,,,,,,,,,,
01/22/2019,EFFR,2.4,2.36,2.4,2.41,2.6,48,2.25,2.5,,,,,,,,,
01/22/2019,OBFR,2.39,2.28,2.37,2.4,2.6,121,,,,,,,,,,,
01/22/2019,TGCR,2.37,2.32,2.37,2.38,2.42,431,,,,,,,,,,,
01/22/2019,BGCR,2.37,2.32,2.37,2.38,2.47,459,,,,,,,,,,,
01/22/2019,SOFR,2.41,2.35,2.37,2.46,2.52,967,,,,,,,,,,,
01/18/2019,EFFR,2.4,2.35,2.4,2.41,2.6,58,2.25,2.5,,,,,,,,,
01/18/2019,OBFR,2.4,2.27,2.38,2.4,2.6,125,,,,,,,,,,,
01/18/2019,TGCR,2.37,2.32,2.37,2.37,2.41,426,,,,,,,,,,,
01/18/2019,BGCR,2.37,2.32,2.37,2.37,2.46,455,,,,,,,,,,,
01/18/2019,SOFR,2.42,2.34,2.37,2.46,2.52,974,,,,,,,,,,,
01/17/2019,EFFR,2.4,2.37,2.4,2.41,2.6,63,2.25,2.5,,,,,,,,,
01/17/2019,OBFR,2.4,2.3,2.38,2.4,2.6,129,,,,,,,,,,,
01/17/2019,TGCR,2.37,2.32,2.37,2.37,2.41,426,,,,,,,,,,,
01/17/2019,BGCR,2.37,2.32,2.37,2.37,2.47,461,,,,,,,,,,,
01/17/2019,SOFR,2.41,2.35,2.37,2.46,2.52,969,,,,,,,,,,,
01/16/2019,EFFR,2.4,2.36,2.4,2.41,2.6,63,2.25,2.5,,,,,,,,,
01/16/2019,OBFR,2.4,2.27,2.38,2.4,2.6,135,,,,,,,,,,,
01/16/2019,TGCR,2.37,2.32,2.37,2.37,2.41,435,,,,,,,,,,,
01/16/2019,BGCR,2.37,2.32,2.37,2.37,2.46,473,,,,,,,,,,,
01/16/2019,SOFR,2.43,2.35,2.37,2.46,2.52,988,,,,,,,,,,,
01/15/2019,EFFR,2.4,2.37,2.4,2.41,2.6,58,2.25,2.5,,,,,,,,,
01/15/2019,OBFR,2.39,2.29,2.38,2.4,2.6,126,,,,,,,,,,,
01/15/2019,TGCR,2.41,2.35,2.41,2.41,2.46,442,,,,,,,,,,,
01/15/2019,BGCR,2.41,2.35,2.41,2.41,2.51,470,,,,,,,,,,,
01/15/2019,SOFR,2.46,2.38,2.41,2.5,2.56,991,,,,,,,,,,,
01/14/2019,EFFR,2.4,2.37,2.4,2.41,2.6,59,2.25,2.5,,,,,,,,,
01/14/2019,OBFR,2.39,2.29,2.38,2.4,2.6,135,,,,,,,,,,,
01/14/2019,TGCR,2.38,2.31,2.38,2.38,2.42,433,,,,,,,,,,,
01/14/2019,BGCR,2.38,2.31,2.38,2.38,2.46,447,,,,,,,,,,,
01/14/2019,SOFR,2.4,2.34,2.38,2.46,2.53,977,,,,,,,,,,,
01/11/2019,EFFR,2.4,2.35,2.39,2.41,2.6,63,2.25,2.5,,,,,,,,,
01/11/2019,OBFR,2.39,2.29,2.38,2.4,2.6,134,,,,,,,,,,,
01/11/2019,TGCR,2.38,2.33,2.38,2.38,2.41,437,,,,,,,,,,,
01/11/2019,BGCR,2.38,2.33,2.38,2.38,2.46,456,,,,,,,,,,,
01/11/2019,SOFR,2.41,2.35,2.38,2.46,2.52,973,,,,,,,,,,,
01/10/2019,EFFR,2.4,2.37,2.4,2.41,2.6,65,2.25,2.5,,,,,,,,,
01/10/2019,OBFR,2.39,2.3,2.38,2.4,2.6,139,,,,,,,,,,,
01/10/2019,TGCR,2.41,2.34,2.41,2.41,2.44,428,,,,,,,,,,,
01/10/2019,BGCR,2.41,2.34,2.41,2.41,2.5,453,,,,,,,,,,,
01/10/2019,SOFR,2.43,2.37,2.41,2.49,2.56,1026,,,,,,,,,,,
01/09/2019,EFFR,2.4,2.37,2.4,2.41,2.6,64,2.25,2.5,,,,,,,,,
01/09/2019,OBFR,2.4,2.3,2.38,2.4,2.6,144,,,,,,,,,,,
01/09/2019,TGCR,2.44,2.3,2.44,2.44,2.46,435,,,,,,,,,,,
01/09/2019,BGCR,2.44,2.3,2.44,2.44,2.53,457,,,,,,,,,,,
01/09/2019,SOFR,2.45,2.3,2.44,2.52,2.59,1032,,,,,,,,,,,
01/08/2019,EFFR,2.4,2.35,2.4,2.41,2.6,70,2.25,2.5,,,,,,,,,
01/08/2019,OBFR,2.4,2.3,2.38,2.4,2.6,146,,,,,,,,,,,
01/08/2019,TGCR,2.4,2.34,2.4,2.41,2.45,434,,,,,,,,,,,
01/08/2019,BGCR,2.4,2.34,2.4,2.41,2.52,451,,,,,,,,,,,
01/08/2019,SOFR,2.42,2.38,2.4,2.5,2.55,1070,,,,,,,,,,,
01/07/2019,EFFR,2.4,2.34,2.4,2.41,2.6,68,2.25,2.5,,,,,,,,,
01/07/2019,OBFR,2.4,2.29,2.38,2.4,2.6,149,,,,,,,,,,,
01/07/2019,TGCR,2.38,2.32,2.38,2.39,2.43,425,,,,,,,,,,,
01/07/2019,BGCR,2.38,2.32,2.38,2.39,2.52,450,,,,,,,,,,,
01/07/2019,SOFR,2.41,2.35,2.39,2.47,2.54,1052,,,,,,,,,,,
01/04/2019,EFFR,2.4,2.37,2.4,2.41,2.6,68,2.25,2.5,,,,,,,,,
01/04/2019,OBFR,2.4,2.29,2.38,2.4,2.6,143,,,,,,,,,,,
01/04/2019,TGCR,2.43,2.3,2.42,2.43,2.47,433,,,,,,,,,,,
01/04/2019,BGCR,2.43,2.3,2.43,2.43,2.51,449,,,,,,,,,,,
01/04/2019,SOFR,2.45,2.3,2.43,2.51,2.6,1041,,,,,,,,,,,
01/03/2019,EFFR,2.4,2.34,2.4,2.41,2.6,62,2.25,2.5,,,,,,,,,
01/03/2019,OBFR,2.4,2.29,2.38,2.4,2.6,136,,,,,,,,,,,
01/03/2019,TGCR,2.7,2.3,2.68,2.7,2.73,429,,,,,,,,,,,
01/03/2019,BGCR,2.7,2.3,2.68,2.7,2.78,444,,,,,,,,,,,
01/03/2019,SOFR,2.7,2.3,2.7,2.78,2.89,1063,,,,,,,,,,,
01/02/2019,EFFR,2.4,2.36,2.4,2.41,2.6,56,2.25,2.5,,,,,,,,,
01/02/2019,OBFR,2.4,2.29,2.38,2.4,2.6,116,,,,,,,,,,,
01/02/2019,TGCR,3.1,2.3,3.05,3.1,3.15,419,,,,,,,,,,,
01/02/2019,BGCR,3.1,2.3,3.05,3.1,3.5,452,,,,,,,,,,,
01/02/2019,SOFR,3.15,2.3,3.1,3.29,3.7,1092,,,,,,,,,,,
12/31/2018,EFFR,2.4,2.25,2.4,2.41,2.6,55,2.25,2.5,,,,,,,,,
12/31/2018,OBFR,2.4,2.15,2.36,2.41,2.6,102,,,,,,,,,,,
12/31/2018,TGCR,2.95,2.3,2.91,2.95,3.2,386,,,,,,,,,,,
12/31/2018,BGCR,2.95,2.3,2.93,2.95,6.25,409,,,,,,,,,,,
12/31/2018,SOFR,3,2.7,2.95,3.2,6.25,1000,,,,,,,,,,,
12/28/2018,EFFR,2.4,2.35,2.39,2.41,2.6,67,2.25,2.5,,,,,,,,,
12/28/2018,OBFR,2.39,2.25,2.37,2.4,2.6,136,,,,,,,,,,,
12/28/2018,TGCR,2.45,2.25,2.44,2.45,2.48,381,,,,,,,,,,,
12/28/2018,BGCR,2.45,2.25,2.44,2.45,2.55,392,,,,,,,,,,,
12/28/2018,SOFR,2.46,2.3,2.45,2.54,2.6,927,,,,,,,,,,,
12/27/2018,EFFR,2.4,2.34,2.39,2.41,2.6,71,2.25,2.5,,,,,,,,,
12/27/2018,OBFR,2.4,2.3,2.38,2.4,2.6,154,,,,,,,,,,,
12/27/2018,TGCR,2.43,2.3,2.42,2.43,2.46,383,,,,,,,,,,,
12/27/2018,BGCR,2.43,2.3,2.42,2.43,2.52,390,,,,,,,,,,,
12/27/2018,SOFR,2.44,2.3,2.43,2.52,2.57,943,,,,,,,,,,,
12/26/2018,EFFR,2.4,2.37,2.4,2.41,2.6,67,2.25,2.5,,,,,,,,,
12/26/2018,OBFR,2.4,2.29,2.38,2.4,2.6,136,,,,,,,,,,,
12/26/2018,TGCR,2.43,2.25,2.42,2.43,2.46,387,,,,,,,,,,,
12/26/2018,BGCR,2.43,2.25,2.42,2.43,2.53,403,,,,,,,,,,,
12/26/2018,SOFR,2.44,2.3,2.43,2.52,2.57,957,,,,,,,,,,,
12/24/2018,EFFR,2.4,2.37,2.39,2.41,2.6,69,2.25,2.5,,,,,,,,,
12/24/2018,OBFR,2.4,2.3,2.38,2.4,2.6,127,,,,,,,,,,,
12/24/2018,TGCR,2.41,2.35,2.4,2.41,2.46,378,,,,,,,,,,,
12/24/2018,BGCR,2.41,2.35,2.4,2.41,2.51,385,,,,,,,,,,,
12/24/2018,SOFR,2.41,2.38,2.41,2.49,2.55,881,,,,,,,,,,,
12/21/2018,EFFR,2.4,2.37,2.39,2.41,2.6,69,2.25,2.5,,,,,,,,,
12/21/2018,OBFR,2.4,2.3,2.38,2.4,2.6,139,,,,,,,,,,,
12/21/2018,TGCR,2.39,2.31,2.39,2.39,2.42,388,,,,,,,,,,,
12/21/2018,BGCR,2.39,2.31,2.39,2.39,2.45,394,,,,,,,,,,,
12/21/2018,SOFR,2.4,2.35,2.39,2.47,2.54,927,,,,,,,,,,,
12/20/2018,EFFR,2.4,2.37,2.39,2.41,2.6,50,2.25,2.5,,,,,,,,,
12/20/2018,OBFR,2.4,2.29,2.38,2.4,2.6,123,,,,,,,,,,,
12/20/2018,TGCR,2.4,2.3,2.39,2.4,2.43,401,,,,,,,,,,,
12/20/2018,BGCR,2.4,2.3,2.39,2.4,2.5,418,,,,,,,,,,,
12/20/2018,SOFR,2.41,2.35,2.4,2.48,2.54,963,,,,,,,,,,,
12/19/2018,EFFR,2.2,2.16,2.19,2.21,2.35,72,2,2.25,,,,,,,,,
12/19/2018,OBFR,2.19,2.09,2.18,2.2,2.35,141,,,,,,,,,,,
12/19/2018,TGCR,2.29,2.1,2.29,2.3,2.33,404,,,,,,,,,,,
12/19/2018,BGCR,2.29,2.1,2.29,2.3,2.38,424,,,,,,,,,,,
12/19/2018,SOFR,2.3,2.1,2.29,2.37,2.44,910,,,,,,,,,,,
12/18/2018,EFFR,2.2,2.17,2.19,2.2,2.35,61,2,2.25,,,,,,,,,
12/18/2018,OBFR,2.19,2.08,2.18,2.2,2.35,127,,,,,,,,,,,
12/18/2018,TGCR,2.3,2.05,2.3,2.31,2.34,405,,,,,,,,,,,
12/18/2018,BGCR,2.3,2.05,2.3,2.31,2.41,421,,,,,,,,,,,
12/18/2018,SOFR,2.32,2.15,2.3,2.39,2.45,920,,,,,,,,,,,
12/17/2018,EFFR,2.2,2.17,2.19,2.2,2.35,66,2,2.25,,,,,,,,,
12/17/2018,OBFR,2.19,2.08,2.18,2.2,2.35,124,,,,,,,,,,,
12/17/2018,TGCR,2.28,2.19,2.28,2.28,2.33,407,,,,,,,,,,,
12/17/2018,BGCR,2.28,2.2,2.28,2.29,2.43,428,,,,,,,,,,,
12/17/2018,SOFR,2.31,2.25,2.28,2.37,2.45,935,,,,,,,,,,,
12/14/2018,EFFR,2.19,2.17,2.19,2.2,2.35,64,2,2.25,,,,,,,,,
12/14/2018,OBFR,2.19,2.08,2.18,2.2,2.35,122,,,,,,,,,,,
12/14/2018,TGCR,2.19,2.13,2.19,2.2,2.23,406,,,,,,,,,,,
12/14/2018,BGCR,2.19,2.14,2.19,2.2,2.3,425,,,,,,,,,,,
12/14/2018,SOFR,2.21,2.15,2.19,2.27,2.32,867,,,,,,,,,,,
12/13/2018,EFFR,2.19,2.17,2.19,2.2,2.35,70,2,2.25,,,,,,,,,
12/13/2018,OBFR,2.19,2.07,2.18,2.2,2.35,143,,,,,,,,,,,
12/13/2018,TGCR,2.18,2.13,2.18,2.18,2.22,409,,,,,,,,,,,
12/13/2018,BGCR,2.18,2.13,2.18,2.18,2.26,426,,,,,,,,,,,
12/13/2018,SOFR,2.21,2.15,2.18,2.26,2.31,897,,,,,,,,,,,
12/12/2018,EFFR,2.19,2.17,2.19,2.2,2.35,74,2,2.25,,,,,,,,,
12/12/2018,OBFR,2.19,2.09,2.18,2.2,2.35,155,,,,,,,,,,,
12/12/2018,TGCR,2.17,2.12,2.17,2.17,2.22,408,,,,,,,,,,,
12/12/2018,BGCR,2.17,2.12,2.17,2.17,2.27,424,,,,,,,,,,,
12/12/2018,SOFR,2.2,2.15,2.17,2.25,2.3,882,,,,,,,,,,,
12/11/2018,EFFR,2.19,2.17,2.19,2.2,2.35,72,2,2.25,,,,,,,,,
12/11/2018,OBFR,2.19,2.09,2.18,2.2,2.35,152,,,,,,,,,,,
12/11/2018,TGCR,2.17,2.11,2.16,2.17,2.21,419,,,,,,,,,,,
12/11/2018,BGCR,2.17,2.11,2.16,2.17,2.3,435,,,,,,,,,,,
12/11/2018,SOFR,2.19,2.14,2.17,2.24,2.3,868,,,,,,,,,,,
12/10/2018,EFFR,2.2,2.17,2.19,2.2,2.35,70,2,2.25,,,,,,,,,
12/10/2018,OBFR,2.19,2.08,2.18,2.2,2.35,151,,,,,,,,,,,
12/10/2018,TGCR,2.2,2.1,2.2,2.21,2.25,412,,,,,,,,,,,
12/10/2018,BGCR,2.2,2.11,2.2,2.21,2.29,425,,,,,,,,,,,
12/10/2018,SOFR,2.22,2.15,2.2,2.28,2.33,903,,,,,,,,,,,
12/07/2018,EFFR,2.19,2.17,2.19,2.2,2.35,73,2,2.25,,,,,,,,,
12/07/2018,OBFR,2.19,2.08,2.17,2.2,2.35,147,,,,,,,,,,,
12/07/2018,TGCR,2.28,2.1,2.28,2.28,2.32,415,,,,,,,,,,,
12/07/2018,BGCR,2.28,2.1,2.28,2.28,2.38,432,,,,,,,,,,,
12/07/2018,SOFR,2.3,2.1,2.28,2.36,2.42,912,,,,,,,,,,,
12/06/2018,EFFR,2.2,2.17,2.19,2.2,2.35,71,2,2.25,,,,,,,,,
12/06/2018,OBFR,2.19,2.08,2.18,2.2,2.35,140,,,,,,,,,,,
12/06/2018,TGCR,2.31,2.1,2.31,2.32,2.35,411,,,,,,,,,,,
12/06/2018,BGCR,2.31,2.1,2.31,2.32,2.55,447,,,,,,,,,,,
12/06/2018,SOFR,2.34,2.15,2.31,2.4,2.7,963,,,,,,,,,,,
12/05/2018,EFFR,2.2,2.17,2.19,2.2,2.35,66,2,2.25,,,,,,,,,
12/05/2018,OBFR,2.19,2.03,2.18,2.2,2.35,105,,,,,,,,,,,
12/04/2018,EFFR,2.2,2.17,2.19,2.2,2.35,78,2,2.25,,,,,,,,,
12/04/2018,OBFR,2.19,1.53,2.19,2.2,2.35,120,,,,,,,,,,,
12/04/2018,TGCR,2.23,2.2,2.23,2.23,2.4,421,,,,,,,,,,,
12/04/2018,BGCR,2.23,2.2,2.23,2.23,2.85,455,,,,,,,,,,,
12/04/2018,SOFR,2.27,2.21,2.23,2.32,2.85,892,,,,,,,,,,,
12/03/2018,EFFR,2.19,2.17,2.19,2.2,2.35,83,2,2.25,,,,,,,,,
12/03/2018,OBFR,2.19,2.08,2.18,2.2,2.35,149,,,,,,,,,,,
12/03/2018,TGCR,2.22,2.17,2.22,2.23,2.26,416,,,,,,,,,,,
12/03/2018,BGCR,2.22,2.18,2.22,2.23,2.31,435,,,,,,,,,,,
12/03/2018,SOFR,2.23,2.2,2.22,2.3,2.4,912,,,,,,,,,,,
11/30/2018,EFFR,2.2,2.17,2.19,2.2,2.35,75,2,2.25,,,,,,,,,
11/30/2018,OBFR,2.19,2.08,2.18,2.2,2.35,146,,,,,,,,,,,
11/30/2018,TGCR,2.27,2.16,2.27,2.28,2.31,407,,,,,,,,,,,
11/30/2018,BGCR,2.27,2.16,2.27,2.28,2.37,423,,,,,,,,,,,
11/30/2018,SOFR,2.28,2.23,2.27,2.36,2.42,919,,,,,,,,,,,
11/29/2018,EFFR,2.2,2.17,2.19,2.2,2.35,69,2,2.25,,,,,,,,,
11/29/2018,OBFR,2.19,2.08,2.18,2.2,2.35,134,,,,,,,,,,,
11/29/2018,TGCR,2.23,2.1,2.23,2.23,2.27,402,,,,,,,,,,,
11/29/2018,BGCR,2.23,2.12,2.23,2.23,2.34,427,,,,,,,,,,,
11/29/2018,SOFR,2.24,2.18,2.23,2.31,2.36,850,,,,,,,,,,,
11/28/2018,EFFR,2.2,2.16,2.19,2.2,2.35,65,2,2.25,,,,,,,,,
11/28/2018,OBFR,2.19,2.03,2.18,2.2,2.35,132,,,,,,,,,,,
11/28/2018,TGCR,2.19,2.13,2.18,2.19,2.23,410,,,,,,,,,,,
11/28/2018,BGCR,2.19,2.13,2.18,2.19,2.28,429,,,,,,,,,,,
11/28/2018,SOFR,2.19,2.16,2.19,2.26,2.32,850,,,,,,,,,,,
11/27/2018,EFFR,2.2,2.16,2.19,2.2,2.35,57,2,2.25,,,,,,,,,
11/27/2018,OBFR,2.19,2.08,2.18,2.2,2.35,132,,,,,,,,,,,
11/27/2018,TGCR,2.17,2.12,2.17,2.18,2.23,411,,,,,,,,,,,
11/27/2018,BGCR,2.17,2.12,2.17,2.18,2.28,434,,,,,,,,,,,
11/27/2018,SOFR,2.19,2.16,2.17,2.25,2.31,843,,,,,,,,,,,
11/26/2018,EFFR,2.2,2.16,2.19,2.2,2.35,62,2,2.25,,,,,,,,,
11/26/2018,OBFR,2.19,2.08,2.18,2.2,2.35,142,,,,,,,,,,,
11/26/2018,TGCR,2.18,2.13,2.18,2.19,2.23,410,,,,,,,,,,,
11/26/2018,BGCR,2.18,2.13,2.18,2.19,2.27,433,,,,,,,,,,,
11/26/2018,SOFR,2.2,2.16,2.18,2.26,2.32,862,,,,,,,,,,,
11/23/2018,EFFR,2.2,2.16,2.19,2.2,2.35,65,2,2.25,,,,,,,,,
11/23/2018,OBFR,2.19,2.1,2.18,2.2,2.35,129,,,,,,,,,,,
11/23/2018,TGCR,2.22,2.15,2.22,2.22,2.26,402,,,,,,,,,,,
11/23/2018,BGCR,2.22,2.15,2.22,2.23,2.32,414,,,,,,,,,,,
11/23/2018,SOFR,2.23,2.17,2.22,2.3,2.36,820,,,,,,,,,,,
11/21/2018,EFFR,2.2,2.17,2.19,2.2,2.35,59,2,2.25,,,,,,,,,
11/21/2018,OBFR,2.19,2.08,2.18,2.2,2.35,124,,,,,,,,,,,
11/21/2018,TGCR,2.17,2.13,2.17,2.17,2.22,401,,,,,,,,,,,
11/21/2018,BGCR,2.17,2.13,2.17,2.17,2.26,406,,,,,,,,,,,
11/21/2018,SOFR,2.18,2.15,2.17,2.24,2.31,819,,,,,,,,,,,
11/20/2018,EFFR,2.2,2.17,2.19,2.2,2.35,61,2,2.25,,,,,,,,,
11/20/2018,OBFR,2.19,1.85,2.18,2.2,2.35,140,,,,,,,,,,,
11/20/2018,TGCR,2.18,2.1,2.18,2.19,2.23,407,,,,,,,,,,,
11/20/2018,BGCR,2.18,2.1,2.18,2.19,2.27,427,,,,,,,,,,,
11/20/2018,SOFR,2.2,2.14,2.18,2.26,2.31,845,,,,,,,,,,,
11/19/2018,EFFR,2.2,2.17,2.19,2.2,2.35,67,2,2.25,,,,,,,,,
11/19/2018,OBFR,2.19,1.85,2.18,2.2,2.35,148,,,,,,,,,,,
11/19/2018,TGCR,2.22,2.15,2.22,2.22,2.26,413,,,,,,,,,,,
11/19/2018,BGCR,2.22,2.15,2.22,2.23,2.31,436,,,,,,,,,,,
11/19/2018,SOFR,2.24,2.17,2.22,2.29,2.36,863,,,,,,,,,,,
11/16/2018,EFFR,2.2,2.17,2.19,2.2,2.35,69,2,2.25,,,,,,,,,
11/16/2018,OBFR,2.19,1.85,2.18,2.2,2.35,137,,,,,,,,,,,
11/16/2018,TGCR,2.25,2.16,2.25,2.26,2.3,422,,,,,,,,,,,
11/16/2018,BGCR,2.25,2.17,2.25,2.26,2.34,442,,,,,,,,,,,
11/16/2018,SOFR,2.26,2.2,2.25,2.32,2.38,828,,,,,,,,,,,
11/15/2018,EFFR,2.2,2.18,2.19,2.2,2.35,60,2,2.25,,,,,,,,,
11/15/2018,OBFR,2.19,1.85,2.18,2.2,2.35,131,,,,,,,,,,,
11/15/2018,TGCR,2.26,2.12,2.25,2.26,2.3,413,,,,,,,,,,,
11/15/2018,BGCR,2.26,2.12,2.25,2.26,2.37,436,,,,,,,,,,,
11/15/2018,SOFR,2.28,2.2,2.26,2.34,2.39,846,,,,,,,,,,,
11/14/2018,EFFR,2.2,2.17,2.19,2.2,2.35,62,2,2.25,,,,,,,,,
11/14/2018,OBFR,2.19,2.05,2.18,2.2,2.35,138,,,,,,,,,,,
11/14/2018,TGCR,2.17,2.12,2.17,2.17,2.22,415,,,,,,,,,,,
11/14/2018,BGCR,2.17,2.12,2.17,2.17,2.29,440,,,,,,,,,,,
11/14/2018,SOFR,2.2,2.15,2.17,2.25,2.3,803,,,,,,,,,,,
11/13/2018,EFFR,2.2,2.17,2.19,2.2,2.35,60,2,2.25,,,,,,,,,
11/13/2018,OBFR,2.19,1.4,2.18,2.2,2.35,126,,,,,,,,,,,
11/13/2018,TGCR,2.17,2,2.17,2.17,2.22,405,,,,,,,,,,,
11/13/2018,BGCR,2.17,2,2.17,2.17,2.26,431,,,,,,,,,,,
11/13/2018,SOFR,2.2,2.13,2.17,2.25,2.3,817,,,,,,,,,,,
11/09/2018,EFFR,2.19,2.17,2.19,2.2,2.35,66,2,2.25,,,,,,,,,
11/09/2018,OBFR,2.19,2.07,2.18,2.2,2.35,137,,,,,,,,,,,
11/09/2018,TGCR,2.19,2.12,2.18,2.19,2.24,410,,,,,,,,,,,
11/09/2018,BGCR,2.19,2.12,2.18,2.19,2.28,436,,,,,,,,,,,
11/09/2018,SOFR,2.2,2.14,2.19,2.26,2.32,836,,,,,,,,,,,
11/08/2018,EFFR,2.2,2.15,2.19,2.2,2.35,64,2,2.25,,,,,,,,,
11/08/2018,OBFR,2.19,1.85,2.18,2.2,2.35,137,,,,,,,,,,,
11/08/2018,TGCR,2.2,2.06,2.2,2.2,2.25,413,,,,,,,,,,,
11/08/2018,BGCR,2.2,2.07,2.2,2.2,2.29,439,,,,,,,,,,,
11/08/2018,SOFR,2.21,2.16,2.2,2.27,2.33,819,,,,,,,,,,,
11/07/2018,EFFR,2.2,2.16,2.19,2.2,2.35,67,2,2.25,,,,,,,,,
11/07/2018,OBFR,2.19,2.05,2.18,2.2,2.35,150,,,,,,,,,,,
11/07/2018,TGCR,2.16,2.1,2.16,2.17,2.21,410,,,,,,,,,,,
11/07/2018,BGCR,2.16,2.1,2.16,2.17,2.24,424,,,,,,,,,,,
11/07/2018,SOFR,2.18,2.12,2.16,2.23,2.29,823,,,,,,,,,,,
11/06/2018,EFFR,2.2,2.16,2.19,2.2,2.35,71,2,2.25,,,,,,,,,
11/06/2018,OBFR,2.19,1.85,2.18,2.2,2.35,149,,,,,,,,,,,
11/06/2018,TGCR,2.22,2.1,2.21,2.22,2.25,420,,,,,,,,,,,
11/06/2018,BGCR,2.22,2.1,2.21,2.22,2.3,437,,,,,,,,,,,
11/06/2018,SOFR,2.22,2.1,2.22,2.28,2.34,802,,,,,,,,,,,
11/05/2018,EFFR,2.2,2.16,2.19,2.2,2.35,70,2,2.25,,,,,,,,,
11/05/2018,OBFR,2.19,1.85,2.18,2.2,2.35,148,,,,,,,,,,,
11/05/2018,TGCR,2.23,2.1,2.23,2.23,2.27,418,,,,,,,,,,,
11/05/2018,BGCR,2.23,2.1,2.23,2.23,2.33,436,,,,,,,,,,,
11/05/2018,SOFR,2.24,2.15,2.23,2.3,2.36,842,,,,,,,,,,,
11/02/2018,EFFR,2.19,2.17,2.19,2.2,2.35,74,2,2.25,,,,,,,,,
11/02/2018,OBFR,2.19,2.05,2.18,2.2,2.35,154,,,,,,,,,,,
11/02/2018,TGCR,2.24,2.15,2.24,2.24,2.29,416,,,,,,,,,,,
11/02/2018,BGCR,2.24,2.15,2.24,2.24,2.37,437,,,,,,,,,,,
11/02/2018,SOFR,2.25,2.2,2.24,2.32,2.38,853,,,,,,,,,,,
11/01/2018,EFFR,2.2,2.16,2.19,2.2,2.35,68,2,2.25,,,,,,,,,
11/01/2018,OBFR,2.19,1.85,2.18,2.2,2.35,140,,,,,,,,,,,
11/01/2018,TGCR,2.2,2.1,2.2,2.21,2.25,411,,,,,,,,,,,
11/01/2018,BGCR,2.2,2.1,2.2,2.21,2.47,434,,,,,,,,,,,
11/01/2018,SOFR,2.22,2.16,2.2,2.29,2.45,835,,,,,,,,,,,
10/31/2018,EFFR,2.2,2.15,2.19,2.2,2.35,58,2,2.25,,,,,,,,,
10/31/2018,OBFR,2.19,1.85,2.18,2.2,2.35,135,,,,,,,,,,,
10/31/2018,TGCR,2.19,2.08,2.19,2.2,2.25,403,,,,,,,,,,,
10/31/2018,BGCR,2.19,2.08,2.19,2.2,2.35,427,,,,,,,,,,,
10/31/2018,SOFR,2.22,2.15,2.19,2.28,2.35,849,,,,,,,,,,,
10/30/2018,EFFR,2.2,2.15,2.19,2.2,2.35,60,2,2.25,,,,,,,,,
10/30/2018,OBFR,2.19,2.05,2.18,2.2,2.35,137,,,,,,,,,,,
10/30/2018,TGCR,2.17,2.1,2.17,2.17,2.21,396,,,,,,,,,,,
10/30/2018,BGCR,2.17,2.1,2.17,2.17,2.25,412,,,,,,,,,,,
10/30/2018,SOFR,2.18,2.14,2.17,2.24,2.29,788,,,,,,,,,,,
10/29/2018,EFFR,2.2,2.17,2.19,2.2,2.35,59,2,2.25,,,,,,,,,
10/29/2018,OBFR,2.19,1.85,2.18,2.2,2.35,138,,,,,,,,,,,
10/29/2018,TGCR,2.17,2.07,2.17,2.17,2.22,393,,,,,,,,,,,
10/29/2018,BGCR,2.17,2.1,2.17,2.17,2.27,412,,,,,,,,,,,
10/29/2018,SOFR,2.18,2.12,2.17,2.24,2.3,806,,,,,,,,,,,
10/26/2018,EFFR,2.2,2.17,2.19,2.2,2.35,64,2,2.25,,,,,,,,,
10/26/2018,OBFR,2.19,1.95,2.18,2.2,2.35,140,,,,,,,,,,,
10/26/2018,TGCR,2.17,2.12,2.17,2.17,2.21,395,,,,,,,,,,,
10/26/2018,BGCR,2.17,2.12,2.17,2.17,2.27,413,,,,,,,,,,,
10/26/2018,SOFR,2.19,2.14,2.17,2.25,2.3,779,,,,,,,,,,,
10/25/2018,EFFR,2.2,2.17,2.18,2.2,2.35,67,2,2.25,,,,,,,,,
10/25/2018,OBFR,2.19,1.85,2.18,2.2,2.35,135,,,,,,,,,,,
10/25/2018,TGCR,2.17,2.1,2.17,2.17,2.22,395,,,,,,,,,,,
10/25/2018,BGCR,2.17,2.12,2.17,2.17,2.27,425,,,,,,,,,,,
10/25/2018,SOFR,2.19,2.14,2.17,2.25,2.3,822,,,,,,,,,,,
10/24/2018,EFFR,2.2,2.17,2.18,2.2,2.35,60,2,2.25,,,,,,,,,
10/24/2018,OBFR,2.18,2.05,2.17,2.2,2.35,137,,,,,,,,,,,
10/24/2018,TGCR,2.16,2.1,2.16,2.17,2.21,399,,,,,,,,,,,
10/24/2018,BGCR,2.16,2.1,2.16,2.17,2.26,420,,,,,,,,,,,
10/24/2018,SOFR,2.18,2.12,2.16,2.24,2.29,828,,,,,,,,,,,
10/23/2018,EFFR,2.2,2.17,2.18,2.2,2.35,58,2,2.25,,,,,,,,,
10/23/2018,OBFR,2.18,1.85,2.18,2.2,2.35,132,,,,,,,,,,,
10/23/2018,TGCR,2.15,2.1,2.15,2.15,2.2,392,,,,,,,,,,,
10/23/2018,BGCR,2.15,2.1,2.15,2.15,2.24,408,,,,,,,,,,,
10/23/2018,SOFR,2.17,2.13,2.15,2.23,2.28,779,,,,,,,,,,,
10/22/2018,EFFR,2.19,2.17,2.18,2.19,2.35,54,2,2.25,,,,,,,,,
10/22/2018,OBFR,2.18,1.85,2.17,2.19,2.35,127,,,,,,,,,,,
10/22/2018,TGCR,2.17,2.06,2.17,2.17,2.21,393,,,,,,,,,,,
10/22/2018,BGCR,2.17,2.06,2.17,2.17,2.26,408,,,,,,,,,,,
10/22/2018,SOFR,2.18,2.13,2.17,2.24,2.29,791,,,,,,,,,,,
10/19/2018,EFFR,2.19,2.15,2.18,2.19,2.35,58,2,2.25,,,,,,,,,
10/19/2018,OBFR,2.18,1.8,2.17,2.19,2.35,121,,,,,,,,,,,
10/19/2018,TGCR,2.17,2.12,2.17,2.17,2.22,398,,,,,,,,,,,
10/19/2018,BGCR,2.17,2.12,2.17,2.17,2.27,413,,,,,,,,,,,
10/19/2018,SOFR,2.19,2.15,2.17,2.25,2.3,785,,,,,,,,,,,
10/18/2018,EFFR,2.19,2.15,2.18,2.19,2.35,54,2,2.25,,,,,,,,,
10/18/2018,OBFR,2.18,1.8,2.17,2.19,2.34,123,,,,,,,,,,,
10/18/2018,TGCR,2.18,2.11,2.18,2.18,2.23,399,,,,,,,,,,,
10/18/2018,BGCR,2.18,2.12,2.18,2.18,2.27,415,,,,,,,,,,,
10/18/2018,SOFR,2.19,2.15,2.18,2.26,2.3,810,,,,,,,,,,,
10/17/2018,EFFR,2.19,2.17,2.18,2.19,2.35,54,2,2.25,,,,,,,,,
10/17/2018,OBFR,2.18,1.85,2.17,2.19,2.35,125,,,,,,,,,,,
10/17/2018,TGCR,2.17,2.1,2.17,2.17,2.22,404,,,,,,,,,,,
10/17/2018,BGCR,2.17,2.11,2.17,2.17,2.28,417,,,,,,,,,,,
10/17/2018,SOFR,2.18,2.14,2.17,2.25,2.29,771,,,,,,,,,,,
10/16/2018,EFFR,2.18,2.16,2.17,2.19,2.35,59,2,2.25,,,,,,,,,
10/16/2018,OBFR,2.18,1.85,2.17,2.19,2.35,120,,,,,,,,,,,
10/16/2018,TGCR,2.17,2.05,2.17,2.18,2.22,411,,,,,,,,,,,
10/16/2018,BGCR,2.17,2.05,2.17,2.18,2.27,424,,,,,,,,,,,
10/16/2018,SOFR,2.18,2.13,2.17,2.25,2.29,816,,,,,,,,,,,
10/15/2018,EFFR,2.18,2.16,2.17,2.19,2.35,58,2,2.25,,,,,,,,,
10/15/2018,OBFR,2.18,1.8,2.17,2.19,2.35,119,,,,,,,,,,,
10/15/2018,TGCR,2.19,2,2.19,2.2,2.24,408,,,,,,,,,,,
10/15/2018,BGCR,2.19,2,2.19,2.2,2.29,423,,,,,,,,,,,
10/15/2018,SOFR,2.21,2.15,2.19,2.27,2.31,837,,,,,,,,,,,
10/12/2018,EFFR,2.18,2.16,2.17,2.19,2.35,69,2,2.25,,,,,,,,,
10/12/2018,OBFR,2.18,1.85,2.17,2.18,2.35,129,,,,,,,,,,,
10/12/2018,TGCR,2.16,2.11,2.16,2.16,2.22,409,,,,,,,,,,,
10/12/2018,BGCR,2.16,2.11,2.16,2.16,2.27,435,,,,,,,,,,,
10/12/2018,SOFR,2.18,2.14,2.16,2.25,2.28,852,,,,,,,,,,,
10/11/2018,EFFR,2.18,2.16,2.17,2.19,2.35,66,2,2.25,,,,,,,,,
10/11/2018,OBFR,2.18,1.85,2.17,2.19,2.35,135,,,,,,,,,,,
10/11/2018,TGCR,2.16,1.95,2.15,2.16,2.21,411,,,,,,,,,,,
10/11/2018,BGCR,2.16,1.95,2.15,2.16,2.27,430,,,,,,,,,,,
10/11/2018,SOFR,2.17,2.11,2.16,2.24,2.28,838,,,,,,,,,,,
10/10/2018,EFFR,2.18,2.16,2.17,2.19,2.35,64,2,2.25,,,,,,,,,
10/10/2018,OBFR,2.18,1.85,2.17,2.19,2.27,133,,,,,,,,,,,
10/10/2018,TGCR,2.14,2.05,2.14,2.14,2.2,409,,,,,,,,,,,
10/10/2018,BGCR,2.14,2.05,2.14,2.14,2.27,431,,,,,,,,,,,
10/10/2018,SOFR,2.15,2.11,2.14,2.22,2.27,839,,,,,,,,,,,
10/09/2018,EFFR,2.18,2.16,2.17,2.19,2.35,57,2,2.25,,,,,,,,,
10/09/2018,OBFR,2.18,1.4,2.16,2.18,2.35,127,,,,,,,,,,,
10/09/2018,TGCR,2.13,2,2.13,2.13,2.18,415,,,,,,,,,,,
10/09/2018,BGCR,2.13,2,2.13,2.13,2.27,434,,,,,,,,,,,
10/09/2018,SOFR,2.15,2.1,2.13,2.21,2.27,855,,,,,,,,,,,
10/05/2018,EFFR,2.18,2.16,2.17,2.19,2.35,64,2,2.25,,,,,,,,,
10/05/2018,OBFR,2.18,1.85,2.16,2.19,2.35,123,,,,,,,,,,,
10/05/2018,TGCR,2.14,2.1,2.14,2.14,2.2,413,,,,,,,,,,,
10/05/2018,BGCR,2.14,2.1,2.14,2.14,2.24,429,,,,,,,,,,,
10/05/2018,SOFR,2.16,2.12,2.14,2.22,2.27,873,,,,,,,,,,,
10/04/2018,EFFR,2.18,2.15,2.17,2.19,2.35,73,2,2.25,,,,,,,,,
10/04/2018,OBFR,2.18,1.85,2.16,2.18,2.32,132,,,,,,,,,,,
10/04/2018,TGCR,2.17,2.11,2.16,2.17,2.21,405,,,,,,,,,,,
10/04/2018,BGCR,2.17,2.11,2.17,2.17,2.25,420,,,,,,,,,,,
10/04/2018,SOFR,2.18,2.14,2.17,2.24,2.28,816,,,,,,,,,,,
10/03/2018,EFFR,2.18,2.16,2.17,2.19,2.35,67,2,2.25,,,,,,,,,
10/03/2018,OBFR,2.17,1.85,2.16,2.19,2.31,133,,,,,,,,,,,
10/03/2018,TGCR,2.18,2.11,2.18,2.18,2.23,413,,,,,,,,,,,
10/03/2018,BGCR,2.18,2.13,2.18,2.18,2.28,427,,,,,,,,,,,
10/03/2018,SOFR,2.2,2.14,2.18,2.26,2.3,855,,,,,,,,,,,
10/02/2018,EFFR,2.18,2.16,2.17,2.18,2.35,62,2,2.25,,,,,,,,,
10/02/2018,OBFR,2.17,1.85,2.16,2.18,2.35,133,,,,,,,,,,,
10/02/2018,TGCR,2.18,2.1,2.18,2.19,2.23,400,,,,,,,,,,,
10/02/2018,BGCR,2.18,2.1,2.18,2.19,2.29,419,,,,,,,,,,,
10/02/2018,SOFR,2.2,2.15,2.19,2.27,2.3,861,,,,,,,,,,,
10/01/2018,EFFR,2.18,2.15,2.17,2.18,2.35,55,2,2.25,,,,,,,,,
10/01/2018,OBFR,2.17,1.85,2.16,2.18,2.35,131,,,,,,,,,,,
10/01/2018,TGCR,2.2,2.05,2.19,2.2,2.24,395,,,,,,,,,,,
10/01/2018,BGCR,2.2,2.05,2.19,2.2,2.3,416,,,,,,,,,,,
10/01/2018,SOFR,2.22,2.15,2.2,2.28,2.33,917,,,,,,,,,,,
09/28/2018,EFFR,2.18,2.13,2.17,2.18,2.35,70,2,2.25,,,,,,,,,
09/28/2018,OBFR,2.17,1.85,2.16,2.18,2.35,145,,,,,,,,,,,
09/28/2018,TGCR,2.24,2,2.23,2.24,2.26,354,,,,,,,,,,,
09/28/2018,BGCR,2.24,2,2.23,2.25,2.35,372,,,,,,,,,,,
09/28/2018,SOFR,2.25,2.1,2.24,2.33,2.4,807,,,,,,,,,,,
09/27/2018,EFFR,2.18,1.93,2.17,2.18,2.35,76,2,2.25,,,,,,,,,
09/27/2018,OBFR,2.17,1.85,2.16,2.18,2.3,144,,,,,,,,,,,
09/27/2018,TGCR,2.15,2.01,2.14,2.15,2.18,388,,,,,,,,,,,
09/27/2018,BGCR,2.15,2.01,2.14,2.15,2.24,402,,,,,,,,,,,
09/27/2018,SOFR,2.16,2.1,2.15,2.22,2.26,825,,,,,,,,,,,
09/26/2018,EFFR,1.93,1.9,1.92,1.93,2.06,71,1.75,2,,,,,,,,,
09/26/2018,OBFR,1.92,1.6,1.91,1.93,2.05,144,,,,,,,,,,,
09/26/2018,TGCR,1.91,1.8,1.91,1.91,1.95,398,,,,,,,,,,,
09/26/2018,BGCR,1.91,1.8,1.91,1.91,2,415,,,,,,,,,,,
09/26/2018,SOFR,1.92,1.85,1.91,1.98,2.01,828,,,,,,,,,,,
09/25/2018,EFFR,1.93,1.9,1.92,1.93,2.1,67,1.75,2,,,,,,,,,
09/25/2018,OBFR,1.92,1.6,1.91,1.93,2.05,150,,,,,,,,,,,
09/25/2018,TGCR,1.91,1.83,1.91,1.91,1.95,391,,,,,,,,,,,
09/25/2018,BGCR,1.91,1.83,1.91,1.91,2,408,,,,,,,,,,,
09/25/2018,SOFR,1.93,1.85,1.91,1.98,2.02,814,,,,,,,,,,,
09/24/2018,EFFR,1.93,1.9,1.92,1.93,2.07,68,1.75,2,,,,,,,,,
09/24/2018,OBFR,1.92,1.7,1.91,1.93,2.06,142,,,,,,,,,,,
09/24/2018,TGCR,1.94,1.88,1.94,1.94,1.97,392,,,,,,,,,,,
09/24/2018,BGCR,1.94,1.83,1.94,1.94,2.04,404,,,,,,,,,,,
09/24/2018,SOFR,1.95,1.88,1.94,2.01,2.05,799,,,,,,,,,,,
09/21/2018,EFFR,1.92,1.89,1.92,1.93,2.1,69,1.75,2,,,,,,,,,
09/21/2018,OBFR,1.92,1.6,1.91,1.93,2.06,138,,,,,,,,,,,
09/21/2018,TGCR,1.9,1.84,1.9,1.9,1.95,406,,,,,,,,,,,
09/21/2018,BGCR,1.9,1.84,1.9,1.9,1.99,417,,,,,,,,,,,
09/21/2018,SOFR,1.92,1.87,1.9,1.97,2.01,781,,,,,,,,,,,
09/20/2018,EFFR,1.92,1.9,1.91,1.93,2.1,69,1.75,2,,,,,,,,,
09/20/2018,OBFR,1.92,1.6,1.91,1.93,2.06,137,,,,,,,,,,,
09/20/2018,TGCR,1.9,1.8,1.9,1.91,1.95,403,,,,,,,,,,,
09/20/2018,BGCR,1.9,1.8,1.9,1.91,1.99,415,,,,,,,,,,,
09/20/2018,SOFR,1.92,1.85,1.9,1.98,2.01,808,,,,,,,,,,,
09/19/2018,EFFR,1.92,1.9,1.91,1.93,2.1,60,1.75,2,,,,,,,,,
09/19/2018,OBFR,1.92,1.72,1.91,1.93,2.06,133,,,,,,,,,,,
09/19/2018,TGCR,1.9,1.84,1.9,1.9,1.94,415,,,,,,,,,,,
09/19/2018,BGCR,1.9,1.84,1.9,1.9,2,430,,,,,,,,,,,
09/19/2018,SOFR,1.92,1.87,1.9,1.97,2.01,794,,,,,,,,,,,
09/18/2018,EFFR,1.92,1.9,1.91,1.93,2.1,54,1.75,2,,,,,,,,,
09/18/2018,OBFR,1.91,1.6,1.91,1.93,2.06,125,,,,,,,,,,,
09/18/2018,TGCR,1.91,1.83,1.91,1.92,1.95,412,,,,,,,,,,,
09/18/2018,BGCR,1.91,1.83,1.91,1.92,2,424,,,,,,,,,,,
09/18/2018,SOFR,1.94,1.86,1.91,1.99,2.02,819,,,,,,,,,,,
09/17/2018,EFFR,1.92,1.9,1.91,1.93,2.09,62,1.75,2,,,,,,,,,
09/17/2018,OBFR,1.91,1.6,1.91,1.93,2.06,118,,,,,,,,,,,
09/17/2018,TGCR,1.97,1.86,1.97,1.97,2,391,,,,,,,,,,,
09/17/2018,BGCR,1.97,1.86,1.97,1.97,2.07,410,,,,,,,,,,,
09/17/2018,SOFR,2,1.9,1.97,2.05,2.1,789,,,,,,,,,,,
09/14/2018,EFFR,1.92,1.9,1.91,1.92,2.06,68,1.75,2,,,,,,,,,
09/14/2018,OBFR,1.91,1.6,1.9,1.92,2.06,132,,,,,,,,,,,
09/14/2018,TGCR,1.91,1.85,1.91,1.92,1.95,398,,,,,,,,,,,
09/14/2018,BGCR,1.91,1.85,1.91,1.92,2.07,431,,,,,,,,,,,
09/14/2018,SOFR,1.95,1.88,1.91,1.99,2.07,798,,,,,,,,,,,
09/13/2018,EFFR,1.92,1.9,1.91,1.92,2.06,76,1.75,2,,,,,,,,,
09/13/2018,OBFR,1.91,1.8,1.91,1.92,2.03,140,,,,,,,,,,,
09/13/2018,TGCR,1.91,1.85,1.91,1.91,1.95,417,,,,,,,,,,,
09/13/2018,BGCR,1.91,1.85,1.91,1.92,2,440,,,,,,,,,,,
09/13/2018,SOFR,1.94,1.87,1.91,1.99,2.02,810,,,,,,,,,,,
09/12/2018,EFFR,1.92,1.9,1.91,1.93,2.06,75,1.75,2,,,,,,,,,
09/12/2018,OBFR,1.92,1.6,1.91,1.93,2.03,146,,,,,,,,,,,
09/12/2018,TGCR,1.92,1.8,1.92,1.92,1.96,419,,,,,,,,,,,
09/12/2018,BGCR,1.92,1.8,1.92,1.92,2.03,434,,,,,,,,,,,
09/12/2018,SOFR,1.94,1.85,1.92,1.99,2.03,810,,,,,,,,,,,
09/11/2018,EFFR,1.92,1.89,1.91,1.93,2.06,75,1.75,2,,,,,,,,,
09/11/2018,OBFR,1.91,1.6,1.9,1.93,2.03,147,,,,,,,,,,,
09/11/2018,TGCR,1.92,1.85,1.92,1.92,1.96,416,,,,,,,,,,,
09/11/2018,BGCR,1.92,1.85,1.92,1.92,2.02,431,,,,,,,,,,,
09/11/2018,SOFR,1.94,1.85,1.92,1.99,2.04,802,,,,,,,,,,,
09/10/2018,EFFR,1.92,1.9,1.91,1.93,2.06,74,1.75,2,,,,,,,,,
09/10/2018,OBFR,1.91,1.6,1.91,1.93,2.02,139,,,,,,,,,,,
09/10/2018,TGCR,1.92,1.85,1.91,1.92,1.96,419,,,,,,,,,,,
09/10/2018,BGCR,1.92,1.85,1.91,1.92,2.02,432,,,,,,,,,,,
09/10/2018,SOFR,1.94,1.86,1.92,1.99,2.03,816,,,,,,,,,,,
09/07/2018,EFFR,1.92,1.9,1.91,1.92,2.06,78,1.75,2,,,,,,,,,
09/07/2018,OBFR,1.91,1.6,1.9,1.92,2.02,144,,,,,,,,,,,
09/07/2018,TGCR,1.91,1.85,1.91,1.91,1.96,411,,,,,,,,,,,
09/07/2018,BGCR,1.91,1.85,1.91,1.91,2.04,428,,,,,,,,,,,
09/07/2018,SOFR,1.94,1.88,1.91,1.99,2.04,802,,,,,,,,,,,
09/06/2018,EFFR,1.92,1.9,1.91,1.93,2.06,76,1.75,2,,,,,,,,,
09/06/2018,OBFR,1.91,1.6,1.91,1.93,2.03,142,,,,,,,,,,,
09/06/2018,TGCR,1.91,1.85,1.91,1.91,1.96,414,,,,,,,,,,,
09/06/2018,BGCR,1.91,1.85,1.91,1.91,2.03,432,,,,,,,,,,,
09/06/2018,SOFR,1.94,1.88,1.91,1.99,2.04,799,,,,,,,,,,,
09/05/2018,EFFR,1.92,1.9,1.91,1.93,2.06,78,1.75,2,,,,,,,,,
09/05/2018,OBFR,1.91,1.8,1.91,1.92,2.02,147,,,,,,,,,,,
09/05/2018,TGCR,1.93,1.84,1.92,1.93,1.96,414,,,,,,,,,,,
09/05/2018,BGCR,1.93,1.84,1.92,1.93,2.02,429,,,,,,,,,,,
09/05/2018,SOFR,1.95,1.88,1.93,2,2.04,798,,,,,,,,,,,
09/04/2018,EFFR,1.92,1.9,1.91,1.93,2.06,73,1.75,2,,,,,,,,,
09/04/2018,OBFR,1.91,1.6,1.91,1.93,2.02,137,,,,,,,,,,,
09/04/2018,TGCR,1.93,1.85,1.92,1.93,1.96,412,,,,,,,,,,,
09/04/2018,BGCR,1.93,1.85,1.92,1.93,2.04,427,,,,,,,,,,,
09/04/2018,SOFR,1.95,1.88,1.93,2.01,2.05,833,,,,,,,,,,,
08/31/2018,EFFR,1.91,1.88,1.91,1.93,2.06,78,1.75,2,,,,,,,,,
08/31/2018,OBFR,1.91,1.6,1.9,1.92,2.03,146,,,,,,,,,,,
08/31/2018,TGCR,1.95,1.85,1.95,1.95,1.99,410,,,,,,,,,,,
08/31/2018,BGCR,1.95,1.85,1.95,1.95,2.05,428,,,,,,,,,,,
08/31/2018,SOFR,1.97,1.9,1.95,2.03,2.08,804,,,,,,,,,,,
08/30/2018,EFFR,1.92,1.9,1.91,1.93,2.06,69,1.75,2,,,,,,,,,
08/30/2018,OBFR,1.91,1.6,1.91,1.93,2.05,137,,,,,,,,,,,
08/30/2018,TGCR,1.92,1.82,1.92,1.93,1.96,403,,,,,,,,,,,
08/30/2018,BGCR,1.92,1.82,1.92,1.93,2.02,416,,,,,,,,,,,
08/30/2018,SOFR,1.93,1.86,1.92,2,2.05,795,,,,,,,,,,,
08/29/2018,EFFR,1.92,1.9,1.91,1.93,2,65,1.75,2,,,,,,,,,
08/29/2018,OBFR,1.91,1.6,1.91,1.93,2.02,133,,,,,,,,,,,
08/29/2018,TGCR,1.92,1.85,1.92,1.93,1.96,407,,,,,,,,,,,
08/29/2018,BGCR,1.92,1.85,1.92,1.93,2.01,422,,,,,,,,,,,
08/29/2018,SOFR,1.93,1.86,1.92,1.99,2.03,797,,,,,,,,,,,
08/28/2018,EFFR,1.92,1.9,1.91,1.93,2.06,64,1.75,2,,,,,,,,,
08/28/2018,OBFR,1.91,1.6,1.9,1.93,2.02,137,,,,,,,,,,,
08/28/2018,TGCR,1.94,1.84,1.94,1.95,1.98,410,,,,,,,,,,,
08/28/2018,BGCR,1.94,1.84,1.94,1.95,2.05,434,,,,,,,,,,,
08/28/2018,SOFR,1.95,1.87,1.94,2.02,2.06,805,,,,,,,,,,,
08/27/2018,EFFR,1.92,1.9,1.91,1.93,2.06,69,1.75,2,,,,,,,,,
08/27/2018,OBFR,1.91,1.6,1.9,1.93,2.03,133,,,,,,,,,,,
08/27/2018,TGCR,1.94,1.84,1.94,1.95,1.98,414,,,,,,,,,,,
08/27/2018,BGCR,1.94,1.84,1.94,1.95,2.05,441,,,,,,,,,,,
08/27/2018,SOFR,1.95,1.89,1.94,2.02,2.07,814,,,,,,,,,,,
08/24/2018,EFFR,1.92,1.9,1.91,1.93,2.06,71,1.75,2,,,,,,,,,
08/24/2018,OBFR,1.91,1.6,1.9,1.93,2.02,131,,,,,,,,,,,
08/24/2018,TGCR,1.94,1.84,1.94,1.94,1.97,407,,,,,,,,,,,
08/24/2018,BGCR,1.94,1.84,1.94,1.94,2.04,427,,,,,,,,,,,
08/24/2018,SOFR,1.95,1.89,1.94,2.01,2.05,773,,,,,,,,,,,
08/23/2018,EFFR,1.92,1.89,1.91,1.93,2.06,68,1.75,2,,,,,,,,,
08/23/2018,OBFR,1.91,1.6,1.9,1.93,2.03,135,,,,,,,,,,,
08/23/2018,TGCR,1.92,1.85,1.92,1.93,1.96,403,,,,,,,,,,,
08/23/2018,BGCR,1.92,1.85,1.92,1.93,2.05,420,,,,,,,,,,,
08/23/2018,SOFR,1.94,1.87,1.92,2,2.05,773,,,,,,,,,,,
08/22/2018,EFFR,1.92,1.9,1.91,1.93,2.06,64,1.75,2,,,,,,,,,
08/22/2018,OBFR,1.91,1.6,1.9,1.93,2.02,138,,,,,,,,,,,
08/22/2018,TGCR,1.89,1.84,1.89,1.89,1.93,404,,,,,,,,,,,
08/22/2018,BGCR,1.89,1.84,1.89,1.89,2.01,417,,,,,,,,,,,
08/22/2018,SOFR,1.9,1.85,1.89,1.96,2.03,787,,,,,,,,,,,
08/21/2018,EFFR,1.92,1.9,1.91,1.93,2.06,59,1.75,2,,,,,,,,,
08/21/2018,OBFR,1.91,1.6,1.9,1.93,2.02,130,,,,,,,,,,,
08/21/2018,TGCR,1.88,1.82,1.88,1.89,1.92,403,,,,,,,,,,,
08/21/2018,BGCR,1.88,1.82,1.88,1.89,1.98,415,,,,,,,,,,,
08/21/2018,SOFR,1.9,1.85,1.88,1.95,2,772,,,,,,,,,,,
08/20/2018,EFFR,1.92,1.9,1.91,1.93,2.1,56,1.75,2,,,,,,,,,
08/20/2018,OBFR,1.91,1.6,1.9,1.92,2.06,126,,,,,,,,,,,
08/20/2018,TGCR,1.89,1.84,1.88,1.89,1.93,398,,,,,,,,,,,
08/20/2018,BGCR,1.89,1.84,1.88,1.89,1.98,413,,,,,,,,,,,
08/20/2018,SOFR,1.9,1.85,1.89,1.95,1.99,778,,,,,,,,,,,
08/17/2018,EFFR,1.92,1.9,1.91,1.93,2.07,55,1.75,2,,,,,,,,,
08/17/2018,OBFR,1.91,1.6,1.9,1.93,2.02,127,,,,,,,,,,,
08/17/2018,TGCR,1.9,1.85,1.89,1.9,1.93,397,,,,,,,,,,,
08/17/2018,BGCR,1.9,1.85,1.89,1.9,1.97,413,,,,,,,,,,,
08/17/2018,SOFR,1.9,1.86,1.9,1.96,2.01,799,,,,,,,,,,,
08/16/2018,EFFR,1.92,1.9,1.91,1.93,2.07,64,1.75,2,,,,,,,,,
08/16/2018,OBFR,1.91,1.75,1.9,1.93,2.02,134,,,,,,,,,,,
08/16/2018,TGCR,1.98,1.86,1.97,1.98,2.01,406,,,,,,,,,,,
08/16/2018,BGCR,1.98,1.86,1.98,1.98,2.08,417,,,,,,,,,,,
08/16/2018,SOFR,1.99,1.91,1.98,2.05,2.09,782,,,,,,,,,,,
08/15/2018,EFFR,1.91,1.9,1.91,1.92,2,66,1.75,2,,,,,,,,,
08/15/2018,OBFR,1.91,1.6,1.9,1.92,2.02,141,,,,,,,,,,,
08/15/2018,TGCR,1.97,1.85,1.96,1.97,2,399,,,,,,,,,,,
08/15/2018,BGCR,1.97,1.85,1.97,1.97,2.1,417,,,,,,,,,,,
08/15/2018,SOFR,1.98,1.9,1.97,2.04,2.1,807,,,,,,,,,,,
08/14/2018,EFFR,1.91,1.89,1.91,1.92,2.06,68,1.75,2,,,,,,,,,
08/14/2018,OBFR,1.91,1.6,1.9,1.92,2.02,135,,,,,,,,,,,
08/14/2018,TGCR,1.91,1.85,1.9,1.91,1.94,382,,,,,,,,,,,
08/14/2018,BGCR,1.91,1.85,1.9,1.91,2.06,398,,,,,,,,,,,
08/14/2018,SOFR,1.93,1.87,1.91,1.98,2.06,729,,,,,,,,,,,
08/13/2018,EFFR,1.91,1.9,1.91,1.92,2.06,73,1.75,2,,,,,,,,,
08/13/2018,OBFR,1.91,1.6,1.9,1.92,2.02,151,,,,,,,,,,,
08/13/2018,TGCR,1.89,1.85,1.89,1.89,1.93,382,,,,,,,,,,,
08/13/2018,BGCR,1.89,1.85,1.89,1.89,2.02,396,,,,,,,,,,,
08/13/2018,SOFR,1.91,1.85,1.89,1.96,2.04,733,,,,,,,,,,,
08/10/2018,EFFR,1.91,1.9,1.91,1.91,2.06,82,1.75,2,,,,,,,,,
08/10/2018,OBFR,1.91,1.75,1.9,1.91,2.02,166,,,,,,,,,,,
08/10/2018,TGCR,1.87,1.83,1.87,1.88,1.93,380,,,,,,,,,,,
08/10/2018,BGCR,1.87,1.83,1.87,1.88,2.05,399,,,,,,,,,,,
08/10/2018,SOFR,1.9,1.85,1.87,1.95,2.05,735,,,,,,,,,,,
08/09/2018,EFFR,1.91,1.9,1.91,1.92,2.06,73,1.75,2,,,,,,,,,
08/09/2018,OBFR,1.91,1.6,1.9,1.92,2.02,155,,,,,,,,,,,
08/09/2018,TGCR,1.9,1.84,1.9,1.9,1.94,384,,,,,,,,,,,
08/09/2018,BGCR,1.9,1.84,1.9,1.9,2,402,,,,,,,,,,,
08/09/2018,SOFR,1.91,1.85,1.9,1.97,2.01,761,,,,,,,,,,,
08/08/2018,EFFR,1.91,1.9,1.91,1.92,2,70,1.75,2,,,,,,,,,
08/08/2018,OBFR,1.91,1.75,1.9,1.91,2.02,161,,,,,,,,,,,
08/08/2018,TGCR,1.87,1.82,1.87,1.87,1.93,378,,,,,,,,,,,
08/08/2018,BGCR,1.87,1.82,1.87,1.88,1.97,391,,,,,,,,,,,
08/08/2018,SOFR,1.88,1.84,1.87,1.94,1.98,738,,,,,,,,,,,
08/07/2018,EFFR,1.91,1.9,1.91,1.92,2.06,68,1.75,2,,,,,,,,,
08/07/2018,OBFR,1.91,1.6,1.9,1.91,2.02,160,,,,,,,,,,,
08/07/2018,TGCR,1.86,1.81,1.86,1.87,1.92,373,,,,,,,,,,,
08/07/2018,BGCR,1.86,1.82,1.86,1.87,1.97,387,,,,,,,,,,,
08/07/2018,SOFR,1.87,1.84,1.86,1.93,1.97,732,,,,,,,,,,,
08/06/2018,EFFR,1.91,1.9,1.91,1.92,2.01,76,1.75,2,,,,,,,,,
08/06/2018,OBFR,1.91,1.6,1.9,1.91,2.02,167,,,,,,,,,,,
08/06/2018,TGCR,1.84,1.8,1.84,1.84,1.9,384,,,,,,,,,,,
08/06/2018,BGCR,1.84,1.8,1.84,1.84,1.96,399,,,,,,,,,,,
08/06/2018,SOFR,1.86,1.82,1.84,1.92,2,763,,,,,,,,,,,
08/03/2018,EFFR,1.91,1.9,1.9,1.91,2.06,83,1.75,2,,,,,,,,,
08/03/2018,OBFR,1.9,1.6,1.9,1.91,2.02,164,,,,,,,,,,,
08/03/2018,TGCR,1.83,1.8,1.83,1.83,1.93,384,,,,,,,,,,,
08/03/2018,BGCR,1.83,1.8,1.83,1.84,2,403,,,,,,,,,,,
08/03/2018,SOFR,1.86,1.81,1.83,1.91,2.02,763,,,,,,,,,,,
08/02/2018,EFFR,1.91,1.9,1.9,1.92,2.06,80,1.75,2,,,,,,,,,
08/02/2018,OBFR,1.91,1.79,1.9,1.91,2.05,161,,,,,,,,,,,
08/02/2018,TGCR,1.9,1.8,1.9,1.9,1.94,381,,,,,,,,,,,
08/02/2018,BGCR,1.9,1.8,1.9,1.9,2,392,,,,,,,,,,,
08/02/2018,SOFR,1.91,1.84,1.9,1.96,2.01,781,,,,,,,,,,,
08/01/2018,EFFR,1.91,1.9,1.9,1.91,2.06,77,1.75,2,,,,,,,,,
08/01/2018,OBFR,1.9,1.75,1.9,1.91,2.02,159,,,,,,,,,,,
08/01/2018,TGCR,1.86,1.81,1.85,1.86,1.91,384,,,,,,,,,,,
08/01/2018,BGCR,1.86,1.81,1.85,1.86,1.97,396,,,,,,,,,,,
08/01/2018,SOFR,1.88,1.83,1.86,1.93,2,786,,,,,,,,,,,
07/31/2018,EFFR,1.91,1.89,1.9,1.91,2.06,67,1.75,2,,,,,,,,,
07/31/2018,OBFR,1.9,1.6,1.9,1.91,2.02,151,,,,,,,,,,,
07/31/2018,TGCR,1.91,1.82,1.91,1.91,1.95,386,,,,,,,,,,,
07/31/2018,BGCR,1.91,1.82,1.91,1.92,2,400,,,,,,,,,,,
07/31/2018,SOFR,1.93,1.85,1.91,1.98,2.03,799,,,,,,,,,,,
07/30/2018,EFFR,1.91,1.9,1.91,1.91,2.06,74,1.75,2,,,,,,,,,
07/30/2018,OBFR,1.91,1.6,1.9,1.91,2.02,161,,,,,,,,,,,
07/30/2018,TGCR,1.86,1.8,1.86,1.87,1.91,380,,,,,,,,,,,
07/30/2018,BGCR,1.86,1.8,1.86,1.87,1.95,391,,,,,,,,,,,
07/30/2018,SOFR,1.88,1.82,1.86,1.93,1.97,768,,,,,,,,,,,
07/27/2018,EFFR,1.91,1.9,1.9,1.92,2.06,79,1.75,2,,,,,,,,,
07/27/2018,OBFR,1.91,1.8,1.9,1.91,2.02,162,,,,,,,,,,,
07/27/2018,TGCR,1.87,1.8,1.87,1.87,1.91,378,,,,,,,,,,,
07/27/2018,BGCR,1.87,1.8,1.87,1.87,1.96,393,,,,,,,,,,,
07/27/2018,SOFR,1.88,1.83,1.87,1.94,1.98,774,,,,,,,,,,,
07/26/2018,EFFR,1.91,1.9,1.91,1.92,2.06,74,1.75,2,,,,,,,,,
07/26/2018,OBFR,1.91,1.74,1.9,1.91,2.02,157,,,,,,,,,,,
07/26/2018,TGCR,1.89,1.83,1.89,1.9,1.93,376,,,,,,,,,,,
07/26/2018,BGCR,1.89,1.83,1.89,1.9,1.99,387,,,,,,,,,,,
07/26/2018,SOFR,1.9,1.85,1.89,1.96,2,784,,,,,,,,,,,
07/25/2018,EFFR,1.91,1.9,1.91,1.92,2.06,77,1.75,2,,,,,,,,,
07/25/2018,OBFR,1.91,1.8,1.9,1.91,2.02,164,,,,,,,,,,,
07/25/2018,TGCR,1.86,1.82,1.86,1.86,1.91,388,,,,,,,,,,,
07/25/2018,BGCR,1.86,1.82,1.86,1.86,1.97,404,,,,,,,,,,,
07/25/2018,SOFR,1.87,1.83,1.86,1.93,1.98,753,,,,,,,,,,,
07/24/2018,EFFR,1.91,1.9,1.91,1.92,2.06,74,1.75,2,,,,,,,,,
07/24/2018,OBFR,1.91,0.85,1.9,1.91,2.02,164,,,,,,,,,,,
07/24/2018,TGCR,1.89,1.81,1.89,1.9,1.92,371,,,,,,,,,,,
07/24/2018,BGCR,1.89,1.79,1.89,1.9,1.99,382,,,,,,,,,,,
07/24/2018,SOFR,1.9,1.82,1.89,1.95,2,775,,,,,,,,,,,
07/23/2018,EFFR,1.91,1.9,1.91,1.92,2.06,71,1.75,2,,,,,,,,,
07/23/2018,OBFR,1.91,1.6,1.9,1.91,2.02,162,,,,,,,,,,,
07/23/2018,TGCR,1.86,1.8,1.86,1.86,1.91,381,,,,,,,,,,,
07/23/2018,BGCR,1.86,1.8,1.86,1.86,1.95,392,,,,,,,,,,,
07/23/2018,SOFR,1.87,1.84,1.86,1.93,1.97,764,,,,,,,,,,,
07/20/2018,EFFR,1.91,1.9,1.9,1.92,2.06,77,1.75,2,,,,,,,,,
07/20/2018,OBFR,1.91,1.7,1.9,1.91,2.02,162,,,,,,,,,,,
07/20/2018,TGCR,1.86,1.81,1.86,1.86,1.91,379,,,,,,,,,,,
07/20/2018,BGCR,1.86,1.81,1.86,1.86,1.95,395,,,,,,,,,,,
07/20/2018,SOFR,1.88,1.84,1.86,1.94,1.97,773,,,,,,,,,,,
07/19/2018,EFFR,1.91,1.9,1.91,1.92,2.06,72,1.75,2,,,,,,,,,
07/19/2018,OBFR,1.91,1.6,1.9,1.91,2.02,161,,,,,,,,,,,
07/19/2018,TGCR,1.88,1.82,1.88,1.88,1.92,375,,,,,,,,,,,
07/19/2018,BGCR,1.88,1.82,1.88,1.88,1.97,388,,,,,,,,,,,
07/19/2018,SOFR,1.9,1.84,1.88,1.96,1.99,769,,,,,,,,,,,
07/18/2018,EFFR,1.91,1.9,1.91,1.92,2,78,1.75,2,,,,,,,,,
07/18/2018,OBFR,1.91,1.7,1.9,1.91,2.02,168,,,,,,,,,,,
07/18/2018,TGCR,1.87,1.82,1.87,1.87,1.92,376,,,,,,,,,,,
07/18/2018,BGCR,1.87,1.82,1.87,1.87,1.95,389,,,,,,,,,,,
07/18/2018,SOFR,1.9,1.83,1.87,1.95,1.98,783,,,,,,,,,,,
07/17/2018,EFFR,1.91,1.89,1.91,1.91,2.06,78,1.75,2,,,,,,,,,
07/17/2018,OBFR,1.91,1.6,1.9,1.91,2.02,157,,,,,,,,,,,
07/17/2018,TGCR,1.9,1.85,1.9,1.91,1.94,380,,,,,,,,,,,
07/17/2018,BGCR,1.91,1.85,1.9,1.91,2,392,,,,,,,,,,,
07/17/2018,SOFR,1.92,1.86,1.9,1.98,2.02,766,,,,,,,,,,,
07/16/2018,EFFR,1.91,1.9,1.91,1.92,2.05,80,1.75,2,,,,,,,,,
07/16/2018,OBFR,1.91,1.6,1.9,1.91,2.02,160,,,,,,,,,,,
07/16/2018,TGCR,1.92,1.86,1.92,1.92,1.95,384,,,,,,,,,,,
07/16/2018,BGCR,1.92,1.86,1.92,1.92,2.03,398,,,,,,,,,,,
07/16/2018,SOFR,1.95,1.87,1.92,2,2.05,767,,,,,,,,,,,
07/13/2018,EFFR,1.91,1.9,1.91,1.91,2.06,79,1.75,2,,,,,,,,,
07/13/2018,OBFR,1.91,1.6,1.9,1.91,2.02,156,,,,,,,,,,,
07/13/2018,TGCR,1.87,1.82,1.87,1.88,1.92,358,,,,,,,,,,,
07/13/2018,BGCR,1.87,1.82,1.87,1.88,2.05,372,,,,,,,,,,,
07/13/2018,SOFR,1.9,1.84,1.87,1.95,2.05,735,,,,,,,,,,,
07/12/2018,EFFR,1.91,1.88,1.9,1.91,2.06,84,1.75,2,,,,,,,,,
07/12/2018,OBFR,1.91,1.65,1.9,1.91,2.02,167,,,,,,,,,,,
07/12/2018,TGCR,1.87,1.82,1.86,1.87,1.91,354,,,,,,,,,,,
07/12/2018,BGCR,1.87,1.82,1.86,1.87,1.96,366,,,,,,,,,,,
07/12/2018,SOFR,1.9,1.84,1.87,1.94,1.98,747,,,,,,,,,,,
07/11/2018,EFFR,1.91,1.9,1.9,1.91,2.06,82,1.75,2,,,,,,,,,
07/11/2018,OBFR,1.91,1.79,1.9,1.91,2.02,163,,,,,,,,,,,
07/11/2018,TGCR,1.86,1.82,1.86,1.87,1.91,363,,,,,,,,,,,
07/11/2018,BGCR,1.86,1.82,1.86,1.87,1.95,377,,,,,,,,,,,
07/11/2018,SOFR,1.89,1.83,1.86,1.93,1.96,766,,,,,,,,,,,
07/10/2018,EFFR,1.91,1.89,1.91,1.91,2.06,80,1.75,2,,,,,,,,,
07/10/2018,OBFR,1.91,1.79,1.9,1.91,2.02,167,,,,,,,,,,,
07/10/2018,TGCR,1.87,1.82,1.86,1.87,1.91,362,,,,,,,,,,,
07/10/2018,BGCR,1.87,1.82,1.86,1.87,2,381,,,,,,,,,,,
07/10/2018,SOFR,1.89,1.83,1.87,1.94,2,762,,,,,,,,,,,
07/09/2018,EFFR,1.91,1.89,1.91,1.91,2.06,77,1.75,2,,,,,,,,,
07/09/2018,OBFR,1.91,1.8,1.9,1.91,2.02,159,,,,,,,,,,,
07/09/2018,TGCR,1.87,1.82,1.87,1.87,1.91,377,,,,,,,,,,,
07/09/2018,BGCR,1.87,1.82,1.87,1.87,1.95,389,,,,,,,,,,,
07/09/2018,SOFR,1.89,1.84,1.87,1.94,1.97,784,,,,,,,,,,,
07/06/2018,EFFR,1.91,1.88,1.9,1.91,2.05,80,1.75,2,,,,,,,,,
07/06/2018,OBFR,1.91,1.75,1.9,1.91,2.02,157,,,,,,,,,,,
07/06/2018,TGCR,1.9,1.81,1.9,1.9,1.93,350,,,,,,,,,,,
07/06/2018,BGCR,1.9,1.81,1.9,1.91,1.99,367,,,,,,,,,,,
07/06/2018,SOFR,1.93,1.85,1.9,1.98,2.02,760,,,,,,,,,,,
07/05/2018,EFFR,1.91,1.88,1.9,1.91,2.06,78,1.75,2,,,,,,,,,
07/05/2018,OBFR,1.91,1.79,1.9,1.91,2.02,159,,,,,,,,,,,
07/05/2018,TGCR,1.95,1.83,1.95,1.95,1.98,346,,,,,,,,,,,
07/05/2018,BGCR,1.95,1.83,1.95,1.95,2.03,366,,,,,,,,,,,
07/05/2018,SOFR,1.97,1.85,1.95,2.03,2.07,807,,,,,,,,,,,
07/03/2018,EFFR,1.91,1.88,1.9,1.91,2.06,88,1.75,2,,,,,,,,,
07/03/2018,OBFR,1.91,1.79,1.9,1.91,2.02,165,,,,,,,,,,,
07/03/2018,TGCR,1.97,1.8,1.97,1.98,2.01,329,,,,,,,,,,,
07/03/2018,BGCR,1.98,1.8,1.97,1.98,2.08,356,,,,,,,,,,,
07/03/2018,SOFR,2,1.85,1.98,2.06,2.1,768,,,,,,,,,,,
07/02/2018,EFFR,1.91,1.89,1.9,1.92,2.06,83,1.75,2,,,,,,,,,
07/02/2018,OBFR,1.91,1.6,1.9,1.92,2.02,155,,,,,,,,,,,
07/02/2018,TGCR,2,1.77,2,2.01,2.05,310,,,,,,,,,,,
07/02/2018,BGCR,2,1.8,2,2.02,2.13,337,,,,,,,,,,,
07/02/2018,SOFR,2.04,1.93,2.01,2.1,2.15,775,,,,,,,,,,,
06/29/2018,EFFR,1.91,1.88,1.9,1.91,2.06,79,1.75,2,,,,,,,,,
06/29/2018,OBFR,1.9,1.75,1.89,1.91,2.02,152,,,,,,,,,,,
06/29/2018,TGCR,2.1,1.6,2.1,2.1,2.15,300,,,,,,,,,,,
06/29/2018,BGCR,2.1,1.6,2.1,2.1,2.35,322,,,,,,,,,,,
06/29/2018,SOFR,2.12,1.8,2.1,2.22,2.37,702,,,,,,,,,,,
06/28/2018,EFFR,1.91,1.9,1.9,1.92,2.06,79,1.75,2,,,,,,,,,
06/28/2018,OBFR,1.91,1.83,1.9,1.92,2.02,159,,,,,,,,,,,
06/28/2018,TGCR,1.9,1.8,1.9,1.91,1.95,341,,,,,,,,,,,
06/28/2018,BGCR,1.9,1.8,1.9,1.91,2.15,364,,,,,,,,,,,
06/28/2018,SOFR,1.93,1.85,1.9,1.97,2.15,768,,,,,,,,,,,
06/27/2018,EFFR,1.91,1.9,1.91,1.92,2.06,83,1.75,2,,,,,,,,,
06/27/2018,OBFR,1.91,1.75,1.9,1.92,2.02,162,,,,,,,,,,,
06/27/2018,TGCR,1.88,1.8,1.88,1.89,1.92,343,,,,,,,,,,,
06/27/2018,BGCR,1.88,1.8,1.88,1.89,1.97,355,,,,,,,,,,,
06/27/2018,SOFR,1.9,1.83,1.88,1.95,1.99,760,,,,,,,,,,,
06/26/2018,EFFR,1.92,1.9,1.91,1.92,2.06,82,1.75,2,,,,,,,,,
06/26/2018,OBFR,1.91,1.79,1.9,1.92,2.02,158,,,,,,,,,,,
06/26/2018,TGCR,1.89,1.75,1.88,1.9,1.92,345,,,,,,,,,,,
06/26/2018,BGCR,1.89,1.75,1.88,1.9,1.98,354,,,,,,,,,,,
06/26/2018,SOFR,1.9,1.8,1.89,1.95,1.99,757,,,,,,,,,,,
06/25/2018,EFFR,1.92,1.9,1.91,1.92,2.06,76,1.75,2,,,,,,,,,
06/25/2018,OBFR,1.91,1.8,1.9,1.92,2.02,156,,,,,,,,,,,
06/25/2018,TGCR,1.89,1.76,1.88,1.89,1.94,353,,,,,,,,,,,
06/25/2018,BGCR,1.89,1.76,1.88,1.89,1.97,364,,,,,,,,,,,
06/25/2018,SOFR,1.91,1.8,1.89,1.95,2.01,755,,,,,,,,,,,
06/22/2018,EFFR,1.92,1.89,1.91,1.93,2.06,78,1.75,2,,,,,,,,,
06/22/2018,OBFR,1.91,0.85,1.9,1.92,2.02,161,,,,,,,,,,,
06/22/2018,TGCR,1.9,1.8,1.9,1.9,1.93,350,,,,,,,,,,,
06/22/2018,BGCR,1.9,1.8,1.9,1.9,2,361,,,,,,,,,,,
06/22/2018,SOFR,1.92,1.83,1.9,1.96,2.01,742,,,,,,,,,,,
06/21/2018,EFFR,1.92,1.88,1.91,1.94,2.06,81,1.75,2,,,,,,,,,
06/21/2018,OBFR,1.91,1.8,1.9,1.92,2.02,157,,,,,,,,,,,
06/21/2018,TGCR,1.83,1.78,1.83,1.84,1.91,349,,,,,,,,,,,
06/21/2018,BGCR,1.83,1.78,1.83,1.84,1.99,363,,,,,,,,,,,
06/21/2018,SOFR,1.87,1.8,1.83,1.91,2,753,,,,,,,,,,,
06/20/2018,EFFR,1.92,1.89,1.9,1.94,2.06,63,1.75,2,,,,,,,,,
06/20/2018,OBFR,1.91,1.75,1.9,1.93,2.02,145,,,,,,,,,,,
06/20/2018,TGCR,1.83,1.77,1.83,1.84,1.91,359,,,,,,,,,,,
06/20/2018,BGCR,1.83,1.77,1.83,1.84,1.94,375,,,,,,,,,,,
06/20/2018,SOFR,1.87,1.8,1.83,1.91,1.94,769,,,,,,,,,,,
06/19/2018,EFFR,1.91,1.88,1.9,1.93,2.06,59,1.75,2,,,,,,,,,
06/19/2018,OBFR,1.9,1.6,1.89,1.92,2.02,135,,,,,,,,,,,
06/19/2018,TGCR,1.84,1.79,1.84,1.85,1.9,361,,,,,,,,,,,
06/19/2018,BGCR,1.84,1.79,1.84,1.85,1.94,373,,,,,,,,,,,
06/19/2018,SOFR,1.88,1.81,1.84,1.92,1.96,799,,,,,,,,,,,
06/18/2018,EFFR,1.9,1.88,1.9,1.91,2.06,61,1.75,2,,,,,,,,,
06/18/2018,OBFR,1.9,1.6,1.89,1.91,2.02,135,,,,,,,,,,,
06/18/2018,TGCR,1.85,1.8,1.85,1.86,1.9,364,,,,,,,,,,,
06/18/2018,BGCR,1.85,1.8,1.85,1.86,1.95,376,,,,,,,,,,,
06/18/2018,SOFR,1.9,1.82,1.85,1.93,1.98,799,,,,,,,,,,,
06/15/2018,EFFR,1.9,1.88,1.9,1.91,2.01,69,1.75,2,,,,,,,,,
06/15/2018,OBFR,1.9,1.6,1.89,1.91,2.02,148,,,,,,,,,,,
06/15/2018,TGCR,1.87,1.82,1.87,1.88,1.93,366,,,,,,,,,,,
06/15/2018,BGCR,1.87,1.82,1.87,1.88,2.05,386,,,,,,,,,,,
06/15/2018,SOFR,1.91,1.84,1.87,1.96,2.05,802,,,,,,,,,,,
06/14/2018,EFFR,1.9,1.88,1.89,1.91,2,80,1.75,2,,,,,,,,,
06/14/2018,OBFR,1.9,1.6,1.89,1.91,2.02,163,,,,,,,,,,,
06/14/2018,TGCR,1.87,1.76,1.87,1.87,1.91,369,,,,,,,,,,,
06/14/2018,BGCR,1.87,1.76,1.87,1.87,1.97,382,,,,,,,,,,,
06/14/2018,SOFR,1.9,1.8,1.87,1.94,1.99,818,,,,,,,,,,,
06/13/2018,EFFR,1.7,1.66,1.69,1.71,1.8,80,1.5,1.75,,,,,,,,,
06/13/2018,OBFR,1.7,1.5,1.69,1.71,1.8,163,,,,,,,,,,,
06/13/2018,TGCR,1.68,1.6,1.68,1.68,1.72,376,,,,,,,,,,,
06/13/2018,BGCR,1.68,1.6,1.68,1.68,1.8,388,,,,,,,,,,,
06/13/2018,SOFR,1.71,1.62,1.68,1.75,1.8,817,,,,,,,,,,,
06/12/2018,EFFR,1.7,1.66,1.7,1.71,1.8,81,1.5,1.75,,,,,,,,,
06/12/2018,OBFR,1.7,1.4,1.69,1.71,1.78,166,,,,,,,,,,,
06/12/2018,TGCR,1.65,1.61,1.64,1.65,1.7,380,,,,,,,,,,,
06/12/2018,BGCR,1.65,1.61,1.64,1.65,1.78,393,,,,,,,,,,,
06/12/2018,SOFR,1.67,1.62,1.65,1.72,1.78,774,,,,,,,,,,,
06/11/2018,EFFR,1.7,1.66,1.69,1.71,1.81,75,1.5,1.75,,,,,,,,,
06/11/2018,OBFR,1.7,1.45,1.69,1.71,1.8,146,,,,,,,,,,,
06/11/2018,TGCR,1.66,1.6,1.66,1.67,1.72,356,,,,,,,,,,,
06/11/2018,BGCR,1.66,1.6,1.66,1.67,1.75,372,,,,,,,,,,,
06/11/2018,SOFR,1.69,1.6,1.66,1.73,1.76,791,,,,,,,,,,,
06/08/2018,EFFR,1.7,1.66,1.69,1.7,1.8,90,1.5,1.75,,,,,,,,,
06/08/2018,OBFR,1.7,1.55,1.69,1.7,1.8,165,,,,,,,,,,,
06/08/2018,TGCR,1.67,1.61,1.67,1.67,1.71,372,,,,,,,,,,,
06/08/2018,BGCR,1.67,1.62,1.67,1.67,1.76,386,,,,,,,,,,,
06/08/2018,SOFR,1.69,1.64,1.67,1.74,1.77,806,,,,,,,,,,,
06/07/2018,EFFR,1.7,1.65,1.69,1.7,1.8,87,1.5,1.75,,,,,,,,,
06/07/2018,OBFR,1.7,1.35,1.69,1.7,1.8,162,,,,,,,,,,,
06/07/2018,TGCR,1.69,1.62,1.69,1.7,1.73,373,,,,,,,,,,,
06/07/2018,BGCR,1.69,1.62,1.69,1.7,1.78,385,,,,,,,,,,,
06/07/2018,SOFR,1.71,1.65,1.69,1.76,1.8,813,,,,,,,,,,,
06/06/2018,EFFR,1.7,1.66,1.69,1.7,1.8,94,1.5,1.75,,,,,,,,,
06/06/2018,OBFR,1.7,1.55,1.69,1.71,1.78,176,,,,,,,,,,,
06/06/2018,TGCR,1.7,1.65,1.69,1.71,1.74,382,,,,,,,,,,,
06/06/2018,BGCR,1.7,1.65,1.69,1.71,1.78,389,,,,,,,,,,,
06/06/2018,SOFR,1.73,1.65,1.7,1.77,1.8,805,,,,,,,,,,,
06/05/2018,EFFR,1.7,1.66,1.69,1.7,1.8,90,1.5,1.75,,,,,,,,,
06/05/2018,OBFR,1.7,1.4,1.69,1.7,1.8,168,,,,,,,,,,,
06/05/2018,TGCR,1.72,1.65,1.72,1.72,1.76,378,,,,,,,,,,,
06/05/2018,BGCR,1.72,1.65,1.72,1.72,1.81,385,,,,,,,,,,,
06/05/2018,SOFR,1.75,1.67,1.72,1.8,1.83,797,,,,,,,,,,,
06/04/2018,EFFR,1.7,1.65,1.69,1.7,1.8,92,1.5,1.75,,,,,,,,,
06/04/2018,OBFR,1.7,1.4,1.69,1.7,1.8,168,,,,,,,,,,,
06/04/2018,TGCR,1.76,1.65,1.76,1.76,1.8,371,,,,,,,,,,,
06/04/2018,BGCR,1.76,1.65,1.76,1.76,1.87,385,,,,,,,,,,,
06/04/2018,SOFR,1.8,1.68,1.76,1.84,1.88,825,,,,,,,,,,,
06/01/2018,EFFR,1.7,1.66,1.69,1.7,1.81,94,1.5,1.75,,,,,,,,,
06/01/2018,OBFR,1.7,1.4,1.69,1.71,1.8,162,,,,,,,,,,,
06/01/2018,TGCR,1.77,1.7,1.77,1.77,1.82,380,,,,,,,,,,,
06/01/2018,BGCR,1.77,1.7,1.77,1.77,1.89,386,,,,,,,,,,,
06/01/2018,SOFR,1.81,1.71,1.77,1.86,1.92,807,,,,,,,,,,,
05/31/2018,EFFR,1.7,1.66,1.69,1.7,1.84,84,1.5,1.75,,,,,,,,,
05/31/2018,OBFR,1.7,1.4,1.69,1.7,1.8,155,,,,,,,,,,,
05/31/2018,TGCR,1.78,1.72,1.77,1.78,1.84,372,,,,,,,,,,,
05/31/2018,BGCR,1.78,1.72,1.77,1.78,2.1,392,,,,,,,,,,,
05/31/2018,SOFR,1.81,1.73,1.78,1.88,2.05,872,,,,,,,,,,,
05/30/2018,EFFR,1.7,1.65,1.69,1.71,1.83,83,1.5,1.75,,,,,,,,,
05/30/2018,OBFR,1.7,1.55,1.69,1.71,1.8,153,,,,,,,,,,,
05/30/2018,TGCR,1.7,1.65,1.7,1.7,1.76,368,,,,,,,,,,,
05/30/2018,BGCR,1.7,1.65,1.7,1.7,1.8,374,,,,,,,,,,,
05/30/2018,SOFR,1.72,1.67,1.7,1.78,1.81,801,,,,,,,,,,,
05/29/2018,EFFR,1.7,1.66,1.69,1.7,1.84,89,1.5,1.75,,,,,,,,,
05/29/2018,OBFR,1.7,1.58,1.69,1.71,1.81,163,,,,,,,,,,,
05/29/2018,TGCR,1.7,1.65,1.7,1.7,1.75,355,,,,,,,,,,,
05/29/2018,BGCR,1.7,1.65,1.7,1.7,1.8,365,,,,,,,,,,,
05/29/2018,SOFR,1.72,1.67,1.7,1.78,1.82,796,,,,,,,,,,,
05/25/2018,EFFR,1.7,1.65,1.69,1.71,1.81,92,1.5,1.75,,,,,,,,,
05/25/2018,OBFR,1.7,1.4,1.69,1.71,1.8,167,,,,,,,,,,,
05/25/2018,TGCR,1.7,1.63,1.7,1.7,1.75,351,,,,,,,,,,,
05/25/2018,BGCR,1.7,1.63,1.7,1.7,1.81,367,,,,,,,,,,,
05/25/2018,SOFR,1.73,1.65,1.7,1.78,1.82,749,,,,,,,,,,,
05/24/2018,EFFR,1.7,1.65,1.69,1.7,1.81,90,1.5,1.75,,,,,,,,,
05/24/2018,OBFR,1.7,0.7,1.69,1.71,1.8,168,,,,,,,,,,,
05/24/2018,TGCR,1.71,1.65,1.71,1.71,1.79,350,,,,,,,,,,,
05/24/2018,BGCR,1.71,1.65,1.71,1.71,1.82,361,,,,,,,,,,,
05/24/2018,SOFR,1.74,1.66,1.71,1.79,1.84,772,,,,,,,,,,,
05/23/2018,EFFR,1.7,1.66,1.69,1.71,1.83,92,1.5,1.75,,,,,,,,,
05/23/2018,OBFR,1.7,1.63,1.69,1.71,1.83,167,,,,,,,,,,,
05/23/2018,TGCR,1.63,1.59,1.63,1.63,1.72,339,,,,,,,,,,,
05/23/2018,BGCR,1.63,1.59,1.63,1.64,1.79,356,,,,,,,,,,,
05/23/2018,SOFR,1.67,1.6,1.63,1.7,1.8,729,,,,,,,,,,,
05/22/2018,EFFR,1.7,1.66,1.7,1.72,1.81,89,1.5,1.75,,,,,,,,,
05/22/2018,OBFR,1.7,1.6,1.69,1.71,1.8,167,,,,,,,,,,,
05/22/2018,TGCR,1.63,1.55,1.62,1.63,1.7,337,,,,,,,,,,,
05/22/2018,BGCR,1.63,1.55,1.62,1.63,1.7,359,,,,,,,,,,,
05/22/2018,SOFR,1.65,1.59,1.63,1.69,1.75,748,,,,,,,,,,,
05/21/2018,EFFR,1.7,1.66,1.7,1.72,1.87,80,1.5,1.75,,,,,,,,,
05/21/2018,OBFR,1.7,1.4,1.69,1.72,1.81,160,,,,,,,,,,,
05/21/2018,TGCR,1.66,1.6,1.65,1.67,1.71,345,,,,,,,,,,,
05/21/2018,BGCR,1.66,1.61,1.65,1.67,1.74,371,,,,,,,,,,,
05/21/2018,SOFR,1.69,1.63,1.66,1.73,1.77,772,,,,,,,,,,,
05/18/2018,EFFR,1.7,1.66,1.69,1.72,1.81,78,1.5,1.75,,,,,,,,,
05/18/2018,OBFR,1.7,1.4,1.69,1.72,1.8,153,,,,,,,,,,,
05/18/2018,TGCR,1.69,1.6,1.69,1.69,1.76,349,,,,,,,,,,,
05/18/2018,BGCR,1.69,1.6,1.69,1.7,1.77,371,,,,,,,,,,,
05/18/2018,SOFR,1.73,1.65,1.69,1.77,1.81,750,,,,,,,,,,,
05/17/2018,EFFR,1.7,1.66,1.69,1.72,1.81,80,1.5,1.75,,,,,,,,,
05/17/2018,OBFR,1.7,1.4,1.69,1.71,1.8,157,,,,,,,,,,,
05/17/2018,TGCR,1.71,1.55,1.71,1.72,1.77,351,,,,,,,,,,,
05/17/2018,BGCR,1.71,1.55,1.71,1.72,1.81,366,,,,,,,,,,,
05/17/2018,SOFR,1.74,1.66,1.71,1.8,1.84,754,,,,,,,,,,,
05/16/2018,EFFR,1.7,1.65,1.69,1.72,1.8,85,1.5,1.75,,,,,,,,,
05/16/2018,OBFR,1.7,1.4,1.69,1.71,1.8,160,,,,,,,,,,,
05/16/2018,TGCR,1.7,1.63,1.7,1.7,1.76,333,,,,,,,,,,,
05/16/2018,BGCR,1.7,1.63,1.7,1.7,1.8,350,,,,,,,,,,,
05/16/2018,SOFR,1.75,1.65,1.7,1.79,1.82,754,,,,,,,,,,,
05/15/2018,EFFR,1.7,1.66,1.69,1.72,1.81,83,1.5,1.75,,,,,,,,,
05/15/2018,OBFR,1.7,1.4,1.69,1.71,1.8,160,,,,,,,,,,,
05/15/2018,TGCR,1.73,1.4,1.73,1.74,1.78,341,,,,,,,,,,,
05/15/2018,BGCR,1.73,1.5,1.73,1.74,1.85,362,,,,,,,,,,,
05/15/2018,SOFR,1.79,1.65,1.73,1.84,1.88,770,,,,,,,,,,,
05/14/2018,EFFR,1.7,1.66,1.69,1.72,1.81,79,1.5,1.75,,,,,,,,,
05/14/2018,OBFR,1.7,1.4,1.69,1.71,1.8,161,,,,,,,,,,,
05/14/2018,TGCR,1.7,1.6,1.69,1.7,1.76,334,,,,,,,,,,,
05/14/2018,BGCR,1.7,1.6,1.69,1.7,1.8,353,,,,,,,,,,,
05/14/2018,SOFR,1.75,1.65,1.7,1.79,1.82,741,,,,,,,,,,,
05/11/2018,EFFR,1.7,1.66,1.69,1.72,1.81,88,1.5,1.75,,,,,,,,,
05/11/2018,OBFR,1.7,1.4,1.69,1.71,1.8,171,,,,,,,,,,,
05/11/2018,TGCR,1.7,1.55,1.7,1.7,1.77,339,,,,,,,,,,,
05/11/2018,BGCR,1.7,1.55,1.7,1.7,1.81,359,,,,,,,,,,,
05/11/2018,SOFR,1.73,1.63,1.7,1.79,1.83,746,,,,,,,,,,,
05/10/2018,EFFR,1.7,1.66,1.69,1.72,1.81,89,1.5,1.75,,,,,,,,,
05/10/2018,OBFR,1.7,1.4,1.68,1.71,1.8,173,,,,,,,,,,,
05/10/2018,TGCR,1.69,1.55,1.69,1.69,1.75,342,,,,,,,,,,,
05/10/2018,BGCR,1.69,1.55,1.69,1.7,1.79,357,,,,,,,,,,,
05/10/2018,SOFR,1.73,1.64,1.69,1.79,1.83,737,,,,,,,,,,,
05/09/2018,EFFR,1.7,1.66,1.69,1.72,1.81,89,1.5,1.75,,,,,,,,,
05/09/2018,OBFR,1.7,1.4,1.69,1.71,1.8,169,,,,,,,,,,,
05/09/2018,TGCR,1.68,1.55,1.68,1.68,1.75,333,,,,,,,,,,,
05/09/2018,BGCR,1.68,1.55,1.68,1.68,1.78,354,,,,,,,,,,,
05/09/2018,SOFR,1.72,1.64,1.68,1.77,1.82,783,,,,,,,,,,,
05/08/2018,EFFR,1.7,1.66,1.69,1.72,1.81,83,1.5,1.75,,,,,,,,,
05/08/2018,OBFR,1.7,1.4,1.69,1.71,1.8,169,,,,,,,,,,,
05/08/2018,TGCR,1.68,1.61,1.67,1.68,1.75,330,,,,,,,,,,,
05/08/2018,BGCR,1.68,1.61,1.67,1.68,1.79,342,,,,,,,,,,,
05/08/2018,SOFR,1.72,1.65,1.68,1.77,1.81,746,,,,,,,,,,,
05/07/2018,EFFR,1.7,1.66,1.69,1.72,1.81,85,1.5,1.75,,,,,,,,,
05/07/2018,OBFR,1.7,1.4,1.69,1.71,1.8,173,,,,,,,,,,,
05/07/2018,TGCR,1.67,1.6,1.67,1.68,1.72,333,,,,,,,,,,,
05/07/2018,BGCR,1.67,1.6,1.67,1.68,1.76,347,,,,,,,,,,,
05/07/2018,SOFR,1.71,1.65,1.67,1.76,1.84,760,,,,,,,,,,,
05/04/2018,EFFR,1.7,1.66,1.69,1.71,1.81,83,1.5,1.75,,,,,,,,,
05/04/2018,OBFR,1.7,1.4,1.69,1.71,1.8,160,,,,,,,,,,,
05/04/2018,TGCR,1.68,1.62,1.68,1.68,1.72,333,,,,,,,,,,,
05/04/2018,BGCR,1.68,1.62,1.68,1.69,1.78,349,,,,,,,,,,,
05/04/2018,SOFR,1.72,1.65,1.68,1.77,1.8,752,,,,,,,,,,,
05/03/2018,EFFR,1.7,1.66,1.69,1.71,1.81,82,1.5,1.75,,,,,,,,,
05/03/2018,OBFR,1.69,1.4,1.69,1.71,1.8,162,,,,,,,,,,,
05/03/2018,TGCR,1.7,1.55,1.7,1.7,1.73,329,,,,,,,,,,,
05/03/2018,BGCR,1.7,1.57,1.7,1.7,1.8,342,,,,,,,,,,,
05/03/2018,SOFR,1.74,1.64,1.7,1.79,1.83,759,,,,,,,,,,,
05/02/2018,EFFR,1.7,1.66,1.69,1.71,1.81,76,1.5,1.75,,,,,,,,,
05/02/2018,OBFR,1.69,1.4,1.68,1.7,1.8,161,,,,,,,,,,,
05/02/2018,TGCR,1.7,1.6,1.7,1.7,1.74,334,,,,,,,,,,,
05/02/2018,BGCR,1.7,1.6,1.7,1.7,1.8,350,,,,,,,,,,,
05/02/2018,SOFR,1.75,1.64,1.7,1.79,1.83,753,,,,,,,,,,,
05/01/2018,EFFR,1.7,1.66,1.69,1.7,1.81,81,1.5,1.75,,,,,,,,,
05/01/2018,OBFR,1.69,1.4,1.68,1.7,1.8,151,,,,,,,,,,,
05/01/2018,TGCR,1.7,1.4,1.7,1.71,1.74,334,,,,,,,,,,,
05/01/2018,BGCR,1.7,1.4,1.7,1.71,1.81,352,,,,,,,,,,,
05/01/2018,SOFR,1.76,1.65,1.7,1.8,1.84,761,,,,,,,,,,,
04/30/2018,EFFR,1.69,1.66,1.68,1.7,1.84,76,1.5,1.75,,,,,,,,,
04/30/2018,OBFR,1.69,1.56,1.68,1.7,1.81,163,,,,,,,,,,,
04/30/2018,TGCR,1.71,1.5,1.71,1.72,1.76,325,,,,,,,,,,,
04/30/2018,BGCR,1.72,1.5,1.71,1.72,1.83,341,,,,,,,,,,,
04/30/2018,SOFR,1.77,1.66,1.72,1.82,1.86,775,,,,,,,,,,,
04/27/2018,EFFR,1.7,1.66,1.69,1.71,1.81,77,1.5,1.75,,,,,,,,,
04/27/2018,OBFR,1.69,1.4,1.68,1.7,1.8,158,,,,,,,,,,,
04/27/2018,TGCR,1.68,1.6,1.67,1.68,1.72,326,,,,,,,,,,,
04/27/2018,BGCR,1.68,1.6,1.67,1.68,1.77,341,,,,,,,,,,,
04/27/2018,SOFR,1.72,1.63,1.68,1.77,1.8,732,,,,,,,,,,,
04/26/2018,EFFR,1.7,1.66,1.69,1.72,1.81,77,1.5,1.75,,,,,,,,,
04/26/2018,OBFR,1.69,1.4,1.68,1.71,1.8,155,,,,,,,,,,,
04/26/2018,TGCR,1.67,1.6,1.67,1.68,1.72,321,,,,,,,,,,,
04/26/2018,BGCR,1.67,1.6,1.67,1.68,1.78,333,,,,,,,,,,,
04/26/2018,SOFR,1.72,1.64,1.67,1.77,1.8,725,,,,,,,,,,,
04/25/2018,EFFR,1.7,1.66,1.69,1.72,1.85,71,1.5,1.75,,,,,,,,,
04/25/2018,OBFR,1.69,1.6,1.68,1.71,1.8,146,,,,,,,,,,,
04/25/2018,TGCR,1.67,1.5,1.66,1.67,1.72,329,,,,,,,,,,,
04/25/2018,BGCR,1.67,1.5,1.66,1.67,1.77,345,,,,,,,,,,,
04/25/2018,SOFR,1.71,1.63,1.67,1.76,1.79,728,,,,,,,,,,,
04/24/2018,EFFR,1.7,1.66,1.69,1.72,1.85,63,1.5,1.75,,,,,,,,,
04/24/2018,OBFR,1.69,0.7,1.68,1.71,1.81,149,,,,,,,,,,,
04/24/2018,TGCR,1.68,1.6,1.68,1.68,1.73,325,,,,,,,,,,,
04/24/2018,BGCR,1.68,1.6,1.68,1.68,1.78,339,,,,,,,,,,,
04/24/2018,SOFR,1.71,1.64,1.68,1.76,1.8,747,,,,,,,,,,,
04/23/2018,EFFR,1.7,1.66,1.69,1.71,1.85,67,1.5,1.75,,,,,,,,,
04/23/2018,OBFR,1.69,0.9,1.68,1.7,1.81,152,,,,,,,,,,,
04/23/2018,TGCR,1.67,1.4,1.67,1.67,1.72,331,,,,,,,,,,,
04/23/2018,BGCR,1.67,1.5,1.67,1.67,1.76,348,,,,,,,,,,,
04/23/2018,SOFR,1.7,1.63,1.67,1.75,1.79,755,,,,,,,,,,,
04/20/2018,EFFR,1.7,1.66,1.69,1.71,1.82,72,1.5,1.75,,,,,,,,,
04/20/2018,OBFR,1.69,1.15,1.68,1.7,1.8,154,,,,,,,,,,,
04/20/2018,TGCR,1.67,1.59,1.67,1.67,1.73,328,,,,,,,,,,,
04/20/2018,BGCR,1.67,1.59,1.67,1.67,1.77,340,,,,,,,,,,,
04/20/2018,SOFR,1.72,1.64,1.67,1.76,1.79,726,,,,,,,,,,,
04/19/2018,EFFR,1.69,1.66,1.69,1.71,1.81,75,1.5,1.75,,,,,,,,,
04/19/2018,OBFR,1.69,1.4,1.68,1.7,1.8,148,,,,,,,,,,,
04/19/2018,TGCR,1.67,1.59,1.66,1.67,1.73,330,,,,,,,,,,,
04/19/2018,BGCR,1.67,1.59,1.66,1.67,1.8,344,,,,,,,,,,,
04/19/2018,SOFR,1.73,1.64,1.67,1.76,1.81,745,,,,,,,,,,,
04/18/2018,EFFR,1.69,1.66,1.68,1.71,1.82,63,1.5,1.75,,,,,,,,,
04/18/2018,OBFR,1.69,1.4,1.68,1.7,1.8,144,,,,,,,,,,,
04/18/2018,TGCR,1.69,1.64,1.69,1.7,1.75,335,,,,,,,,,,,
04/18/2018,BGCR,1.69,1.64,1.69,1.7,1.8,346,,,,,,,,,,,
04/18/2018,SOFR,1.75,1.66,1.69,1.8,1.83,738,,,,,,,,,,,
04/17/2018,EFFR,1.69,1.66,1.69,1.71,1.82,66,1.5,1.75,,,,,,,,,
04/17/2018,OBFR,1.69,0.9,1.68,1.7,1.8,143,,,,,,,,,,,
04/17/2018,TGCR,1.7,1.66,1.7,1.71,1.75,331,,,,,,,,,,,
04/17/2018,BGCR,1.7,1.66,1.7,1.71,1.83,341,,,,,,,,,,,
04/17/2018,SOFR,1.76,1.67,1.7,1.81,1.85,729,,,,,,,,,,,
04/16/2018,EFFR,1.69,1.66,1.68,1.7,1.85,82,1.5,1.75,,,,,,,,,
04/16/2018,OBFR,1.69,1.6,1.68,1.7,1.81,166,,,,,,,,,,,
04/16/2018,TGCR,1.7,1.62,1.7,1.71,1.75,335,,,,,,,,,,,
04/16/2018,BGCR,1.7,1.63,1.7,1.71,1.84,355,,,,,,,,,,,
04/16/2018,SOFR,1.77,1.65,1.7,1.82,1.85,770,,,,,,,,,,,
04/13/2018,EFFR,1.69,1.66,1.68,1.7,1.81,74,1.5,1.75,,,,,,,,,
04/13/2018,OBFR,1.69,1.4,1.68,1.7,1.8,144,,,,,,,,,,,
04/13/2018,TGCR,1.68,1.62,1.67,1.68,1.73,333,,,,,,,,,,,
04/13/2018,BGCR,1.68,1.62,1.68,1.68,1.8,346,,,,,,,,,,,
04/13/2018,SOFR,1.72,1.64,1.68,1.77,1.82,776,,,,,,,,,,,
04/12/2018,EFFR,1.69,1.65,1.68,1.7,1.8,83,1.5,1.75,,,,,,,,,
04/12/2018,OBFR,1.69,1.58,1.68,1.7,1.8,160,,,,,,,,,,,
04/12/2018,TGCR,1.68,1.59,1.67,1.68,1.73,335,,,,,,,,,,,
04/12/2018,BGCR,1.68,1.59,1.67,1.68,1.79,345,,,,,,,,,,,
04/12/2018,SOFR,1.73,1.64,1.68,1.77,1.8,871,,,,,,,,,,,
04/11/2018,EFFR,1.69,1.66,1.68,1.7,1.8,74,1.5,1.75,,,,,,,,,
04/11/2018,OBFR,1.69,1.4,1.68,1.7,1.77,156,,,,,,,,,,,
04/11/2018,TGCR,1.7,1.6,1.7,1.71,1.75,331,,,,,,,,,,,
04/11/2018,BGCR,1.7,1.6,1.7,1.71,1.83,343,,,,,,,,,,,
04/11/2018,SOFR,1.76,1.65,1.7,1.8,1.83,811,,,,,,,,,,,
04/10/2018,EFFR,1.69,1.66,1.68,1.7,1.8,80,1.5,1.75,,,,,,,,,
04/10/2018,OBFR,1.69,1.15,1.68,1.7,1.78,155,,,,,,,,,,,
04/10/2018,TGCR,1.7,1.6,1.7,1.71,1.75,325,,,,,,,,,,,
04/10/2018,BGCR,1.7,1.6,1.7,1.71,1.84,336,,,,,,,,,,,
04/10/2018,SOFR,1.75,1.66,1.7,1.8,1.84,811,,,,,,,,,,,
04/09/2018,EFFR,1.69,1.66,1.68,1.7,1.81,78,1.5,1.75,,,,,,,,,
04/09/2018,OBFR,1.69,1.15,1.68,1.7,1.8,153,,,,,,,,,,,
04/09/2018,TGCR,1.7,1.6,1.7,1.7,1.75,330,,,,,,,,,,,
04/09/2018,BGCR,1.7,1.6,1.7,1.7,1.85,341,,,,,,,,,,,
04/09/2018,SOFR,1.75,1.65,1.7,1.8,1.85,833,,,,,,,,,,,
04/06/2018,EFFR,1.69,1.65,1.68,1.7,1.81,78,1.5,1.75,,,,,,,,,
04/06/2018,OBFR,1.69,1.15,1.68,1.7,1.8,154,,,,,,,,,,,
04/06/2018,TGCR,1.7,1.6,1.7,1.7,1.75,336,,,,,,,,,,,
04/06/2018,BGCR,1.7,1.6,1.7,1.7,1.83,352,,,,,,,,,,,
04/06/2018,SOFR,1.75,1.65,1.7,1.8,1.84,845,,,,,,,,,,,
04/05/2018,EFFR,1.69,1.65,1.68,1.7,1.81,88,1.5,1.75,,,,,,,,,
04/05/2018,OBFR,1.69,1.4,1.68,1.7,1.8,173,,,,,,,,,,,
04/05/2018,TGCR,1.7,1.6,1.7,1.7,1.75,331,,,,,,,,,,,
04/05/2018,BGCR,1.7,1.6,1.7,1.7,1.85,349,,,,,,,,,,,
04/05/2018,SOFR,1.75,1.65,1.7,1.81,1.85,829,,,,,,,,,,,
04/04/2018,EFFR,1.69,1.65,1.68,1.7,1.8,83,1.5,1.75,,,,,,,,,
04/04/2018,OBFR,1.69,1.55,1.68,1.7,1.8,176,,,,,,,,,,,
04/04/2018,TGCR,1.7,1.57,1.69,1.7,1.74,327,,,,,,,,,,,
04/04/2018,BGCR,1.7,1.57,1.7,1.7,1.81,348,,,,,,,,,,,
04/04/2018,SOFR,1.74,1.65,1.7,1.79,1.84,859,,,,,,,,,,,
04/03/2018,EFFR,1.69,1.65,1.68,1.69,1.8,90,1.5,1.75,,,,,,,,,
04/03/2018,OBFR,1.68,1.22,1.68,1.69,1.77,177,,,,,,,,,,,
04/03/2018,TGCR,1.81,1.5,1.8,1.82,1.84,321,,,,,,,,,,,
04/03/2018,BGCR,1.81,1.5,1.8,1.82,1.97,344,,,,,,,,,,,
04/03/2018,SOFR,1.83,1.62,1.81,1.91,2,825,,,,,,,,,,,
04/02/2018,EFFR,1.68,1.65,1.68,1.69,1.81,89,1.5,1.75,,,,,,,,,
04/02/2018,OBFR,1.68,1.4,1.68,1.69,1.8,160,,,,,,,,,,,
04/02/2018,TGCR,1.77,1.15,1.75,1.77,1.85,329,,,,,,,,,,,
04/02/2018,BGCR,1.77,1.15,1.76,1.77,2.1,361,,,,,,,,,,,
04/02/2018,SOFR,1.8,1.25,1.77,1.89,2.25,849,,,,,,,,,,,
03/30/2018,EFFR,1.67,1.64,1.67,1.68,1.81,88,1.5,1.75,,,,,,,,,
03/30/2018,OBFR,1.67,1.4,1.67,1.69,1.81,104,,,,,,,,,,,
03/29/2018,EFFR,1.68,1.64,1.68,1.69,1.81,74,1.5,1.75,,,,,,,,,
03/29/2018,OBFR,1.68,1.4,1.68,1.69,1.8,102,,,,,,,,,,,
03/28/2018,EFFR,1.68,1.65,1.68,1.69,1.81,87,1.5,1.75,,,,,,,,,
03/28/2018,OBFR,1.68,1.56,1.67,1.69,1.77,169,,,,,,,,,,,
03/27/2018,EFFR,1.68,1.65,1.68,1.69,1.81,81,1.5,1.75,,,,,,,,,
03/27/2018,OBFR,1.68,1.58,1.68,1.69,1.8,168,,,,,,,,,,,
03/26/2018,EFFR,1.68,1.65,1.68,1.69,1.81,83,1.5,1.75,,,,,,,,,
03/26/2018,OBFR,1.68,1.4,1.67,1.69,1.8,162,,,,,,,,,,,
03/23/2018,EFFR,1.68,1.65,1.68,1.7,1.81,78,1.5,1.75,,,,,,,,,
03/23/2018,OBFR,1.68,0.7,1.67,1.69,1.8,158,,,,,,,,,,,
03/22/2018,EFFR,1.68,1.65,1.68,1.69,1.81,78,1.5,1.75,,,,,,,,,
03/22/2018,OBFR,1.68,1.55,1.67,1.69,2.05,163,,,,,,,,,,,
03/21/2018,EFFR,1.44,1.4,1.43,1.46,1.55,93,1.25,1.5,,,,,,,,,
03/21/2018,OBFR,1.43,1.35,1.43,1.45,1.52,184,,,,,,,,,,,
03/20/2018,EFFR,1.44,1.4,1.43,1.47,1.62,91,1.25,1.5,,,,,,,,,
03/20/2018,OBFR,1.43,1.35,1.42,1.45,1.56,178,,,,,,,,,,,
03/19/2018,EFFR,1.43,1.4,1.42,1.44,1.62,92,1.25,1.5,,,,,,,,,
03/19/2018,OBFR,1.43,1.35,1.42,1.44,1.56,174,,,,,,,,,,,
03/16/2018,EFFR,1.43,1.4,1.42,1.44,1.62,104,1.25,1.5,,,,,,,,,
03/16/2018,OBFR,1.43,1.32,1.42,1.44,1.56,188,,,,,,,,,,,
03/15/2018,EFFR,1.43,1.4,1.42,1.44,1.56,95,1.25,1.5,,,,,,,,,
03/15/2018,OBFR,1.42,1.3,1.42,1.44,1.55,171,,,,,,,,,,,
03/14/2018,EFFR,1.42,1.4,1.42,1.44,1.5,103,1.25,1.5,,,,,,,,,
03/14/2018,OBFR,1.42,1.35,1.42,1.43,1.52,198,,,,,,,,,,,
03/13/2018,EFFR,1.42,1.4,1.42,1.44,1.53,98,1.25,1.5,,,,,,,,,
03/13/2018,OBFR,1.42,1.3,1.42,1.43,1.52,188,,,,,,,,,,,
03/12/2018,EFFR,1.42,1.4,1.42,1.44,1.55,100,1.25,1.5,,,,,,,,,
03/12/2018,OBFR,1.42,1.3,1.42,1.43,1.52,204,,,,,,,,,,,
03/09/2018,EFFR,1.42,1.4,1.42,1.43,1.53,104,1.25,1.5,,,,,,,,,
03/09/2018,OBFR,1.42,1.3,1.42,1.43,1.52,192,,,,,,,,,,,
03/08/2018,EFFR,1.42,1.4,1.42,1.43,1.55,106,1.25,1.5,,,,,,,,,
03/08/2018,OBFR,1.42,1.3,1.41,1.43,1.52,209,,,,,,,,,,,
03/07/2018,EFFR,1.42,1.39,1.42,1.43,1.53,105,1.25,1.5,,,,,,,,,
03/07/2018,OBFR,1.42,1.25,1.41,1.43,1.52,212,,,,,,,,,,,
03/06/2018,EFFR,1.42,1.39,1.42,1.43,1.55,112,1.25,1.5,,,,,,,,,
03/06/2018,OBFR,1.42,1.3,1.41,1.43,1.52,212,,,,,,,,,,,
03/05/2018,EFFR,1.42,1.4,1.42,1.43,1.53,110,1.25,1.5,,,,,,,,,
03/05/2018,OBFR,1.42,1.3,1.41,1.43,1.52,214,,,,,,,,,,,
03/02/2018,EFFR,1.42,1.4,1.42,1.43,1.5,114,1.25,1.5,,,,,,,,,
03/02/2018,OBFR,1.42,1.3,1.41,1.43,1.52,214,,,,,,,,,,,
03/01/2018,EFFR,1.42,1.36,1.42,1.43,1.53,115,1.25,1.5,,,,,,,,,
03/01/2018,OBFR,1.42,1.3,1.41,1.43,1.52,210,,,,,,,,,,,
02/28/2018,EFFR,1.35,1.3,1.34,1.35,1.53,104,1.25,1.5,,,,,,,,,
02/28/2018,OBFR,1.35,1.29,1.34,1.35,1.52,204,,,,,,,,,,,
02/27/2018,EFFR,1.42,1.4,1.42,1.43,1.55,104,1.25,1.5,,,,,,,,,
02/27/2018,OBFR,1.42,1.3,1.41,1.43,1.52,214,,,,,,,,,,,
02/26/2018,EFFR,1.42,1.4,1.42,1.43,1.55,97,1.25,1.5,,,,,,,,,
02/26/2018,OBFR,1.42,1.3,1.41,1.43,1.52,208,,,,,,,,,,,
02/23/2018,EFFR,1.42,1.4,1.42,1.43,1.56,101,1.25,1.5,,,,,,,,,
02/23/2018,OBFR,1.42,0.65,1.41,1.43,1.54,216,,,,,,,,,,,
02/22/2018,EFFR,1.42,1.4,1.42,1.43,1.5,98,1.25,1.5,,,,,,,,,
02/22/2018,OBFR,1.42,1.3,1.41,1.42,1.52,205,,,,,,,,,,,
02/21/2018,EFFR,1.42,1.4,1.42,1.43,1.55,88,1.25,1.5,,,,,,,,,
02/21/2018,OBFR,1.42,1.3,1.41,1.42,1.52,200,,,,,,,,,,,
02/20/2018,EFFR,1.42,1.4,1.42,1.43,1.55,84,1.25,1.5,,,,,,,,,
02/20/2018,OBFR,1.42,1.35,1.41,1.43,1.52,196,,,,,,,,,,,
02/16/2018,EFFR,1.42,1.4,1.42,1.43,1.55,95,1.25,1.5,,,,,,,,,
02/16/2018,OBFR,1.42,1.3,1.41,1.42,1.52,210,,,,,,,,,,,
02/15/2018,EFFR,1.42,1.4,1.42,1.42,1.5,101,1.25,1.5,,,,,,,,,
02/15/2018,OBFR,1.42,1.3,1.42,1.43,1.52,214,,,,,,,,,,,
02/14/2018,EFFR,1.42,1.4,1.42,1.42,1.5,105,1.25,1.5,,,,,,,,,
02/14/2018,OBFR,1.42,1.25,1.41,1.42,1.52,218,,,,,,,,,,,
02/13/2018,EFFR,1.42,1.4,1.42,1.43,1.5,99,1.25,1.5,,,,,,,,,
02/13/2018,OBFR,1.42,1.35,1.41,1.43,1.52,222,,,,,,,,,,,
02/12/2018,EFFR,1.42,1.4,1.42,1.44,1.5,97,1.25,1.5,,,,,,,,,
02/12/2018,OBFR,1.42,1.35,1.41,1.43,1.52,221,,,,,,,,,,,
02/09/2018,EFFR,1.42,1.4,1.42,1.43,1.5,107,1.25,1.5,,,,,,,,,
02/09/2018,OBFR,1.42,0.48,1.41,1.43,1.52,219,,,,,,,,,,,
02/08/2018,EFFR,1.42,1.4,1.42,1.43,1.5,106,1.25,1.5,,,,,,,,,
02/08/2018,OBFR,1.42,1.3,1.41,1.43,1.52,218,,,,,,,,,,,
02/07/2018,EFFR,1.42,1.4,1.42,1.43,1.5,104,1.25,1.5,,,,,,,,,
02/07/2018,OBFR,1.42,1.28,1.41,1.43,1.52,220,,,,,,,,,,,
02/06/2018,EFFR,1.42,1.4,1.42,1.43,1.5,103,1.25,1.5,,,,,,,,,
02/06/2018,OBFR,1.42,1.28,1.41,1.43,1.52,209,,,,,,,,,,,
02/05/2018,EFFR,1.42,1.4,1.42,1.43,1.5,103,1.25,1.5,,,,,,,,,
02/05/2018,OBFR,1.42,1.31,1.41,1.43,1.52,217,,,,,,,,,,,
02/02/2018,EFFR,1.42,1.4,1.42,1.43,1.5,108,1.25,1.5,,,,,,,,,
02/02/2018,OBFR,1.42,1.3,1.41,1.43,1.52,218,,,,,,,,,,,
02/01/2018,EFFR,1.42,1.4,1.42,1.43,1.5,109,1.25,1.5,,,,,,,,,
02/01/2018,OBFR,1.42,1.3,1.41,1.43,1.52,224,,,,,,,,,,,
01/31/2018,EFFR,1.34,1.3,1.33,1.34,1.5,104,1.25,1.5,,,,,,,,,
01/31/2018,OBFR,1.34,1.25,1.33,1.35,1.52,204,,,,,,,,,,,
01/30/2018,EFFR,1.42,1.4,1.42,1.43,1.48,102,1.25,1.5,,,,,,,,,
01/30/2018,OBFR,1.42,1.32,1.41,1.43,1.52,218,,,,,,,,,,,
01/29/2018,EFFR,1.42,1.4,1.42,1.44,1.5,91,1.25,1.5,,,,,,,,,
01/29/2018,OBFR,1.42,1.3,1.41,1.43,1.52,210,,,,,,,,,,,
01/26/2018,EFFR,1.42,1.4,1.42,1.44,1.5,90,1.25,1.5,,,,,,,,,
01/26/2018,OBFR,1.42,1.3,1.41,1.43,1.52,201,,,,,,,,,,,
01/25/2018,EFFR,1.42,1.4,1.42,1.44,1.5,88,1.25,1.5,,,,,,,,,
01/25/2018,OBFR,1.42,1.3,1.41,1.43,1.52,198,,,,,,,,,,,
01/24/2018,EFFR,1.42,1.4,1.42,1.44,1.55,90,1.25,1.5,,,,,,,,,
01/24/2018,OBFR,1.42,0.95,1.41,1.43,1.52,212,,,,,,,,,,,
01/23/2018,EFFR,1.42,1.4,1.42,1.43,1.55,91,1.25,1.5,,,,,,,,,
01/23/2018,OBFR,1.42,1.3,1.41,1.43,1.52,204,,,,,,,,,,,
01/22/2018,EFFR,1.42,1.4,1.42,1.43,1.55,87,1.25,1.5,,,,,,,,,
01/22/2018,OBFR,1.42,1.3,1.41,1.43,1.52,204,,,,,,,,,,,
01/19/2018,EFFR,1.42,1.4,1.42,1.43,1.5,86,1.25,1.5,,,,,,,,,
01/19/2018,OBFR,1.42,1.3,1.41,1.43,1.52,196,,,,,,,,,,,
01/18/2018,EFFR,1.42,1.4,1.42,1.43,1.5,86,1.25,1.5,,,,,,,,,
01/18/2018,OBFR,1.42,1.3,1.41,1.43,1.52,200,,,,,,,,,,,
01/17/2018,EFFR,1.42,1.4,1.42,1.43,1.65,93,1.25,1.5,,,,,,,,,
01/17/2018,OBFR,1.42,1.3,1.41,1.43,1.54,210,,,,,,,,,,,
01/16/2018,EFFR,1.42,1.4,1.41,1.43,1.5,88,1.25,1.5,,,,,,,,,
01/16/2018,OBFR,1.42,1.3,1.41,1.43,1.52,205,,,,,,,,,,,
01/12/2018,EFFR,1.42,1.4,1.41,1.43,1.5,95,1.25,1.5,,,,,,,,,
01/12/2018,OBFR,1.42,1.3,1.41,1.43,1.52,197,,,,,,,,,,,
01/11/2018,EFFR,1.42,1.4,1.41,1.43,1.5,95,1.25,1.5,,,,,,,,,
01/11/2018,OBFR,1.42,1.3,1.41,1.43,1.52,205,,,,,,,,,,,
01/10/2018,EFFR,1.42,1.4,1.41,1.43,1.5,97,1.25,1.5,,,,,,,,,
01/10/2018,OBFR,1.42,1.3,1.41,1.43,1.52,211,,,,,,,,,,,
01/09/2018,EFFR,1.42,1.4,1.41,1.43,1.5,94,1.25,1.5,,,,,,,,,
01/09/2018,OBFR,1.42,1.3,1.41,1.43,1.52,212,,,,,,,,,,,
01/08/2018,EFFR,1.42,1.4,1.41,1.43,1.5,93,1.25,1.5,,,,,,,,,
01/08/2018,OBFR,1.42,1.3,1.41,1.43,1.52,206,,,,,,,,,,,
01/05/2018,EFFR,1.42,1.3,1.41,1.43,1.5,98,1.25,1.5,,,,,,,,,
01/05/2018,OBFR,1.42,1.3,1.41,1.43,1.52,214,,,,,,,,,,,
01/04/2018,EFFR,1.42,1.35,1.41,1.43,1.5,92,1.25,1.5,,,,,,,,,
01/04/2018,OBFR,1.42,1.3,1.41,1.43,1.52,204,,,,,,,,,,,
01/03/2018,EFFR,1.42,1.4,1.41,1.42,1.53,93,1.25,1.5,,,,,,,,,
01/03/2018,OBFR,1.42,1.3,1.41,1.43,1.52,208,,,,,,,,,,,
01/02/2018,EFFR,1.42,1.35,1.41,1.42,1.56,84,1.25,1.5,,,,,,,,,
01/02/2018,OBFR,1.42,1.3,1.41,1.43,1.52,189,,,,,,,,,,,
12/29/2017,EFFR,1.33,1.28,1.3,1.33,1.56,62,1.25,1.5,,,,,,,,,
12/29/2017,OBFR,1.33,1.2,1.3,1.34,1.56,129,,,,,,,,,,,
12/28/2017,EFFR,1.42,1.4,1.41,1.42,1.56,93,1.25,1.5,,,,,,,,,
12/28/2017,OBFR,1.42,1.3,1.41,1.43,1.52,198,,,,,,,,,,,
12/27/2017,EFFR,1.42,1.4,1.41,1.42,1.55,95,1.25,1.5,,,,,,,,,
12/27/2017,OBFR,1.42,1.3,1.41,1.43,1.52,213,,,,,,,,,,,
12/26/2017,EFFR,1.42,1.39,1.41,1.42,1.55,91,1.25,1.5,,,,,,,,,
12/26/2017,OBFR,1.42,1.3,1.41,1.43,1.52,210,,,,,,,,,,,
12/22/2017,EFFR,1.42,1.35,1.41,1.42,1.5,89,1.25,1.5,,,,,,,,,
12/22/2017,OBFR,1.42,0.5,1.41,1.43,1.52,198,,,,,,,,,,,
12/21/2017,EFFR,1.42,1.35,1.41,1.42,1.55,89,1.25,1.5,,,,,,,,,
12/21/2017,OBFR,1.42,1.25,1.41,1.43,1.52,202,,,,,,,,,,,
12/20/2017,EFFR,1.42,1.35,1.41,1.42,1.55,91,1.25,1.5,,,,,,,,,
12/20/2017,OBFR,1.42,1.25,1.41,1.43,1.52,194,,,,,,,,,,,
12/19/2017,EFFR,1.42,1.39,1.41,1.43,1.53,89,1.25,1.5,,,,,,,,,
12/19/2017,OBFR,1.42,1.28,1.41,1.43,1.52,202,,,,,,,,,,,
12/18/2017,EFFR,1.42,1.39,1.41,1.42,1.55,84,1.25,1.5,,,,,,,,,
12/18/2017,OBFR,1.41,1.28,1.41,1.42,1.52,190,,,,,,,,,,,
12/15/2017,EFFR,1.41,1.39,1.41,1.42,1.5,91,1.25,1.5,,,,,,,,,
12/15/2017,OBFR,1.41,1.25,1.41,1.42,1.52,204,,,,,,,,,,,
12/14/2017,EFFR,1.41,1.39,1.41,1.42,1.5,85,1.25,1.5,,,,,,,,,
12/14/2017,OBFR,1.41,1.3,1.41,1.42,1.52,199,,,,,,,,,,,
12/13/2017,EFFR,1.17,1.15,1.16,1.17,1.3,97,1,1.25,,,,,,,,,
12/13/2017,OBFR,1.16,1.09,1.16,1.18,1.35,214,,,,,,,,,,,
12/12/2017,EFFR,1.17,1.15,1.16,1.17,1.3,94,1,1.25,,,,,,,,,
12/12/2017,OBFR,1.16,1.09,1.16,1.17,1.35,211,,,,,,,,,,,
12/11/2017,EFFR,1.16,1.15,1.16,1.17,1.3,92,1,1.25,,,,,,,,,
12/11/2017,OBFR,1.16,1.09,1.16,1.17,1.35,211,,,,,,,,,,,
12/08/2017,EFFR,1.16,1.1,1.16,1.17,1.25,94,1,1.25,,,,,,,,,
12/08/2017,OBFR,1.16,1.09,1.16,1.17,1.27,203,,,,,,,,,,,
12/07/2017,EFFR,1.16,1.15,1.16,1.17,1.3,93,1,1.25,,,,,,,,,
12/07/2017,OBFR,1.16,1.06,1.16,1.17,1.27,201,,,,,,,,,,,
12/06/2017,EFFR,1.16,1.15,1.16,1.17,1.3,90,1,1.25,,,,,,,,,
12/06/2017,OBFR,1.16,1.06,1.16,1.17,1.27,205,,,,,,,,,,,
12/05/2017,EFFR,1.16,1.14,1.16,1.17,1.28,93,1,1.25,,,,,,,,,
12/05/2017,OBFR,1.16,1.07,1.16,1.17,1.27,215,,,,,,,,,,,
12/04/2017,EFFR,1.16,1.15,1.16,1.17,1.25,94,1,1.25,,,,,,,,,
12/04/2017,OBFR,1.16,1.07,1.16,1.17,1.27,215,,,,,,,,,,,
12/01/2017,EFFR,1.16,1.05,1.16,1.17,1.28,101,1,1.25,,,,,,,,,
12/01/2017,OBFR,1.16,1.05,1.16,1.17,1.28,216,,,,,,,,,,,
11/30/2017,EFFR,1.07,1.05,1.07,1.08,1.3,81,1,1.25,,,,,,,,,
11/30/2017,OBFR,1.08,1.04,1.07,1.08,1.27,198,,,,,,,,,,,
11/29/2017,EFFR,1.16,1.14,1.16,1.17,1.25,89,1,1.25,,,,,,,,,
11/29/2017,OBFR,1.16,1.1,1.16,1.17,1.27,211,,,,,,,,,,,
11/28/2017,EFFR,1.16,1.14,1.16,1.17,1.3,87,1,1.25,,,,,,,,,
11/28/2017,OBFR,1.16,1.1,1.16,1.17,1.27,207,,,,,,,,,,,
11/27/2017,EFFR,1.16,1.14,1.16,1.17,1.3,88,1,1.25,,,,,,,,,
11/27/2017,OBFR,1.16,1.1,1.16,1.17,1.27,211,,,,,,,,,,,
11/24/2017,EFFR,1.16,1.13,1.16,1.17,1.3,84,1,1.25,,,,,,,,,
11/24/2017,OBFR,1.16,0.3,1.16,1.17,1.27,193,,,,,,,,,,,
11/22/2017,EFFR,1.16,1.14,1.16,1.17,1.28,86,1,1.25,,,,,,,,,
11/22/2017,OBFR,1.16,1.05,1.16,1.17,1.27,201,,,,,,,,,,,
11/21/2017,EFFR,1.16,1.05,1.16,1.17,1.28,90,1,1.25,,,,,,,,,
11/21/2017,OBFR,1.16,1.05,1.16,1.17,1.27,213,,,,,,,,,,,
11/20/2017,EFFR,1.16,1.14,1.16,1.17,1.28,90,1,1.25,,,,,,,,,
11/20/2017,OBFR,1.16,1.1,1.16,1.17,1.27,209,,,,,,,,,,,
11/17/2017,EFFR,1.16,1.14,1.16,1.17,1.3,84,1,1.25,,,,,,,,,
11/17/2017,OBFR,1.16,1.1,1.16,1.17,1.28,203,,,,,,,,,,,
11/16/2017,EFFR,1.16,1.13,1.16,1.17,1.28,84,1,1.25,,,,,,,,,
11/16/2017,OBFR,1.16,1.05,1.16,1.17,1.27,208,,,,,,,,,,,
11/15/2017,EFFR,1.16,1.14,1.16,1.17,1.28,89,1,1.25,,,,,,,,,
11/15/2017,OBFR,1.16,1.06,1.16,1.17,1.27,211,,,,,,,,,,,
11/14/2017,EFFR,1.16,1.14,1.16,1.17,1.25,86,1,1.25,,,,,,,,,
11/14/2017,OBFR,1.16,1.09,1.16,1.17,1.27,212,,,,,,,,,,,
11/13/2017,EFFR,1.16,1.14,1.16,1.17,1.25,93,1,1.25,,,,,,,,,
11/13/2017,OBFR,1.16,1.05,1.16,1.17,1.27,217,,,,,,,,,,,
11/10/2017,EFFR,1.16,1.14,1.16,1.17,1.25,98,1,1.25,,,,,,,,,
11/10/2017,OBFR,1.16,1.05,1.16,1.17,1.28,210,,,,,,,,,,,
11/09/2017,EFFR,1.16,1.14,1.16,1.17,1.22,97,1,1.25,,,,,,,,,
11/09/2017,OBFR,1.16,1.07,1.16,1.17,1.27,221,,,,,,,,,,,
11/08/2017,EFFR,1.16,1.15,1.16,1.17,1.25,97,1,1.25,,,,,,,,,
11/08/2017,OBFR,1.16,1.05,1.16,1.17,1.27,228,,,,,,,,,,,
11/07/2017,EFFR,1.16,1.14,1.16,1.17,1.25,98,1,1.25,,,,,,,,,
11/07/2017,OBFR,1.16,1.03,1.16,1.17,1.27,225,,,,,,,,,,,
11/06/2017,EFFR,1.16,1.14,1.16,1.17,1.25,94,1,1.25,,,,,,,,,
11/06/2017,OBFR,1.16,1.04,1.16,1.17,1.27,220,,,,,,,,,,,
11/03/2017,EFFR,1.16,1.14,1.16,1.17,1.25,98,1,1.25,,,,,,,,,
11/03/2017,OBFR,1.16,1.05,1.16,1.17,1.27,221,,,,,,,,,,,
11/02/2017,EFFR,1.16,1.15,1.16,1.17,1.25,96,1,1.25,,,,,,,,,
11/02/2017,OBFR,1.16,1.05,1.16,1.17,1.27,217,,,,,,,,,,,
11/01/2017,EFFR,1.16,1.12,1.16,1.17,1.25,99,1,1.25,,,,,,,,,
11/01/2017,OBFR,1.16,1.05,1.16,1.17,1.27,209,,,,,,,,,,,
10/31/2017,EFFR,1.07,1.05,1.07,1.08,1.28,93,1,1.25,,,,,,,,,
10/31/2017,OBFR,1.07,1,1.06,1.08,1.27,215,,,,,,,,,,,
10/30/2017,EFFR,1.16,1.15,1.16,1.17,1.25,92,1,1.25,,,,,,,,,
10/30/2017,OBFR,1.16,1.02,1.16,1.17,1.27,221,,,,,,,,,,,
10/27/2017,EFFR,1.16,1.15,1.16,1.17,1.25,97,1,1.25,,,,,,,,,
10/27/2017,OBFR,1.16,1.02,1.16,1.17,1.27,216,,,,,,,,,,,
10/26/2017,EFFR,1.16,1.15,1.16,1.17,1.25,97,1,1.25,,,,,,,,,
10/26/2017,OBFR,1.16,1.07,1.16,1.17,1.27,221,,,,,,,,,,,
10/25/2017,EFFR,1.16,1.15,1.16,1.17,1.25,93,1,1.25,,,,,,,,,
10/25/2017,OBFR,1.16,1.05,1.16,1.17,1.27,219,,,,,,,,,,,
10/24/2017,EFFR,1.16,1.15,1.16,1.17,1.25,90,1,1.25,,,,,,,,,
10/24/2017,OBFR,1.16,0.3,1.16,1.17,1.27,217,,,,,,,,,,,
10/23/2017,EFFR,1.16,1.14,1.16,1.17,1.25,85,1,1.25,,,,,,,,,
10/23/2017,OBFR,1.16,1.03,1.16,1.17,1.27,212,,,,,,,,,,,
10/20/2017,EFFR,1.16,1.15,1.16,1.17,1.25,86,1,1.25,,,,,,,,,
10/20/2017,OBFR,1.16,1.05,1.16,1.17,1.27,209,,,,,,,,,,,
10/19/2017,EFFR,1.16,1.14,1.16,1.17,1.25,86,1,1.25,,,,,,,,,
10/19/2017,OBFR,1.16,1.05,1.16,1.17,1.27,204,,,,,,,,,,,
10/18/2017,EFFR,1.16,1.15,1.16,1.17,1.25,87,1,1.25,,,,,,,,,
10/18/2017,OBFR,1.16,1.05,1.16,1.17,1.27,208,,,,,,,,,,,
10/17/2017,EFFR,1.16,1.15,1.16,1.17,1.25,86,1,1.25,,,,,,,,,
10/17/2017,OBFR,1.16,1.05,1.16,1.17,1.27,210,,,,,,,,,,,
10/16/2017,EFFR,1.16,1.15,1.16,1.17,1.28,91,1,1.25,,,,,,,,,
10/16/2017,OBFR,1.16,1.05,1.16,1.17,1.27,212,,,,,,,,,,,
10/13/2017,EFFR,1.16,1.15,1.16,1.17,1.25,92,1,1.25,,,,,,,,,
10/13/2017,OBFR,1.16,1.05,1.16,1.17,1.27,205,,,,,,,,,,,
10/12/2017,EFFR,1.16,1.15,1.16,1.17,1.25,87,1,1.25,,,,,,,,,
10/12/2017,OBFR,1.16,1.05,1.16,1.17,1.27,204,,,,,,,,,,,
10/11/2017,EFFR,1.16,1.14,1.16,1.17,1.25,90,1,1.25,,,,,,,,,
10/11/2017,OBFR,1.16,1.05,1.16,1.17,1.27,207,,,,,,,,,,,
10/10/2017,EFFR,1.16,1.15,1.16,1.17,1.25,91,1,1.25,,,,,,,,,
10/10/2017,OBFR,1.16,1.05,1.16,1.17,1.27,209,,,,,,,,,,,
10/06/2017,EFFR,1.16,1.14,1.16,1.17,1.25,95,1,1.25,,,,,,,,,
10/06/2017,OBFR,1.16,1,1.16,1.17,1.27,210,,,,,,,,,,,
10/05/2017,EFFR,1.16,1.11,1.16,1.17,1.25,94,1,1.25,,,,,,,,,
10/05/2017,OBFR,1.16,1.03,1.16,1.17,1.27,208,,,,,,,,,,,
10/04/2017,EFFR,1.16,1.05,1.16,1.17,1.22,93,1,1.25,,,,,,,,,
10/04/2017,OBFR,1.16,1.03,1.16,1.17,1.27,208,,,,,,,,,,,
10/03/2017,EFFR,1.16,1.14,1.16,1.17,1.25,91,1,1.25,,,,,,,,,
10/03/2017,OBFR,1.16,1.03,1.16,1.17,1.27,209,,,,,,,,,,,
10/02/2017,EFFR,1.16,1.05,1.16,1.17,1.25,93,1,1.25,,,,,,,,,
10/02/2017,OBFR,1.16,1,1.16,1.17,1.27,205,,,,,,,,,,,
09/29/2017,EFFR,1.06,1.03,1.05,1.07,1.3,84,1,1.25,,,,,,,,,
09/29/2017,OBFR,1.06,1,1.05,1.07,1.27,200,,,,,,,,,,,
09/28/2017,EFFR,1.16,1.11,1.16,1.17,1.25,98,1,1.25,,,,,,,,,
09/28/2017,OBFR,1.16,1.01,1.16,1.17,1.27,211,,,,,,,,,,,
09/27/2017,EFFR,1.16,1.13,1.16,1.17,1.25,98,1,1.25,,,,,,,,,
09/27/2017,OBFR,1.16,1.01,1.16,1.17,1.27,200,,,,,,,,,,,
09/26/2017,EFFR,1.16,1.05,1.16,1.17,1.25,93,1,1.25,,,,,,,,,
09/26/2017,OBFR,1.16,1.03,1.16,1.17,1.27,203,,,,,,,,,,,
09/25/2017,EFFR,1.16,1.15,1.16,1.17,1.25,96,1,1.25,,,,,,,,,
09/25/2017,OBFR,1.16,1,1.16,1.17,1.27,209,,,,,,,,,,,
09/22/2017,EFFR,1.16,1.13,1.16,1.17,1.25,96,1,1.25,,,,,,,,,
09/22/2017,OBFR,1.16,0.3,1.16,1.17,1.27,217,,,,,,,,,,,
09/21/2017,EFFR,1.16,1.15,1.16,1.17,1.3,83,1,1.25,,,,,,,,,
09/21/2017,OBFR,1.17,1,1.16,1.17,1.27,199,,,,,,,,,,,
09/20/2017,EFFR,1.16,1.15,1.16,1.17,1.3,81,1,1.25,,,,,,,,,
09/20/2017,OBFR,1.16,1,1.16,1.17,1.27,212,,,,,,,,,,,
09/19/2017,EFFR,1.16,1.15,1.16,1.17,1.25,81,1,1.25,,,,,,,,,
09/19/2017,OBFR,1.16,1.04,1.16,1.17,1.27,210,,,,,,,,,,,
09/18/2017,EFFR,1.16,1.15,1.16,1.17,1.3,83,1,1.25,,,,,,,,,
09/18/2017,OBFR,1.16,1.1,1.16,1.17,1.27,213,,,,,,,,,,,
09/15/2017,EFFR,1.16,1.1,1.16,1.17,1.25,92,1,1.25,,,,,,,,,
09/15/2017,OBFR,1.16,1,1.16,1.17,1.27,205,,,,,,,,,,,
09/14/2017,EFFR,1.16,1.13,1.16,1.17,1.25,84,1,1.25,,,,,,,,,
09/14/2017,OBFR,1.16,1.04,1.16,1.17,1.27,196,,,,,,,,,,,
09/13/2017,EFFR,1.16,1.13,1.16,1.17,1.22,95,1,1.25,,,,,,,,,
09/13/2017,OBFR,1.16,1.05,1.16,1.17,1.27,214,,,,,,,,,,,
09/12/2017,EFFR,1.16,1.15,1.16,1.17,1.25,93,1,1.25,,,,,,,,,
09/12/2017,OBFR,1.16,1.05,1.16,1.17,1.27,212,,,,,,,,,,,
09/11/2017,EFFR,1.16,1.15,1.16,1.17,1.25,90,1,1.25,,,,,,,,,
09/11/2017,OBFR,1.16,1,1.16,1.17,1.27,216,,,,,,,,,,,
09/08/2017,EFFR,1.16,1.15,1.16,1.17,1.25,92,1,1.25,,,,,,,,,
09/08/2017,OBFR,1.16,1.05,1.16,1.17,1.27,210,,,,,,,,,,,
09/07/2017,EFFR,1.16,1.15,1.16,1.17,1.25,89,1,1.25,,,,,,,,,
09/07/2017,OBFR,1.16,1.05,1.16,1.17,1.27,208,,,,,,,,,,,
09/06/2017,EFFR,1.16,1.13,1.16,1.17,1.22,93,1,1.25,,,,,,,,,
09/06/2017,OBFR,1.16,1.05,1.16,1.17,1.27,215,,,,,,,,,,,
09/05/2017,EFFR,1.16,1.14,1.16,1.17,1.25,93,1,1.25,,,,,,,,,
09/05/2017,OBFR,1.16,1.05,1.16,1.17,1.27,217,,,,,,,,,,,
09/01/2017,EFFR,1.16,1.15,1.16,1.17,1.25,97,1,1.25,,,,,,,,,
09/01/2017,OBFR,1.16,1.05,1.16,1.17,1.27,213,,,,,,,,,,,
08/31/2017,EFFR,1.07,1.05,1.07,1.08,1.28,91,1,1.25,,,,,,,,,
08/31/2017,OBFR,1.07,1,1.07,1.08,1.31,213,,,,,,,,,,,
08/30/2017,EFFR,1.16,1.15,1.16,1.17,1.25,95,1,1.25,,,,,,,,,
08/30/2017,OBFR,1.16,1.05,1.16,1.17,1.27,215,,,,,,,,,,,
08/29/2017,EFFR,1.16,1.1,1.16,1.17,1.25,92,1,1.25,,,,,,,,,
08/29/2017,OBFR,1.16,1.05,1.16,1.17,1.27,207,,,,,,,,,,,
08/28/2017,EFFR,1.16,1.14,1.16,1.17,1.25,92,1,1.25,,,,,,,,,
08/28/2017,OBFR,1.16,1.05,1.16,1.17,1.27,209,,,,,,,,,,,
08/25/2017,EFFR,1.16,1.14,1.16,1.17,1.25,97,1,1.25,,,,,,,,,
08/25/2017,OBFR,1.16,1.02,1.16,1.17,1.27,216,,,,,,,,,,,
08/24/2017,EFFR,1.16,1.14,1.16,1.17,1.25,90,1,1.25,,,,,,,,,
08/24/2017,OBFR,1.16,0.75,1.16,1.17,1.27,215,,,,,,,,,,,
08/23/2017,EFFR,1.16,1.14,1.16,1.17,1.25,93,1,1.25,,,,,,,,,
08/23/2017,OBFR,1.16,1.05,1.16,1.17,1.27,215,,,,,,,,,,,
08/22/2017,EFFR,1.16,1.1,1.16,1.17,1.25,93,1,1.25,,,,,,,,,
08/22/2017,OBFR,1.16,1,1.16,1.17,1.27,212,,,,,,,,,,,
08/21/2017,EFFR,1.16,1.14,1.16,1.17,1.25,92,1,1.25,,,,,,,,,
08/21/2017,OBFR,1.16,1.05,1.16,1.17,1.27,216,,,,,,,,,,,
08/18/2017,EFFR,1.16,1.15,1.16,1.17,1.25,94,1,1.25,,,,,,,,,
08/18/2017,OBFR,1.16,1.02,1.16,1.17,1.27,212,,,,,,,,,,,
08/17/2017,EFFR,1.16,1.15,1.16,1.17,1.25,95,1,1.25,,,,,,,,,
08/17/2017,OBFR,1.16,1,1.16,1.17,1.27,224,,,,,,,,,,,
08/16/2017,EFFR,1.16,1.14,1.16,1.17,1.22,101,1,1.25,,,,,,,,,
08/16/2017,OBFR,1.16,1.05,1.16,1.17,1.27,226,,,,,,,,,,,
08/15/2017,EFFR,1.16,1.14,1.16,1.17,1.25,93,1,1.25,,,,,,,,,
08/15/2017,OBFR,1.16,1.05,1.16,1.17,1.27,216,,,,,,,,,,,
08/14/2017,EFFR,1.16,1.14,1.16,1.17,1.25,95,1,1.25,,,,,,,,,
08/14/2017,OBFR,1.16,1,1.16,1.17,1.3,220,,,,,,,,,,,
08/11/2017,EFFR,1.16,1.1,1.16,1.17,1.25,97,1,1.25,,,,,,,,,
08/11/2017,OBFR,1.16,1.05,1.16,1.17,1.27,220,,,,,,,,,,,
08/10/2017,EFFR,1.16,1.14,1.16,1.17,1.25,98,1,1.25,,,,,,,,,
08/10/2017,OBFR,1.16,1.05,1.16,1.17,1.27,221,,,,,,,,,,,
08/09/2017,EFFR,1.16,1.15,1.16,1.17,1.25,96,1,1.25,,,,,,,,,
08/09/2017,OBFR,1.16,1.05,1.16,1.17,1.28,220,,,,,,,,,,,
08/08/2017,EFFR,1.16,1.14,1.16,1.17,1.25,102,1,1.25,,,,,,,,,
08/08/2017,OBFR,1.16,1.03,1.16,1.17,1.28,223,,,,,,,,,,,
08/07/2017,EFFR,1.16,1.14,1.16,1.17,1.25,102,1,1.25,,,,,,,,,
08/07/2017,OBFR,1.16,1.03,1.16,1.17,1.28,224,,,,,,,,,,,
08/04/2017,EFFR,1.16,1.15,1.16,1.17,1.25,102,1,1.25,,,,,,,,,
08/04/2017,OBFR,1.16,1.05,1.16,1.17,1.28,225,,,,,,,,,,,
08/03/2017,EFFR,1.16,1.15,1.16,1.17,1.25,106,1,1.25,,,,,,,,,
08/03/2017,OBFR,1.16,1.02,1.16,1.17,1.28,233,,,,,,,,,,,
08/02/2017,EFFR,1.16,1.15,1.16,1.17,1.25,106,1,1.25,,,,,,,,,
08/02/2017,OBFR,1.16,1.04,1.16,1.17,1.28,229,,,,,,,,,,,
08/01/2017,EFFR,1.16,1.1,1.16,1.17,1.22,100,1,1.25,,,,,,,,,
08/01/2017,OBFR,1.16,1.05,1.16,1.17,1.28,220,,,,,,,,,,,
07/31/2017,EFFR,1.07,1.04,1.07,1.07,1.25,94,1,1.25,,,,,,,,,
07/31/2017,OBFR,1.07,1,1.07,1.08,1.28,212,,,,,,,,,,,
07/28/2017,EFFR,1.16,1.14,1.16,1.17,1.25,100,1,1.25,,,,,,,,,
07/28/2017,OBFR,1.16,1,1.16,1.17,1.28,221,,,,,,,,,,,
07/27/2017,EFFR,1.16,1.15,1.16,1.17,1.25,99,1,1.25,,,,,,,,,
07/27/2017,OBFR,1.16,1.02,1.16,1.17,1.28,219,,,,,,,,,,,
07/26/2017,EFFR,1.16,1.14,1.16,1.17,1.28,89,1,1.25,,,,,,,,,
07/26/2017,OBFR,1.16,1.02,1.16,1.17,1.28,217,,,,,,,,,,,
07/25/2017,EFFR,1.16,1.15,1.16,1.17,1.25,92,1,1.25,,,,,,,,,
07/25/2017,OBFR,1.16,1,1.16,1.17,1.28,219,,,,,,,,,,,
07/24/2017,EFFR,1.16,1.15,1.16,1.17,1.3,88,1,1.25,,,,,,,,,
07/24/2017,OBFR,1.16,0.4,1.16,1.17,1.28,211,,,,,,,,,,,
07/21/2017,EFFR,1.16,1.15,1.16,1.17,1.31,90,1,1.25,,,,,,,,,
07/21/2017,OBFR,1.16,1.02,1.16,1.17,1.28,213,,,,,,,,,,,
07/20/2017,EFFR,1.16,1.15,1.16,1.17,1.3,88,1,1.25,,,,,,,,,
07/20/2017,OBFR,1.16,1.05,1.16,1.17,1.28,214,,,,,,,,,,,
07/19/2017,EFFR,1.16,1.15,1.16,1.17,1.25,85,1,1.25,,,,,,,,,
07/19/2017,OBFR,1.16,1.02,1.16,1.17,1.27,203,,,,,,,,,,,
07/18/2017,EFFR,1.16,1.12,1.16,1.17,1.25,87,1,1.25,,,,,,,,,
07/18/2017,OBFR,1.16,1.05,1.16,1.17,1.27,189,,,,,,,,,,,
07/17/2017,EFFR,1.16,1.12,1.16,1.17,1.3,92,1,1.25,,,,,,,,,
07/17/2017,OBFR,1.16,1.05,1.16,1.17,1.28,212,,,,,,,,,,,
07/14/2017,EFFR,1.16,1.14,1.16,1.17,1.25,91,1,1.25,,,,,,,,,
07/14/2017,OBFR,1.16,1.04,1.16,1.17,1.28,211,,,,,,,,,,,
07/13/2017,EFFR,1.16,1.15,1.16,1.17,1.25,89,1,1.25,,,,,,,,,
07/13/2017,OBFR,1.16,1.04,1.16,1.17,1.28,202,,,,,,,,,,,
07/12/2017,EFFR,1.16,1.15,1.16,1.17,1.25,92,1,1.25,,,,,,,,,
07/12/2017,OBFR,1.16,1.03,1.16,1.17,1.28,209,,,,,,,,,,,
07/11/2017,EFFR,1.16,1.14,1.16,1.17,1.25,92,1,1.25,,,,,,,,,
07/11/2017,OBFR,1.16,1.03,1.16,1.17,1.28,214,,,,,,,,,,,
07/10/2017,EFFR,1.16,1.15,1.16,1.17,1.3,89,1,1.25,,,,,,,,,
07/10/2017,OBFR,1.16,1,1.16,1.17,1.28,208,,,,,,,,,,,
07/07/2017,EFFR,1.16,1.15,1.16,1.17,1.28,89,1,1.25,,,,,,,,,
07/07/2017,OBFR,1.16,1.05,1.16,1.17,1.28,206,,,,,,,,,,,
07/06/2017,EFFR,1.16,1.15,1.16,1.17,1.3,82,1,1.25,,,,,,,,,
07/06/2017,OBFR,1.16,1.05,1.16,1.17,1.28,210,,,,,,,,,,,
07/05/2017,EFFR,1.16,1.05,1.16,1.17,1.3,83,1,1.25,,,,,,,,,
07/05/2017,OBFR,1.16,1,1.16,1.17,1.28,208,,,,,,,,,,,
07/03/2017,EFFR,1.16,1.14,1.16,1.17,1.31,85,1,1.25,,,,,,,,,
07/03/2017,OBFR,1.16,1,1.16,1.17,1.28,186,,,,,,,,,,,
06/30/2017,EFFR,1.06,1.02,1.05,1.06,1.31,72,1,1.25,,,,,,,,,
06/30/2017,OBFR,1.06,0.9,1.05,1.06,1.31,152,,,,,,,,,,,
06/29/2017,EFFR,1.16,1.15,1.16,1.17,1.3,88,1,1.25,,,,,,,,,
06/29/2017,OBFR,1.16,1,1.16,1.17,1.28,192,,,,,,,,,,,
06/28/2017,EFFR,1.16,1.15,1.16,1.17,1.3,86,1,1.25,,,,,,,,,
06/28/2017,OBFR,1.16,1,1.16,1.17,1.28,194,,,,,,,,,,,
06/27/2017,EFFR,1.16,1.15,1.16,1.17,1.31,82,1,1.25,,,,,,,,,
06/27/2017,OBFR,1.16,1,1.16,1.17,1.28,206,,,,,,,,,,,
06/26/2017,EFFR,1.16,1.15,1.16,1.17,1.31,81,1,1.25,,,,,,,,,
06/26/2017,OBFR,1.16,1,1.16,1.17,1.28,201,,,,,,,,,,,
06/23/2017,EFFR,1.16,1.15,1.16,1.17,1.31,83,1,1.25,,,,,,,,,
06/23/2017,OBFR,1.16,0.15,1.16,1.17,1.28,205,,,,,,,,,,,
06/22/2017,EFFR,1.16,1.15,1.16,1.17,1.31,78,1,1.25,,,,,,,,,
06/22/2017,OBFR,1.16,1,1.16,1.17,1.28,201,,,,,,,,,,,
06/21/2017,EFFR,1.16,1.15,1.16,1.17,1.28,79,1,1.25,,,,,,,,,
06/21/2017,OBFR,1.16,1,1.16,1.17,1.28,206,,,,,,,,,,,
06/20/2017,EFFR,1.16,1.14,1.16,1.17,1.28,79,1,1.25,,,,,,,,,
06/20/2017,OBFR,1.16,1,1.16,1.17,1.28,212,,,,,,,,,,,
06/19/2017,EFFR,1.16,1.15,1.16,1.17,1.25,74,1,1.25,,,,,,,,,
06/19/2017,OBFR,1.16,1,1.16,1.17,1.28,202,,,,,,,,,,,
06/16/2017,EFFR,1.16,1.15,1.16,1.17,1.25,72,1,1.25,,,,,,,,,
06/16/2017,OBFR,1.16,1.05,1.16,1.17,1.28,197,,,,,,,,,,,
06/15/2017,EFFR,1.16,1.15,1.16,1.17,1.22,73,1,1.25,,,,,,,,,
06/15/2017,OBFR,1.16,1.05,1.16,1.17,1.28,199,,,,,,,,,,,
06/14/2017,EFFR,0.91,0.89,0.91,0.92,1,75,0.75,1,,,,,,,,,
06/14/2017,OBFR,0.91,0.8,0.91,0.92,1.03,197,,,,,,,,,,,
06/13/2017,EFFR,0.91,0.9,0.91,0.92,1.05,79,0.75,1,,,,,,,,,
06/13/2017,OBFR,0.91,0.7,0.91,0.92,1.03,202,,,,,,,,,,,
06/12/2017,EFFR,0.91,0.89,0.91,0.92,1.03,80,0.75,1,,,,,,,,,
06/12/2017,OBFR,0.91,0.7,0.91,0.92,1.02,201,,,,,,,,,,,
06/09/2017,EFFR,0.91,0.9,0.91,0.92,1,84,0.75,1,,,,,,,,,
06/09/2017,OBFR,0.91,0.82,0.91,0.92,1.02,203,,,,,,,,,,,
06/08/2017,EFFR,0.91,0.9,0.91,0.92,1,87,0.75,1,,,,,,,,,
06/08/2017,OBFR,0.91,0.8,0.91,0.92,1.03,205,,,,,,,,,,,
06/07/2017,EFFR,0.91,0.9,0.91,0.92,1,86,0.75,1,,,,,,,,,
06/07/2017,OBFR,0.91,0.8,0.91,0.92,1.03,205,,,,,,,,,,,
06/06/2017,EFFR,0.91,0.9,0.91,0.92,1,86,0.75,1,,,,,,,,,
06/06/2017,OBFR,0.91,0.78,0.91,0.92,1.03,211,,,,,,,,,,,
06/05/2017,EFFR,0.91,0.9,0.91,0.92,1.05,88,0.75,1,,,,,,,,,
06/05/2017,OBFR,0.91,0.78,0.91,0.92,1.03,218,,,,,,,,,,,
06/02/2017,EFFR,0.91,0.9,0.91,0.92,1,92,0.75,1,,,,,,,,,
06/02/2017,OBFR,0.91,0.8,0.91,0.92,1.03,215,,,,,,,,,,,
06/01/2017,EFFR,0.91,0.8,0.91,0.92,1.05,84,0.75,1,,,,,,,,,
06/01/2017,OBFR,0.91,0.8,0.91,0.92,1.03,201,,,,,,,,,,,
05/31/2017,EFFR,0.83,0.81,0.82,0.83,1.05,79,0.75,1,,,,,,,,r,
05/31/2017,OBFR,0.83,0.75,0.82,0.83,1.03,197,,,,,,,,,,,
05/30/2017,EFFR,0.91,0.9,0.91,0.92,1,86,0.75,1,,,,,,,,,
05/30/2017,OBFR,0.91,0.8,0.91,0.92,1.03,206,,,,,,,,,,,
05/26/2017,EFFR,0.91,0.9,0.91,0.92,1,85,0.75,1,,,,,,,,,
05/26/2017,OBFR,0.91,0.8,0.91,0.92,1.03,198,,,,,,,,,,,
05/25/2017,EFFR,0.91,0.9,0.91,0.92,1.05,86,0.75,1,,,,,,,,,
05/25/2017,OBFR,0.91,0.78,0.91,0.92,1.03,210,,,,,,,,,,,
05/24/2017,EFFR,0.91,0.9,0.91,0.92,1,79,0.75,1,,,,,,,,,
05/24/2017,OBFR,0.91,0.15,0.91,0.92,1.03,202,,,,,,,,,,,
05/23/2017,EFFR,0.91,0.9,0.91,0.92,1.05,79,0.75,1,,,,,,,,,
05/23/2017,OBFR,0.91,0.8,0.91,0.92,1.03,203,,,,,,,,,,,
05/22/2017,EFFR,0.91,0.9,0.91,0.92,1.05,80,0.75,1,,,,,,,,,
05/22/2017,OBFR,0.91,0.78,0.91,0.92,1.03,207,,,,,,,,,,,
05/19/2017,EFFR,0.91,0.9,0.91,0.92,1,82,0.75,1,,,,,,,,,
05/19/2017,OBFR,0.91,0.8,0.91,0.92,1.03,206,,,,,,,,,,,
05/18/2017,EFFR,0.91,0.9,0.91,0.92,1,73,0.75,1,,,,,,,,,
05/18/2017,OBFR,0.91,0.8,0.91,0.92,1.03,196,,,,,,,,,,,
05/17/2017,EFFR,0.91,0.89,0.91,0.92,1,80,0.75,1,,,,,,,,,
05/17/2017,OBFR,0.91,0.8,0.91,0.92,1.03,204,,,,,,,,,,,
05/16/2017,EFFR,0.91,0.85,0.91,0.92,1,79,0.75,1,,,,,,,,,
05/16/2017,OBFR,0.91,0.75,0.91,0.93,1.03,209,,,,,,,,,,,
05/15/2017,EFFR,0.91,0.89,0.91,0.92,0.97,83,0.75,1,,,,,,,,,
05/15/2017,OBFR,0.91,0.78,0.91,0.92,1.03,213,,,,,,,,,,,
05/12/2017,EFFR,0.91,0.89,0.91,0.92,0.97,78,0.75,1,,,,,,,,,
05/12/2017,OBFR,0.91,0.78,0.91,0.92,1.02,199,,,,,,,,,,,
05/11/2017,EFFR,0.91,0.89,0.91,0.92,0.97,73,0.75,1,,,,,,,,,
05/11/2017,OBFR,0.91,0.8,0.91,0.92,1.02,198,,,,,,,,,,,
05/10/2017,EFFR,0.91,0.89,0.91,0.92,1,73,0.75,1,,,,,,,,,
05/10/2017,OBFR,0.91,0.8,0.91,0.92,1.02,198,,,,,,,,,,,
05/09/2017,EFFR,0.91,0.89,0.91,0.92,1,74,0.75,1,,,,,,,,,
05/09/2017,OBFR,0.91,0.8,0.91,0.92,1.02,196,,,,,,,,,,,
05/08/2017,EFFR,0.91,0.89,0.91,0.92,1,78,0.75,1,,,,,,,,,
05/08/2017,OBFR,0.91,0.8,0.91,0.92,1.02,197,,,,,,,,,,,
05/05/2017,EFFR,0.91,0.9,0.91,0.92,1,79,0.75,1,,,,,,,,,
05/05/2017,OBFR,0.91,0.77,0.91,0.92,1.02,196,,,,,,,,,,,
05/04/2017,EFFR,0.91,0.9,0.91,0.92,1.03,74,0.75,1,,,,,,,,,
05/04/2017,OBFR,0.91,0.78,0.91,0.92,1.02,199,,,,,,,,,,,
05/03/2017,EFFR,0.91,0.89,0.91,0.92,1,75,0.75,1,,,,,,,,,
05/03/2017,OBFR,0.91,0.75,0.91,0.92,1.02,197,,,,,,,,,,,
05/02/2017,EFFR,0.91,0.9,0.91,0.92,1.03,71,0.75,1,,,,,,,,,
05/02/2017,OBFR,0.91,0.8,0.91,0.92,1.02,195,,,,,,,,,,,
05/01/2017,EFFR,0.91,0.89,0.91,0.92,1.05,70,0.75,1,,,,,,,,,
05/01/2017,OBFR,0.91,0.75,0.91,0.92,1.02,174,,,,,,,,,,,
04/28/2017,EFFR,0.83,0.8,0.82,0.84,1.06,65,0.75,1,,,,,,,,,
04/28/2017,OBFR,0.83,0.79,0.82,0.83,1.06,169,,,,,,,,,,,
04/27/2017,EFFR,0.91,0.82,0.91,0.92,1.05,72,0.75,1,,,,,,,,,
04/27/2017,OBFR,0.91,0.55,0.91,0.92,1.02,186,,,,,,,,,,,
04/26/2017,EFFR,0.91,0.89,0.91,0.92,1,74,0.75,1,,,,,,,,,
04/26/2017,OBFR,0.91,0.78,0.91,0.92,1.02,188,,,,,,,,,,,
04/25/2017,EFFR,0.91,0.89,0.91,0.92,1.05,68,0.75,1,,,,,,,,,
04/25/2017,OBFR,0.91,0.75,0.91,0.92,1.02,191,,,,,,,,,,,
04/24/2017,EFFR,0.91,0.9,0.91,0.92,1.05,69,0.75,1,,,,,,,,,
04/24/2017,OBFR,0.91,0.15,0.91,0.92,1.02,202,,,,,,,,,,,
04/21/2017,EFFR,0.91,0.89,0.91,0.92,1,73,0.75,1,,,,,,,,,
04/21/2017,OBFR,0.91,0.75,0.91,0.92,1.02,202,,,,,,,,,,,
04/20/2017,EFFR,0.91,0.9,0.91,0.92,1,76,0.75,1,,,,,,,,,
04/20/2017,OBFR,0.91,0.75,0.91,0.92,1.02,197,,,,,,,,,,,
04/19/2017,EFFR,0.91,0.9,0.91,0.92,1,73,0.75,1,,,,,,,,,
04/19/2017,OBFR,0.91,0.75,0.91,0.92,1.02,194,,,,,,,,,,,
04/18/2017,EFFR,0.91,0.89,0.91,0.92,1,68,0.75,1,,,,,,,,,
04/18/2017,OBFR,0.91,0.75,0.91,0.92,1.02,193,,,,,,,,,,,
04/17/2017,EFFR,0.91,0.83,0.91,0.91,1,73,0.75,1,,,,,,,,,
04/17/2017,OBFR,0.91,0.75,0.91,0.92,1.02,192,,,,,,,,,,,
04/14/2017,EFFR,0.91,0.8,0.91,0.91,1,80,0.75,1,,,,,,,,,
04/14/2017,OBFR,0.91,0.65,0.91,0.91,1.02,97,,,,,,,,,,,
04/13/2017,EFFR,0.91,0.8,0.91,0.92,1,78,0.75,1,,,,,,,,,
04/13/2017,OBFR,0.91,0.65,0.91,0.92,1.02,104,,,,,,,,,,,
04/12/2017,EFFR,0.91,0.8,0.91,0.92,1,78,0.75,1,,,,,,,,,
04/12/2017,OBFR,0.91,0.75,0.91,0.92,1.02,190,,,,,,,,,,,
04/11/2017,EFFR,0.91,0.8,0.91,0.92,1,75,0.75,1,,,,,,,,,
04/11/2017,OBFR,0.91,0.75,0.91,0.92,1.02,193,,,,,,,,,,,
04/10/2017,EFFR,0.91,0.8,0.91,0.92,1,74,0.75,1,,,,,,,,,
04/10/2017,OBFR,0.91,0.75,0.91,0.92,1.02,187,,,,,,,,,,,
04/07/2017,EFFR,0.91,0.8,0.91,0.91,1,78,0.75,1,,,,,,,,,
04/07/2017,OBFR,0.91,0.75,0.91,0.92,1.02,191,,,,,,,,,,,
04/06/2017,EFFR,0.91,0.85,0.91,0.91,1,79,0.75,1,,,,,,,,,
04/06/2017,OBFR,0.91,0.75,0.91,0.92,1.02,192,,,,,,,,,,,
04/05/2017,EFFR,0.91,0.83,0.91,0.91,0.97,76,0.75,1,,,,,,,,,
04/05/2017,OBFR,0.91,0.75,0.91,0.92,1.02,189,,,,,,,,,,,
04/04/2017,EFFR,0.91,0.8,0.91,0.91,0.97,81,0.75,1,,,,,,,,,
04/04/2017,OBFR,0.91,0.75,0.91,0.92,1.02,193,,,,,,,,,,,
04/03/2017,EFFR,0.91,0.77,0.91,0.91,1,82,0.75,1,,,,,,,,,
04/03/2017,OBFR,0.91,0.75,0.91,0.92,1.02,189,,,,,,,,,,,
03/31/2017,EFFR,0.82,0.75,0.8,0.82,1,74,0.75,1,,,,,,,,,
03/31/2017,OBFR,0.82,0.7,0.8,0.82,1.02,167,,,,,,,,,,,
03/30/2017,EFFR,0.91,0.83,0.91,0.91,1,79,0.75,1,,,,,,,,,
03/30/2017,OBFR,0.91,0.7,0.91,0.92,1.02,171,,,,,,,,,,,
03/29/2017,EFFR,0.91,0.89,0.91,0.91,1,84,0.75,1,,,,,,,,,
03/29/2017,OBFR,0.91,0.65,0.91,0.92,1.02,174,,,,,,,,,,,
03/28/2017,EFFR,0.91,0.8,0.91,0.91,1,86,0.75,1,,,,,,,,,
03/28/2017,OBFR,0.91,0.75,0.91,0.92,1.02,184,,,,,,,,,,,
03/27/2017,EFFR,0.91,0.89,0.91,0.91,1.03,84,0.75,1,,,,,,,,,
03/27/2017,OBFR,0.91,0.75,0.91,0.92,1.02,189,,,,,,,,,,,
03/24/2017,EFFR,0.91,0.83,0.91,0.91,1.05,85,0.75,1,,,,,,,,,
03/24/2017,OBFR,0.91,0.15,0.91,0.92,1.02,200,,,,,,,,,,,
03/23/2017,EFFR,0.91,0.85,0.91,0.91,1.03,80,0.75,1,,,,,,,,,
03/23/2017,OBFR,0.91,0.75,0.91,0.92,1.02,196,,,,,,,,,,,
03/22/2017,EFFR,0.91,0.8,0.91,0.91,1,81,0.75,1,,,,,,,,,
03/22/2017,OBFR,0.91,0.7,0.91,0.92,1.02,200,,,,,,,,,,,
03/21/2017,EFFR,0.91,0.8,0.91,0.91,1.03,83,0.75,1,,,,,,,,,
03/21/2017,OBFR,0.91,0.75,0.91,0.92,1.02,208,,,,,,,,,,,
03/20/2017,EFFR,0.91,0.89,0.91,0.91,1.05,80,0.75,1,,,,,,,,,
03/20/2017,OBFR,0.91,0.75,0.91,0.92,1.02,202,,,,,,,,,,,
03/17/2017,EFFR,0.91,0.8,0.91,0.91,1.03,83,0.75,1,,,,,,,,,
03/17/2017,OBFR,0.91,0.75,0.91,0.92,1.02,209,,,,,,,,,,,
03/16/2017,EFFR,0.91,0.8,0.91,0.91,1.03,85,0.75,1,,,,,,,,,
03/16/2017,OBFR,0.91,0.75,0.91,0.91,1.02,209,,,,,,,,,,,
03/15/2017,EFFR,0.66,0.55,0.66,0.67,0.8,88,0.5,0.75,,,,,,,,,
03/15/2017,OBFR,0.66,0.5,0.66,0.67,0.77,221,,,,,,,,,,,
03/14/2017,EFFR,0.66,0.6,0.66,0.67,0.75,79,0.5,0.75,,,,,,,,,
03/14/2017,OBFR,0.66,0.53,0.66,0.67,0.77,195,,,,,,,,,,,
03/13/2017,EFFR,0.66,0.55,0.66,0.67,0.75,83,0.5,0.75,,,,,,,,,
03/13/2017,OBFR,0.66,0.5,0.66,0.67,0.77,205,,,,,,,,,,,
03/10/2017,EFFR,0.66,0.58,0.66,0.67,0.78,84,0.5,0.75,,,,,,,,,
03/10/2017,OBFR,0.66,0.5,0.66,0.67,0.77,206,,,,,,,,,,,
03/09/2017,EFFR,0.66,0.64,0.66,0.67,0.8,86,0.5,0.75,,,,,,,,,
03/09/2017,OBFR,0.66,0.55,0.66,0.67,0.77,207,,,,,,,,,,,
03/08/2017,EFFR,0.66,0.64,0.66,0.67,0.8,84,0.5,0.75,,,,,,,,,
03/08/2017,OBFR,0.66,0.54,0.66,0.67,0.77,207,,,,,,,,,,,
03/07/2017,EFFR,0.66,0.62,0.66,0.67,0.75,83,0.5,0.75,,,,,,,,,
03/07/2017,OBFR,0.66,0.53,0.66,0.67,0.77,205,,,,,,,,,,,
03/06/2017,EFFR,0.66,0.6,0.66,0.67,0.8,83,0.5,0.75,,,,,,,,,
03/06/2017,OBFR,0.66,0.5,0.66,0.67,0.77,210,,,,,,,,,,,
03/03/2017,EFFR,0.66,0.6,0.66,0.67,0.75,88,0.5,0.75,,,,,,,,,
03/03/2017,OBFR,0.66,0.5,0.66,0.67,0.77,211,,,,,,,,,,,
03/02/2017,EFFR,0.66,0.53,0.66,0.67,0.78,85,0.5,0.75,,,,,,,,,
03/02/2017,OBFR,0.66,0.5,0.66,0.67,0.77,221,,,,,,,,,,,
03/01/2017,EFFR,0.66,0.6,0.66,0.67,0.75,84,0.5,0.75,,,,,,,,,
03/01/2017,OBFR,0.66,0.53,0.66,0.67,0.77,210,,,,,,,,,,,
02/28/2017,EFFR,0.57,0.55,0.56,0.57,0.78,86,0.5,0.75,,,,,,,,,
02/28/2017,OBFR,0.57,0.5,0.56,0.57,0.77,202,,,,,,,,,,,
02/27/2017,EFFR,0.66,0.6,0.66,0.67,0.78,85,0.5,0.75,,,,,,,,,
02/27/2017,OBFR,0.66,0.5,0.66,0.67,0.77,226,,,,,,,,,,,
02/24/2017,EFFR,0.66,0.55,0.66,0.67,0.8,87,0.5,0.75,,,,,,,,,
02/24/2017,OBFR,0.66,0.15,0.66,0.67,0.77,224,,,,,,,,,,,
02/23/2017,EFFR,0.66,0.55,0.66,0.67,0.8,88,0.5,0.75,,,,,,,,,
02/23/2017,OBFR,0.66,0.53,0.66,0.67,0.77,227,,,,,,,,,,,
02/22/2017,EFFR,0.66,0.55,0.66,0.67,0.8,81,0.5,0.75,,,,,,,,,
02/22/2017,OBFR,0.66,0.53,0.66,0.68,0.77,223,,,,,,,,,,,
02/21/2017,EFFR,0.66,0.6,0.66,0.67,0.8,74,0.5,0.75,,,,,,,,,
02/21/2017,OBFR,0.66,0.53,0.66,0.67,0.77,215,,,,,,,,,,,
02/17/2017,EFFR,0.66,0.64,0.66,0.67,0.8,82,0.5,0.75,,,,,,,,,
02/17/2017,OBFR,0.66,0.53,0.66,0.67,0.77,221,,,,,,,,,,,
02/16/2017,EFFR,0.66,0.63,0.66,0.67,0.8,81,0.5,0.75,,,,,,,,,
02/16/2017,OBFR,0.66,0.52,0.66,0.67,0.77,220,,,,,,,,,,,
02/15/2017,EFFR,0.66,0.6,0.66,0.67,0.8,79,0.5,0.75,,,,,,,,,
02/15/2017,OBFR,0.66,0.53,0.66,0.67,0.77,210,,,,,,,,,,,
02/14/2017,EFFR,0.66,0.64,0.66,0.67,0.8,73,0.5,0.75,,,,,,,,,
02/14/2017,OBFR,0.66,0.5,0.66,0.67,0.77,204,,,,,,,,,,,
02/13/2017,EFFR,0.66,0.6,0.66,0.67,0.8,75,0.5,0.75,,,,,,,,,
02/13/2017,OBFR,0.66,0.5,0.66,0.67,0.77,207,,,,,,,,,,,
02/10/2017,EFFR,0.66,0.64,0.66,0.67,0.8,78,0.5,0.75,,,,,,,,,
02/10/2017,OBFR,0.66,0.5,0.66,0.67,0.77,216,,,,,,,,,,,
02/09/2017,EFFR,0.66,0.64,0.66,0.67,0.8,76,0.5,0.75,,,,,,,,,
02/09/2017,OBFR,0.66,0.53,0.66,0.67,0.77,204,,,,,,,,,,,
02/08/2017,EFFR,0.66,0.64,0.66,0.67,0.8,80,0.5,0.75,,,,,,,,,
02/08/2017,OBFR,0.66,0.53,0.66,0.67,0.77,210,,,,,,,,,,,
02/07/2017,EFFR,0.66,0.6,0.66,0.67,0.8,75,0.5,0.75,,,,,,,,,
02/07/2017,OBFR,0.66,0.5,0.66,0.67,0.77,205,,,,,,,,,,,
02/06/2017,EFFR,0.66,0.62,0.66,0.67,0.8,82,0.5,0.75,,,,,,,,,
02/06/2017,OBFR,0.66,0.53,0.66,0.67,0.77,215,,,,,,,,,,,
02/03/2017,EFFR,0.66,0.62,0.66,0.67,0.8,82,0.5,0.75,,,,,,,,,
02/03/2017,OBFR,0.66,0.53,0.66,0.67,0.77,201,,,,,,,,,,,
02/02/2017,EFFR,0.66,0.63,0.66,0.67,0.8,82,0.5,0.75,,,,,,,,,
02/02/2017,OBFR,0.66,0.53,0.66,0.67,0.77,202,,,,,,,,,,,
02/01/2017,EFFR,0.66,0.62,0.66,0.67,0.8,80,0.5,0.75,,,,,,,,,
02/01/2017,OBFR,0.66,0.5,0.66,0.67,0.77,198,,,,,,,,,,,
01/31/2017,EFFR,0.56,0.55,0.56,0.57,0.8,74,0.5,0.75,,,,,,,,,
01/31/2017,OBFR,0.56,0.5,0.56,0.58,0.77,201,,,,,,,,,,,
01/30/2017,EFFR,0.66,0.65,0.66,0.67,0.8,71,0.5,0.75,,,,,,,,,
01/30/2017,OBFR,0.66,0.5,0.66,0.67,0.77,197,,,,,,,,,,,
01/27/2017,EFFR,0.66,0.64,0.66,0.67,0.78,77,0.5,0.75,,,,,,,,,
01/27/2017,OBFR,0.66,0.45,0.66,0.67,0.77,194,,,,,,,,,,,
01/26/2017,EFFR,0.66,0.64,0.66,0.67,0.78,80,0.5,0.75,,,,,,,,,
01/26/2017,OBFR,0.66,0.5,0.66,0.67,0.77,199,,,,,,,,,,,
01/25/2017,EFFR,0.66,0.64,0.66,0.68,0.78,72,0.5,0.75,,,,,,,,,
01/25/2017,OBFR,0.66,0.5,0.66,0.67,0.77,194,,,,,,,,,,,
01/24/2017,EFFR,0.66,0.64,0.66,0.67,0.8,66,0.5,0.75,,,,,,,,,
01/24/2017,OBFR,0.66,0.15,0.66,0.67,0.77,189,,,,,,,,,,,
01/23/2017,EFFR,0.66,0.64,0.66,0.68,0.81,64,0.5,0.75,,,,,,,,,
01/23/2017,OBFR,0.66,0.5,0.66,0.68,0.77,185,,,,,,,,,,,
01/20/2017,EFFR,0.66,0.64,0.66,0.68,0.78,70,0.5,0.75,,,,,,,,,
01/20/2017,OBFR,0.66,0.5,0.66,0.67,0.77,176,,,,,,,,,,,
01/19/2017,EFFR,0.66,0.63,0.66,0.68,0.8,68,0.5,0.75,,,,,,,,,
01/19/2017,OBFR,0.66,0.45,0.66,0.67,0.77,177,,,,,,,,,,,
01/18/2017,EFFR,0.66,0.64,0.66,0.67,0.75,69,0.5,0.75,,,,,,,,,
01/18/2017,OBFR,0.66,0.5,0.66,0.67,0.77,177,,,,,,,,,,,
01/17/2017,EFFR,0.66,0.64,0.66,0.68,0.8,68,0.5,0.75,,,,,,,,,
01/17/2017,OBFR,0.66,0.5,0.66,0.67,0.77,183,,,,,,,,,,,
01/13/2017,EFFR,0.66,0.64,0.66,0.67,0.75,74,0.5,0.75,,,,,,,,,
01/13/2017,OBFR,0.66,0.45,0.66,0.67,0.77,179,,,,,,,,,,,
01/12/2017,EFFR,0.66,0.5,0.66,0.67,0.75,84,0.5,0.75,,,,,,,,,
01/12/2017,OBFR,0.66,0.5,0.66,0.67,0.77,200,,,,,,,,,,,
01/11/2017,EFFR,0.66,0.63,0.66,0.67,0.75,80,0.5,0.75,,,,,,,,,
01/11/2017,OBFR,0.66,0.5,0.66,0.67,0.77,195,,,,,,,,,,,
01/10/2017,EFFR,0.66,0.5,0.66,0.67,0.8,77,0.5,0.75,,,,,,,,,
01/10/2017,OBFR,0.66,0.5,0.66,0.67,0.77,197,,,,,,,,,,,
01/09/2017,EFFR,0.66,0.5,0.66,0.67,0.75,74,0.5,0.75,,,,,,,,,
01/09/2017,OBFR,0.66,0.5,0.66,0.67,0.77,188,,,,,,,,,,,
01/06/2017,EFFR,0.66,0.5,0.66,0.66,0.8,79,0.5,0.75,,,,,,,,,
01/06/2017,OBFR,0.66,0.5,0.66,0.67,0.77,191,,,,,,,,,,,
01/05/2017,EFFR,0.66,0.5,0.66,0.66,0.78,77,0.5,0.75,,,,,,,,,
01/05/2017,OBFR,0.66,0.5,0.66,0.67,0.77,181,,,,,,,,,,,
01/04/2017,EFFR,0.66,0.5,0.66,0.66,0.75,79,0.5,0.75,,,,,,,,,
01/04/2017,OBFR,0.66,0.5,0.66,0.67,0.77,188,,,,,,,,,,,
01/03/2017,EFFR,0.66,0.5,0.66,0.66,0.8,80,0.5,0.75,,,,,,,,,
01/03/2017,OBFR,0.66,0.5,0.66,0.67,0.77,167,,,,,,,,,,,
12/30/2016,EFFR,0.55,0.5,0.52,0.55,0.82,48,0.5,0.75,,,,,,,,,
12/30/2016,OBFR,0.55,0.45,0.52,0.55,1.3,122,,,,,,,,,,,
12/29/2016,EFFR,0.66,0.5,0.66,0.66,0.8,73,0.5,0.75,,,,,,,,,
12/29/2016,OBFR,0.66,0.5,0.66,0.67,0.77,167,,,,,,,,,,,
12/28/2016,EFFR,0.66,0.54,0.66,0.67,0.81,74,0.5,0.75,,,,,,,,,
12/28/2016,OBFR,0.66,0.5,0.66,0.67,0.77,172,,,,,,,,,,,
12/27/2016,EFFR,0.66,0.5,0.66,0.66,0.8,74,0.5,0.75,,,,,,,,,
12/27/2016,OBFR,0.66,0.5,0.66,0.67,0.77,173,,,,,,,,,,,
12/23/2016,EFFR,0.66,0.63,0.66,0.66,0.8,73,0.5,0.75,,,,,,,,,
12/23/2016,OBFR,0.66,0.15,0.66,0.67,0.75,167,,,,,,,,,,,
12/22/2016,EFFR,0.66,0.53,0.66,0.66,0.8,73,0.5,0.75,,,,,,,,,
12/22/2016,OBFR,0.66,0.5,0.66,0.67,0.75,173,,,,,,,,,,,
12/21/2016,EFFR,0.66,0.63,0.66,0.66,0.78,73,0.5,0.75,,,,,,,,,
12/21/2016,OBFR,0.66,0.5,0.66,0.67,0.75,169,,,,,,,,,,,
12/20/2016,EFFR,0.66,0.63,0.66,0.66,0.75,70,0.5,0.75,,,,,,,,,
12/20/2016,OBFR,0.66,0.5,0.66,0.67,0.75,175,,,,,,,,,,,
12/19/2016,EFFR,0.66,0.6,0.66,0.66,0.8,69,0.5,0.75,,,,,,,,,
12/19/2016,OBFR,0.66,0.5,0.66,0.67,0.75,171,,,,,,,,,,,
12/16/2016,EFFR,0.66,0.59,0.66,0.66,0.75,72,0.5,0.75,,,,,,,,,
12/16/2016,OBFR,0.66,0.5,0.66,0.66,0.75,184,,,,,,,,,,,
12/15/2016,EFFR,0.66,0.41,0.66,0.66,0.75,74,0.5,0.75,,,,,,,,,
12/15/2016,OBFR,0.66,0.41,0.66,0.66,0.75,170,,,,,,,,,,,
12/14/2016,EFFR,0.41,0.3,0.41,0.41,0.5,78,0.25,0.5,,,,,,,,,
12/14/2016,OBFR,0.41,0.3,0.41,0.42,0.5,187,,,,,,,,,,,
12/13/2016,EFFR,0.41,0.34,0.41,0.41,0.5,73,0.25,0.5,,,,,,,,,
12/13/2016,OBFR,0.41,0.3,0.41,0.42,0.5,176,,,,,,,,,,,
12/12/2016,EFFR,0.41,0.3,0.41,0.41,0.53,71,0.25,0.5,,,,,,,,,
12/12/2016,OBFR,0.41,0.3,0.41,0.42,0.5,181,,,,,,,,,,,
12/09/2016,EFFR,0.41,0.3,0.41,0.41,0.5,68,0.25,0.5,,,,,,,,,
12/09/2016,OBFR,0.41,0.3,0.41,0.41,0.5,171,,,,,,,,,,,
12/08/2016,EFFR,0.41,0.3,0.41,0.41,0.5,75,0.25,0.5,,,,,,,,,
12/08/2016,OBFR,0.41,0.3,0.41,0.41,0.52,173,,,,,,,,,,,
12/07/2016,EFFR,0.41,0.3,0.41,0.41,0.5,76,0.25,0.5,,,,,,,,,
12/07/2016,OBFR,0.41,0.3,0.41,0.41,0.5,181,,,,,,,,,,,
12/06/2016,EFFR,0.41,0.3,0.41,0.41,0.5,75,0.25,0.5,,,,,,,,,
12/06/2016,OBFR,0.41,0.3,0.41,0.41,0.5,183,,,,,,,,,,,
12/05/2016,EFFR,0.41,0.3,0.41,0.41,0.5,77,0.25,0.5,,,,,,,,,
12/05/2016,OBFR,0.41,0.3,0.41,0.41,0.5,185,,,,,,,,,,,
12/02/2016,EFFR,0.41,0.25,0.41,0.41,0.49,81,0.25,0.5,,,,,,,,,
12/02/2016,OBFR,0.41,0.25,0.41,0.41,0.5,179,,,,,,,,,,,
12/01/2016,EFFR,0.41,0.25,0.41,0.41,0.5,81,0.25,0.5,,,,,,,,,
12/01/2016,OBFR,0.41,0.25,0.41,0.41,0.5,173,,,,,,,,,,,
11/30/2016,EFFR,0.31,0.28,0.31,0.32,0.55,68,0.25,0.5,,,,,,,,,
11/30/2016,OBFR,0.31,0.28,0.31,0.32,0.5,166,,,,,,,,,,,
11/29/2016,EFFR,0.41,0.3,0.41,0.41,0.5,75,0.25,0.5,,,,,,,,,
11/29/2016,OBFR,0.41,0.3,0.41,0.41,0.5,181,,,,,,,,,,,
11/28/2016,EFFR,0.41,0.36,0.41,0.41,0.53,69,0.25,0.5,,,,,,,,,
11/28/2016,OBFR,0.41,0.3,0.41,0.42,0.5,178,,,,,,,,,,,
11/25/2016,EFFR,0.41,0.3,0.41,0.41,0.5,76,0.25,0.5,,,,,,,,,
11/25/2016,OBFR,0.41,0.25,0.41,0.41,0.5,182,,,,,,,,,,,
11/23/2016,EFFR,0.41,0.3,0.41,0.41,0.5,78,0.25,0.5,,,,,,,,,
11/23/2016,OBFR,0.41,0.05,0.41,0.41,0.55,184,,,,,,,,,,,
11/22/2016,EFFR,0.41,0.3,0.41,0.41,0.53,77,0.25,0.5,,,,,,,,,
11/22/2016,OBFR,0.41,0.3,0.41,0.41,0.5,177,,,,,,,,,,,
11/21/2016,EFFR,0.41,0.36,0.41,0.41,0.56,76,0.25,0.5,,,,,,,,,
11/21/2016,OBFR,0.41,0.3,0.41,0.41,0.5,185,,,,,,,,,,,
11/18/2016,EFFR,0.41,0.3,0.41,0.41,0.52,72,0.25,0.5,,,,,,,,,
11/18/2016,OBFR,0.41,0.3,0.41,0.41,0.5,178,,,,,,,,,,,
11/17/2016,EFFR,0.41,0.32,0.41,0.41,0.5,73,0.25,0.5,,,,,,,,,
11/17/2016,OBFR,0.41,0.3,0.4,0.41,0.5,172,,,,,,,,,,,
11/16/2016,EFFR,0.41,0.36,0.41,0.41,0.5,70,0.25,0.5,,,,,,,,,
11/16/2016,OBFR,0.41,0.3,0.41,0.42,0.49,180,,,,,,,,,,,
11/15/2016,EFFR,0.41,0.31,0.41,0.41,0.5,66,0.25,0.5,,,,,,,,,
11/15/2016,OBFR,0.41,0.3,0.4,0.41,0.49,174,,,,,,,,,,,
11/14/2016,EFFR,0.41,0.36,0.4,0.41,0.5,59,0.25,0.5,,,,,,,,,
11/14/2016,OBFR,0.41,0.28,0.4,0.41,0.5,167,,,,,,,,,,,
11/10/2016,EFFR,0.41,0.36,0.4,0.41,0.5,64,0.25,0.5,,,,,,,,,
11/10/2016,OBFR,0.41,0.26,0.4,0.41,0.5,141,,,,,,,,,,,1
11/09/2016,EFFR,0.41,0.3,0.4,0.41,0.5,65,0.25,0.5,,,,,,,,,
11/09/2016,OBFR,0.41,0.26,0.4,0.41,0.5,172,,,,,,,,,,,
11/08/2016,EFFR,0.41,0.36,0.4,0.41,0.5,61,0.25,0.5,,,,,,,,,
11/08/2016,OBFR,0.41,0.3,0.4,0.41,0.5,162,,,,,,,,,,,
11/07/2016,EFFR,0.41,0.36,0.4,0.41,0.5,62,0.25,0.5,,,,,,,,,
11/07/2016,OBFR,0.41,0.3,0.4,0.41,0.5,166,,,,,,,,,,,
11/04/2016,EFFR,0.41,0.3,0.4,0.41,0.5,65,0.25,0.5,,,,,,,,,
11/04/2016,OBFR,0.41,0.25,0.4,0.41,0.5,157,,,,,,,,,,,
11/03/2016,EFFR,0.41,0.36,0.4,0.41,0.5,63,0.25,0.5,,,,,,,,,
11/03/2016,OBFR,0.41,0.28,0.4,0.41,0.5,159,,,,,,,,,,,
11/02/2016,EFFR,0.41,0.3,0.4,0.41,0.5,67,0.25,0.5,,,,,,,,,
11/02/2016,OBFR,0.41,0.3,0.4,0.41,0.5,161,,,,,,,,,,,
11/01/2016,EFFR,0.41,0.3,0.4,0.41,0.5,63,0.25,0.5,,,,,,,,,
11/01/2016,OBFR,0.41,0.3,0.4,0.41,0.5,157,,,,,,,,,,,
10/31/2016,EFFR,0.31,0.25,0.3,0.32,0.5,61,0.25,0.5,,,,,,,,,
10/31/2016,OBFR,0.31,0.25,0.3,0.32,0.5,147,,,,,,,,,,,
10/28/2016,EFFR,0.41,0.3,0.4,0.41,0.5,67,0.25,0.5,,,,,,,,,
10/28/2016,OBFR,0.41,0.28,0.4,0.41,0.5,163,,,,,,,,,,,
10/27/2016,EFFR,0.41,0.26,0.4,0.41,0.5,65,0.25,0.5,,,,,,,,,
10/27/2016,OBFR,0.41,0.25,0.4,0.41,0.5,158,,,,,,,,,,,
10/26/2016,EFFR,0.41,0.26,0.4,0.41,0.5,66,0.25,0.5,,,,,,,,,
10/26/2016,OBFR,0.41,0.26,0.4,0.41,0.5,163,,,,,,,,,,,
10/25/2016,EFFR,0.41,0.34,0.4,0.41,0.5,73,0.25,0.5,,,,,,,,,
10/25/2016,OBFR,0.41,0.28,0.4,0.41,0.5,179,,,,,,,,,,,
10/24/2016,EFFR,0.41,0.26,0.4,0.41,0.55,65,0.25,0.5,,,,,,,,,
10/24/2016,OBFR,0.41,0.05,0.4,0.41,0.5,177,,,,,,,,,,,
10/21/2016,EFFR,0.41,0.26,0.4,0.41,0.55,70,0.25,0.5,,,,,,,,,
10/21/2016,OBFR,0.41,0.26,0.4,0.41,0.5,181,,,,,,,,,,,
10/20/2016,EFFR,0.41,0.26,0.4,0.41,0.5,70,0.25,0.5,,,,,,,,,
10/20/2016,OBFR,0.41,0.26,0.4,0.41,0.5,176,,,,,,,,,,,
10/19/2016,EFFR,0.41,0.26,0.4,0.41,0.5,66,0.25,0.5,,,,,,,,,
10/19/2016,OBFR,0.41,0.26,0.4,0.41,0.5,170,,,,,,,,,,,
10/18/2016,EFFR,0.41,0.26,0.4,0.41,0.5,67,0.25,0.5,,,,,,,,,
10/18/2016,OBFR,0.41,0.26,0.4,0.41,0.5,168,,,,,,,,,,,
10/17/2016,EFFR,0.41,0.26,0.4,0.41,0.5,62,0.25,0.5,,,,,,,,,
10/17/2016,OBFR,0.41,0.26,0.4,0.41,0.5,163,,,,,,,,,,,
10/14/2016,EFFR,0.41,0.36,0.4,0.41,0.5,66,0.25,0.5,,,,,,,,,
10/14/2016,OBFR,0.41,0.3,0.4,0.41,0.5,163,,,,,,,,,,,
10/13/2016,EFFR,0.41,0.26,0.4,0.41,0.5,67,0.25,0.5,,,,,,,,,
10/13/2016,OBFR,0.41,0.25,0.4,0.41,0.5,168,,,,,,,,,,,
10/12/2016,EFFR,0.41,0.26,0.4,0.41,0.5,70,0.25,0.5,,,,,,,,,
10/12/2016,OBFR,0.41,0.26,0.4,0.41,0.5,178,,,,,,,,,,,
10/11/2016,EFFR,0.41,0.3,0.4,0.41,0.55,63,0.25,0.5,,,,,,,,,
10/11/2016,OBFR,0.41,0.26,0.4,0.41,0.5,169,,,,,,,,,,,
10/07/2016,EFFR,0.4,0.26,0.4,0.41,0.5,66,0.25,0.5,,,,,,,,,
10/07/2016,OBFR,0.41,0.26,0.4,0.41,0.5,176,,,,,,,,,,,
10/06/2016,EFFR,0.4,0.26,0.4,0.41,0.5,65,0.25,0.5,,,,,,,,,
10/06/2016,OBFR,0.4,0.28,0.4,0.41,0.5,177,,,,,,,,,,,
10/05/2016,EFFR,0.4,0.26,0.4,0.41,0.5,63,0.25,0.5,,,,,,,,,
10/05/2016,OBFR,0.4,0.26,0.4,0.41,0.49,176,,,,,,,,,,,
10/04/2016,EFFR,0.4,0.26,0.4,0.41,0.5,61,0.25,0.5,,,,,,,,,
10/04/2016,OBFR,0.4,0.26,0.4,0.41,0.49,188,,,,,,,,,,,
10/03/2016,EFFR,0.4,0.26,0.4,0.41,0.5,66,0.25,0.5,,,,,,,,,
10/03/2016,OBFR,0.4,0.25,0.4,0.41,0.49,193,,,,,,,,,,,
09/30/2016,EFFR,0.29,0.26,0.28,0.3,0.5,58,0.25,0.5,,,,,,,,,
09/30/2016,OBFR,0.29,0.25,0.28,0.3,0.5,142,,,,,,,,,,,
09/29/2016,EFFR,0.4,0.36,0.4,0.41,0.5,67,0.25,0.5,,,,,,,,,
09/29/2016,OBFR,0.4,0.25,0.4,0.41,0.49,197,,,,,,,,,,,
09/28/2016,EFFR,0.4,0.26,0.4,0.41,0.5,70,0.25,0.5,,,,,,,,,
09/28/2016,OBFR,0.4,0.25,0.4,0.41,0.5,205,,,,,,,,,,,
09/27/2016,EFFR,0.4,0.35,0.4,0.41,0.5,64,0.25,0.5,,,,,,,,,
09/27/2016,OBFR,0.4,0.25,0.4,0.41,0.49,186,,,,,,,,,,,
09/26/2016,EFFR,0.4,0.36,0.4,0.41,0.5,63,0.25,0.5,,,,,,,,,
09/26/2016,OBFR,0.4,0.25,0.4,0.41,0.49,213,,,,,,,,,,,
09/23/2016,EFFR,0.4,0.36,0.4,0.41,0.5,61,0.25,0.5,,,,,,,,,
09/23/2016,OBFR,0.4,0.05,0.4,0.41,0.49,222,,,,,,,,,,,
09/22/2016,EFFR,0.4,0.36,0.4,0.41,0.53,62,0.25,0.5,,,,,,,,,
09/22/2016,OBFR,0.4,0.27,0.4,0.41,0.49,226,,,,,,,,,,,
09/21/2016,EFFR,0.4,0.36,0.4,0.41,0.5,61,0.25,0.5,,,,,,,,,
09/21/2016,OBFR,0.4,0.3,0.4,0.41,0.49,221,,,,,,,,,,,
09/20/2016,EFFR,0.4,0.36,0.4,0.41,0.53,57,0.25,0.5,,,,,,,,,
09/20/2016,OBFR,0.4,0.25,0.4,0.41,0.49,232,,,,,,,,,,,
09/19/2016,EFFR,0.4,0.36,0.4,0.41,0.53,59,0.25,0.5,,,,,,,,,
09/19/2016,OBFR,0.4,0.27,0.4,0.41,0.49,230,,,,,,,,,,,
09/16/2016,EFFR,0.4,0.36,0.4,0.41,0.5,60,0.25,0.5,,,,,,,,,
09/16/2016,OBFR,0.4,0.25,0.4,0.41,0.49,231,,,,,,,,,,,
09/15/2016,EFFR,0.4,0.3,0.4,0.41,0.55,63,0.25,0.5,,,,,,,,,
09/15/2016,OBFR,0.4,0.26,0.4,0.41,0.49,233,,,,,,,,,,,
09/14/2016,EFFR,0.4,0.36,0.4,0.41,0.5,59,0.25,0.5,,,,,,,,,
09/14/2016,OBFR,0.4,0.3,0.4,0.41,0.49,224,,,,,,,,,,,
09/13/2016,EFFR,0.4,0.36,0.4,0.41,0.5,60,0.25,0.5,,,,,,,,,
09/13/2016,OBFR,0.4,0.27,0.4,0.41,0.49,229,,,,,,,,,,,
09/12/2016,EFFR,0.4,0.31,0.4,0.41,0.55,63,0.25,0.5,,,,,,,,,
09/12/2016,OBFR,0.4,0.3,0.4,0.41,0.49,243,,,,,,,,,,,
09/09/2016,EFFR,0.4,0.27,0.4,0.41,0.5,65,0.25,0.5,,,,,,,,,
09/09/2016,OBFR,0.4,0.27,0.4,0.41,0.47,228,,,,,,,,,,,
09/08/2016,EFFR,0.4,0.31,0.4,0.41,0.5,68,0.25,0.5,,,,,,,,,
09/08/2016,OBFR,0.4,0.27,0.4,0.41,0.49,248,,,,,,,,,,,
09/07/2016,EFFR,0.4,0.31,0.4,0.41,0.55,66,0.25,0.5,,,,,,,,,
09/07/2016,OBFR,0.4,0.28,0.4,0.41,0.49,244,,,,,,,,,,,
09/06/2016,EFFR,0.4,0.31,0.4,0.41,0.5,65,0.25,0.5,,,,,,,,,
09/06/2016,OBFR,0.4,0.3,0.4,0.41,0.49,233,,,,,,,,,,,
09/02/2016,EFFR,0.4,0.31,0.4,0.41,0.5,68,0.25,0.5,,,,,,,,,
09/02/2016,OBFR,0.4,0.27,0.4,0.41,0.49,224,,,,,,,,,,,
09/01/2016,EFFR,0.4,0.31,0.4,0.41,0.5,63,0.25,0.5,,,,,,,,,
09/01/2016,OBFR,0.4,0.27,0.4,0.41,0.49,227,,,,,,,,,,,
08/31/2016,EFFR,0.3,0.19,0.3,0.31,0.5,64,0.25,0.5,,,,,,,,,
08/31/2016,OBFR,0.3,0.25,0.3,0.31,0.49,244,,,,,,,,,,,
08/30/2016,EFFR,0.4,0.27,0.4,0.41,0.55,67,0.25,0.5,,,,,,,,,
08/30/2016,OBFR,0.4,0.27,0.4,0.41,0.49,250,,,,,,,,,,,
08/29/2016,EFFR,0.4,0.27,0.4,0.41,0.53,70,0.25,0.5,,,,,,,,,
08/29/2016,OBFR,0.4,0.27,0.4,0.41,0.49,258,,,,,,,,,,,
08/26/2016,EFFR,0.4,0.27,0.4,0.41,0.5,74,0.25,0.5,,,,,,,,,
08/26/2016,OBFR,0.4,0.27,0.4,0.41,0.49,254,,,,,,,,,,,
08/25/2016,EFFR,0.4,0.27,0.4,0.41,0.55,67,0.25,0.5,,,,,,,,,
08/25/2016,OBFR,0.4,0.27,0.4,0.41,0.48,257,,,,,,,,,,,
08/24/2016,EFFR,0.4,0.31,0.4,0.41,0.55,64,0.25,0.5,,,,,,,,,
08/24/2016,OBFR,0.4,0.19,0.4,0.41,0.48,251,,,,,,,,,,,
08/23/2016,EFFR,0.4,0.36,0.4,0.41,0.53,69,0.25,0.5,,,,,,,,,
08/23/2016,OBFR,0.4,0.27,0.4,0.41,0.48,254,,,,,,,,,,,
08/22/2016,EFFR,0.4,0.36,0.4,0.41,0.56,60,0.25,0.5,,,,,,,,,
08/22/2016,OBFR,0.4,0.27,0.4,0.41,0.48,248,,,,,,,,,,,
08/19/2016,EFFR,0.4,0.3,0.4,0.41,0.53,61,0.25,0.5,,,,,,,,,
08/19/2016,OBFR,0.4,0.25,0.4,0.41,0.48,245,,,,,,,,,,,
08/18/2016,EFFR,0.4,0.3,0.4,0.41,0.5,64,0.25,0.5,,,,,,,,,
08/18/2016,OBFR,0.4,0.27,0.4,0.41,0.47,239,,,,,,,,,,,
08/17/2016,EFFR,0.4,0.3,0.4,0.41,0.5,64,0.25,0.5,,,,,,,,,
08/17/2016,OBFR,0.4,0.27,0.4,0.41,0.46,250,,,,,,,,,,,
08/16/2016,EFFR,0.4,0.27,0.4,0.41,0.5,64,0.25,0.5,,,,,,,,,
08/16/2016,OBFR,0.4,0.27,0.4,0.41,0.48,243,,,,,,,,,,,
08/15/2016,EFFR,0.4,0.3,0.4,0.41,0.5,67,0.25,0.5,,,,,,,,,
08/15/2016,OBFR,0.4,0.27,0.4,0.41,0.46,243,,,,,,,,,,,
08/12/2016,EFFR,0.4,0.3,0.4,0.41,0.5,63,0.25,0.5,,,,,,,,,
08/12/2016,OBFR,0.4,0.27,0.4,0.41,0.45,241,,,,,,,,,,,
08/11/2016,EFFR,0.4,0.31,0.4,0.41,0.5,64,0.25,0.5,,,,,,,,,
08/11/2016,OBFR,0.4,0.27,0.4,0.41,0.48,237,,,,,,,,,,,
08/10/2016,EFFR,0.4,0.3,0.4,0.41,0.5,61,0.25,0.5,,,,,,,,,
08/10/2016,OBFR,0.4,0.27,0.4,0.41,0.46,246,,,,,,,,,,,
08/09/2016,EFFR,0.4,0.27,0.4,0.41,0.5,67,0.25,0.5,,,,,,,,,
08/09/2016,OBFR,0.4,0.27,0.4,0.41,0.48,252,,,,,,,,,,,
08/08/2016,EFFR,0.4,0.36,0.4,0.41,0.53,67,0.25,0.5,,,,,,,,,
08/08/2016,OBFR,0.4,0.27,0.4,0.41,0.48,259,,,,,,,,,,,
08/05/2016,EFFR,0.4,0.38,0.4,0.41,0.51,66,0.25,0.5,,,,,,,,,
08/05/2016,OBFR,0.4,0.27,0.4,0.41,0.48,257,,,,,,,,,,,
08/04/2016,EFFR,0.4,0.27,0.4,0.41,0.5,70,0.25,0.5,,,,,,,,,
08/04/2016,OBFR,0.4,0.27,0.4,0.41,0.48,264,,,,,,,,,,,
08/03/2016,EFFR,0.4,0.31,0.4,0.41,0.5,69,0.25,0.5,,,,,,,,,
08/03/2016,OBFR,0.4,0.27,0.4,0.41,0.48,266,,,,,,,,,,,
08/02/2016,EFFR,0.4,0.32,0.4,0.41,0.5,63,0.25,0.5,,,,,,,,,
08/02/2016,OBFR,0.4,0.27,0.4,0.41,0.46,258,,,,,,,,,,,
08/01/2016,EFFR,0.4,0.31,0.4,0.41,0.53,69,0.25,0.5,,,,,,,,,
08/01/2016,OBFR,0.4,0.27,0.4,0.41,0.48,247,,,,,,,,,,,
07/29/2016,EFFR,0.3,0.2,0.3,0.31,0.56,62,0.25,0.5,,,,,,,,,
07/29/2016,OBFR,0.3,0.2,0.3,0.31,0.52,252,,,,,,,,,,,
07/28/2016,EFFR,0.4,0.27,0.4,0.41,0.56,63,0.25,0.5,,,,,,,,,
07/28/2016,OBFR,0.4,0.27,0.4,0.41,0.48,254,,,,,,,,,,,
07/27/2016,EFFR,0.4,0.33,0.4,0.41,0.56,64,0.25,0.5,,,,,,,,,
07/27/2016,OBFR,0.4,0.27,0.4,0.41,0.48,254,,,,,,,,,,,
07/26/2016,EFFR,0.4,0.35,0.4,0.41,0.56,69,0.25,0.5,,,,,,,,,
07/26/2016,OBFR,0.4,0.27,0.4,0.41,0.48,268,,,,,,,,,,,
07/25/2016,EFFR,0.4,0.35,0.4,0.41,0.56,70,0.25,0.5,,,,,,,,,
07/25/2016,OBFR,0.4,0.25,0.4,0.41,0.48,267,,,,,,,,,,,
07/22/2016,EFFR,0.4,0.35,0.4,0.41,0.55,72,0.25,0.5,,,,,,,,,
07/22/2016,OBFR,0.4,0.05,0.4,0.41,0.48,249,,,,,,,,,,,
07/21/2016,EFFR,0.4,0.35,0.4,0.41,0.56,72,0.25,0.5,,,,,,,,,
07/21/2016,OBFR,0.4,0.28,0.4,0.41,0.48,254,,,,,,,,,,,
07/20/2016,EFFR,0.4,0.38,0.4,0.41,0.5,70,0.25,0.5,,,,,,,,,
07/20/2016,OBFR,0.4,0.3,0.4,0.41,0.46,254,,,,,,,,,,,
07/19/2016,EFFR,0.4,0.34,0.4,0.41,0.5,74,0.25,0.5,,,,,,,,,
07/19/2016,OBFR,0.4,0.3,0.4,0.41,0.46,255,,,,,,,,,,,
07/18/2016,EFFR,0.4,0.35,0.4,0.41,0.55,65,0.25,0.5,,,,,,,,,
07/18/2016,OBFR,0.4,0.28,0.4,0.41,0.46,248,,,,,,,,,,,
07/15/2016,EFFR,0.4,0.33,0.4,0.41,0.5,71,0.25,0.5,,,,,,,,,
07/15/2016,OBFR,0.4,0.27,0.4,0.41,0.45,256,,,,,,,,,,,
07/14/2016,EFFR,0.4,0.34,0.4,0.41,0.56,62,0.25,0.5,,,,,,,,,
07/14/2016,OBFR,0.4,0.27,0.4,0.41,0.46,250,,,,,,,,,,,
07/13/2016,EFFR,0.4,0.38,0.4,0.41,0.51,64,0.25,0.5,,,,,,,,,
07/13/2016,OBFR,0.4,0.27,0.4,0.41,0.45,264,,,,,,,,,,,
07/12/2016,EFFR,0.4,0.36,0.4,0.41,0.56,63,0.25,0.5,,,,,,,,,
07/12/2016,OBFR,0.4,0.27,0.4,0.41,0.46,258,,,,,,,,,,,
07/11/2016,EFFR,0.4,0.38,0.4,0.41,0.56,65,0.25,0.5,,,,,,,,,
07/11/2016,OBFR,0.4,0.27,0.4,0.41,0.46,254,,,,,,,,,,,
07/08/2016,EFFR,0.4,0.37,0.4,0.41,0.55,67,0.25,0.5,,,,,,,,,
07/08/2016,OBFR,0.4,0.25,0.4,0.41,0.45,244,,,,,,,,,,,
07/07/2016,EFFR,0.4,0.37,0.4,0.41,0.56,68,0.25,0.5,,,,,,,,,
07/07/2016,OBFR,0.4,0.27,0.4,0.41,0.46,245,,,,,,,,,,,
07/06/2016,EFFR,0.4,0.37,0.4,0.41,0.55,68,0.25,0.5,,,,,,,,,
07/06/2016,OBFR,0.4,0.25,0.4,0.41,0.45,231,,,,,,,,,,,
07/05/2016,EFFR,0.4,0.38,0.4,0.41,0.75,72,0.25,0.5,,,,,,,,,
07/05/2016,OBFR,0.4,0.3,0.4,0.41,0.47,273,,,,,,,,,,,
07/01/2016,EFFR,0.41,0.3,0.4,0.41,0.56,68,0.25,0.5,,,,,,,,,
07/01/2016,OBFR,0.41,0.25,0.4,0.41,0.46,235,,,,,,,,,,,
06/30/2016,EFFR,0.3,0.25,0.29,0.32,0.56,46,0.25,0.5,,,,,,,,,
06/30/2016,OBFR,0.3,0.2,0.3,0.32,0.47,159,,,,,,,,,,,
06/29/2016,EFFR,0.41,0.39,0.4,0.42,0.56,63,0.25,0.5,,,,,,,,,
06/29/2016,OBFR,0.41,0.25,0.4,0.42,0.47,249,,,,,,,,,,,
06/28/2016,EFFR,0.41,0.39,0.4,0.42,0.56,66,0.25,0.5,,,,,,,,,
06/28/2016,OBFR,0.41,0.28,0.4,0.42,0.47,242,,,,,,,,,,,
06/27/2016,EFFR,0.41,0.38,0.4,0.42,0.56,66,0.25,0.5,,,,,,,,,
06/27/2016,OBFR,0.41,0.27,0.4,0.42,0.47,239,,,,,,,,,,,
06/24/2016,EFFR,0.4,0.38,0.4,0.42,0.56,70,0.25,0.5,,,,,,,,,
06/24/2016,OBFR,0.4,0.05,0.4,0.42,0.47,248,,,,,,,,,,,
06/23/2016,EFFR,0.39,0.37,0.39,0.39,0.56,71,0.25,0.5,,,,,,,,,
06/23/2016,OBFR,0.39,0.27,0.39,0.4,0.47,244,,,,,,,,,,,
06/22/2016,EFFR,0.38,0.36,0.38,0.39,0.56,71,0.25,0.5,,,,,,,,,
06/22/2016,OBFR,0.38,0.27,0.38,0.39,0.47,250,,,,,,,,,,,
06/21/2016,EFFR,0.38,0.37,0.38,0.39,0.56,68,0.25,0.5,,,,,,,,,
06/21/2016,OBFR,0.38,0.27,0.38,0.39,0.45,258,,,,,,,,,,,
06/20/2016,EFFR,0.38,0.36,0.38,0.39,0.56,70,0.25,0.5,,,,,,,,,
06/20/2016,OBFR,0.38,0.27,0.38,0.38,0.47,248,,,,,,,,,,,
06/17/2016,EFFR,0.38,0.36,0.38,0.38,0.53,73,0.25,0.5,,,,,,,,,
06/17/2016,OBFR,0.38,0.28,0.38,0.38,0.46,247,,,,,,,,,,,
06/16/2016,EFFR,0.38,0.36,0.37,0.38,0.56,72,0.25,0.5,,,,,,,,,
06/16/2016,OBFR,0.38,0.28,0.38,0.38,0.48,255,,,,,,,,,,,
06/15/2016,EFFR,0.37,0.36,0.37,0.38,0.56,69,0.25,0.5,,,,,,,,,
06/15/2016,OBFR,0.38,0.28,0.37,0.38,0.45,241,,,,,,,,,,,
06/14/2016,EFFR,0.37,0.36,0.37,0.38,0.55,68,0.25,0.5,,,,,,,,,
06/14/2016,OBFR,0.37,0.29,0.37,0.38,0.46,257,,,,,,,,,,,
06/13/2016,EFFR,0.37,0.36,0.37,0.38,0.54,66,0.25,0.5,,,,,,,,,
06/13/2016,OBFR,0.37,0.3,0.37,0.38,0.45,285,,,,,,,,,,,
06/10/2016,EFFR,0.37,0.36,0.37,0.38,0.52,72,0.25,0.5,,,,,,,,,
06/10/2016,OBFR,0.37,0.3,0.37,0.38,0.45,284,,,,,,,,,,,
06/09/2016,EFFR,0.37,0.31,0.37,0.38,0.54,75,0.25,0.5,,,,,,,,,
06/09/2016,OBFR,0.37,0.3,0.37,0.38,0.45,293,,,,,,,,,,,
06/08/2016,EFFR,0.37,0.36,0.37,0.38,0.54,75,0.25,0.5,,,,,,,,,
06/08/2016,OBFR,0.37,0.3,0.37,0.38,0.45,293,,,,,,,,,,,
06/07/2016,EFFR,0.37,0.36,0.37,0.38,0.55,71,0.25,0.5,,,,,,,,,
06/07/2016,OBFR,0.37,0.29,0.37,0.38,0.46,296,,,,,,,,,,,
06/06/2016,EFFR,0.37,0.36,0.37,0.38,0.54,70,0.25,0.5,,,,,,,,,
06/06/2016,OBFR,0.37,0.29,0.37,0.38,0.45,291,,,,,,,,,,,
06/03/2016,EFFR,0.37,0.35,0.37,0.38,0.5,69,0.25,0.5,,,,,,,,,
06/03/2016,OBFR,0.37,0.28,0.37,0.38,0.45,295,,,,,,,,,,,
06/02/2016,EFFR,0.37,0.36,0.37,0.38,0.53,70,0.25,0.5,,,,,,,,,
06/02/2016,OBFR,0.37,0.29,0.37,0.38,0.45,302,,,,,,,,,,,
06/01/2016,EFFR,0.37,0.36,0.37,0.38,0.53,67,0.25,0.5,,,,,,,,,
06/01/2016,OBFR,0.37,0.29,0.37,0.38,0.45,305,,,,,,,,,,,
05/31/2016,EFFR,0.29,0.26,0.28,0.3,0.56,58,0.25,0.5,,,,,,,,,
05/31/2016,OBFR,0.29,0.26,0.28,0.3,0.45,284,,,,,,,,,,,
05/27/2016,EFFR,0.37,0.36,0.37,0.38,0.56,69,0.25,0.5,,,,,,,,,
05/27/2016,OBFR,0.37,0.29,0.37,0.38,0.45,308,,,,,,,,,,,
05/26/2016,EFFR,0.37,0.36,0.37,0.38,0.56,68,0.25,0.5,,,,,,,,,
05/26/2016,OBFR,0.37,0.3,0.37,0.38,0.43,318,,,,,,,,,,,
05/25/2016,EFFR,0.37,0.35,0.37,0.38,0.5,70,0.25,0.5,,,,,,,,,
05/25/2016,OBFR,0.37,0.29,0.37,0.38,0.43,307,,,,,,,,,,,
05/24/2016,EFFR,0.37,0.36,0.37,0.38,0.56,65,0.25,0.5,,,,,,,,,
05/24/2016,OBFR,0.37,0.2,0.37,0.38,0.44,321,,,,,,,,,,,
05/23/2016,EFFR,0.37,0.36,0.37,0.38,0.56,66,0.25,0.5,,,,,,,,,
05/23/2016,OBFR,0.37,0.31,0.37,0.38,0.44,313,,,,,,,,,,,
05/20/2016,EFFR,0.37,0.36,0.37,0.38,0.56,70,0.25,0.5,,,,,,,,,
05/20/2016,OBFR,0.37,0.29,0.37,0.38,0.44,309,,,,,,,,,,,
05/19/2016,EFFR,0.37,0.34,0.37,0.38,0.56,64,0.25,0.5,,,,,,,,,
05/19/2016,OBFR,0.37,0.3,0.37,0.38,0.44,309,,,,,,,,,,,
05/18/2016,EFFR,0.37,0.36,0.37,0.38,0.55,59,0.25,0.5,,,,,,,,,
05/18/2016,OBFR,0.37,0.15,0.37,0.38,0.43,301,,,,,,,,,,,
05/17/2016,EFFR,0.37,0.36,0.37,0.38,0.56,62,0.25,0.5,,,,,,,,,
05/17/2016,OBFR,0.37,0.25,0.37,0.38,0.44,293,,,,,,,,,,,
05/16/2016,EFFR,0.37,0.36,0.37,0.38,0.56,61,0.25,0.5,,,,,,,,,
05/16/2016,OBFR,0.37,0.29,0.37,0.38,0.44,290,,,,,,,,,,,
05/13/2016,EFFR,0.37,0.36,0.37,0.38,0.56,61,0.25,0.5,,,,,,,,,
05/13/2016,OBFR,0.37,0.29,0.37,0.38,0.44,268,,,,,,,,,,,
05/12/2016,EFFR,0.37,0.36,0.37,0.38,0.55,61,0.25,0.5,,,,,,,,,
05/12/2016,OBFR,0.37,0.29,0.37,0.38,0.44,292,,,,,,,,,,,
05/11/2016,EFFR,0.37,0.36,0.37,0.38,0.55,63,0.25,0.5,,,,,,,,,
05/11/2016,OBFR,0.37,0.29,0.37,0.38,0.43,287,,,,,,,,,,,
05/10/2016,EFFR,0.37,0.36,0.37,0.38,0.53,63,0.25,0.5,,,,,,,,,
05/10/2016,OBFR,0.37,0.29,0.37,0.38,0.43,292,,,,,,,,,,,
05/09/2016,EFFR,0.37,0.35,0.37,0.38,0.56,62,0.25,0.5,,,,,,,,,
05/09/2016,OBFR,0.37,0.29,0.37,0.37,0.44,296,,,,,,,,,,,
05/06/2016,EFFR,0.37,0.36,0.37,0.38,0.56,64,0.25,0.5,,,,,,,,,
05/06/2016,OBFR,0.37,0.29,0.37,0.37,0.44,294,,,,,,,,,,,
05/05/2016,EFFR,0.37,0.36,0.37,0.38,0.56,60,0.25,0.5,,,,,,,,,
05/05/2016,OBFR,0.37,0.29,0.37,0.37,0.44,292,,,,,,,,,,,
05/04/2016,EFFR,0.37,0.36,0.37,0.38,0.56,62,0.25,0.5,,,,,,,,,
05/04/2016,OBFR,0.37,0.28,0.37,0.37,0.44,267,,,,,,,,,,,
05/03/2016,EFFR,0.37,0.36,0.37,0.38,0.56,61,0.25,0.5,,,,,,,,,
05/03/2016,OBFR,0.37,0.29,0.37,0.37,0.47,296,,,,,,,,,,,
05/02/2016,EFFR,0.37,0.33,0.37,0.37,0.56,59,0.25,0.5,,,,,,,,,
05/02/2016,OBFR,0.37,0.28,0.37,0.37,0.44,280,,,,,,,,,,,
04/29/2016,EFFR,0.3,0.27,0.29,0.3,0.56,58,0.25,0.5,,,,,,,,,
04/29/2016,OBFR,0.3,0.27,0.29,0.3,0.44,290,,,,,,,,,,,
04/28/2016,EFFR,0.37,0.36,0.37,0.38,0.56,62,0.25,0.5,,,,,,,,,
04/28/2016,OBFR,0.37,0.29,0.37,0.37,0.46,302,,,,,,,,,,,
04/27/2016,EFFR,0.37,0.36,0.37,0.37,0.56,63,0.25,0.5,,,,,,,,,
04/27/2016,OBFR,0.37,0.28,0.37,0.37,0.44,294,,,,,,,,,,,
04/26/2016,EFFR,0.37,0.35,0.37,0.37,0.56,54,0.25,0.5,,,,,,,,,
04/26/2016,OBFR,0.37,0.25,0.37,0.37,0.46,273,,,,,,,,,,,
04/25/2016,EFFR,0.37,0.36,0.37,0.37,0.56,59,0.25,0.5,,,,,,,,,
04/25/2016,OBFR,0.37,0.25,0.37,0.37,0.46,279,,,,,,,,,,,
04/22/2016,EFFR,0.37,0.36,0.37,0.37,0.56,59,0.25,0.5,,,,,,,,,
04/22/2016,OBFR,0.37,0.05,0.37,0.37,0.44,289,,,,,,,,,,,
04/21/2016,EFFR,0.37,0.36,0.37,0.37,0.56,65,0.25,0.5,,,,,,,,,
04/21/2016,OBFR,0.37,0.25,0.37,0.37,0.44,299,,,,,,,,,,,
04/20/2016,EFFR,0.37,0.33,0.37,0.37,0.56,62,0.25,0.5,,,,,,,,,
04/20/2016,OBFR,0.37,0.28,0.37,0.37,0.45,282,,,,,,,,,,,
04/19/2016,EFFR,0.37,0.36,0.37,0.37,0.56,66,0.25,0.5,,,,,,,,,
04/19/2016,OBFR,0.37,0.29,0.37,0.37,0.45,290,,,,,,,,,,,
04/18/2016,EFFR,0.37,0.36,0.37,0.37,0.56,69,0.25,0.5,,,,,,,,,
04/18/2016,OBFR,0.37,0.29,0.37,0.37,0.44,283,,,,,,,,,,,
04/15/2016,EFFR,0.37,0.36,0.37,0.38,0.5,70,0.25,0.5,,,,,,,,,
04/15/2016,OBFR,0.37,0.2,0.37,0.37,0.43,277,,,,,,,,,,,
04/14/2016,EFFR,0.37,0.35,0.37,0.37,0.56,71,0.25,0.5,,,,,,,,,
04/14/2016,OBFR,0.37,0.29,0.37,0.37,0.43,278,,,,,,,,,,,
04/13/2016,EFFR,0.37,0.33,0.36,0.37,0.53,73,0.25,0.5,,,,,,,,,
04/13/2016,OBFR,0.37,0.15,0.37,0.37,0.43,289,,,,,,,,,,,
04/12/2016,EFFR,0.37,0.35,0.36,0.37,0.5,74,0.25,0.5,,,,,,,,,
04/12/2016,OBFR,0.37,0.29,0.37,0.37,0.43,300,,,,,,,,,,,
04/11/2016,EFFR,0.37,0.35,0.36,0.37,0.5,72,0.25,0.5,,,,,,,,,
04/11/2016,OBFR,0.37,0.29,0.37,0.37,0.43,298,,,,,,,,,,,
04/08/2016,EFFR,0.37,0.33,0.36,0.37,0.53,74,0.25,0.5,,,,,,,,,
04/08/2016,OBFR,0.37,0.27,0.37,0.37,0.43,293,,,,,,,,,,,
04/07/2016,EFFR,0.37,0.35,0.36,0.37,0.53,79,0.25,0.5,,,,,,,,,
04/07/2016,OBFR,0.37,0.29,0.37,0.37,0.44,294,,,,,,,,,,,
04/06/2016,EFFR,0.37,0.35,0.36,0.37,0.55,76,0.25,0.5,,,,,,,,,
04/06/2016,OBFR,0.37,0.25,0.37,0.37,0.44,292,,,,,,,,,,,
04/05/2016,EFFR,0.37,0.35,0.36,0.37,0.55,77,0.25,0.5,,,,,,,,,
04/05/2016,OBFR,0.37,0.28,0.37,0.37,0.43,291,,,,,,,,,,,
04/04/2016,EFFR,0.37,0.35,0.36,0.37,0.55,74,0.25,0.5,,,,,,,,,
04/04/2016,OBFR,0.37,0.28,0.37,0.37,0.43,294,,,,,,,,,,,
04/01/2016,EFFR,0.37,0.34,0.36,0.37,0.55,72,0.25,0.5,,,,,,,,,
04/01/2016,OBFR,0.37,0.25,0.37,0.37,0.44,292,,,,,,,,,,,
03/31/2016,EFFR,0.25,0.2,0.25,0.26,0.56,50,0.25,0.5,,,,,,,,,
03/31/2016,OBFR,0.25,0.15,0.25,0.27,0.55,181,,,,,,,,,,,
03/30/2016,EFFR,0.37,0.35,0.36,0.37,0.56,73,0.25,0.5,,,,,,,,,
03/30/2016,OBFR,0.37,0.25,0.37,0.37,0.48,301,,,,,,,,,,,
03/29/2016,EFFR,0.37,0.3,0.36,0.37,0.55,69,0.25,0.5,,,,,,,,,
03/29/2016,OBFR,0.37,0.25,0.37,0.37,0.43,295,,,,,,,,,,,
03/28/2016,EFFR,0.37,0.35,0.36,0.37,0.56,66,0.25,0.5,,,,,,,,,
03/28/2016,OBFR,0.37,0.25,0.37,0.37,0.44,297,,,,,,,,,,,
03/25/2016,EFFR,0.37,0.3,0.36,0.37,0.56,68,0.25,0.5,,,,,,,,,
03/25/2016,OBFR,0.37,0.01,0.36,0.37,0.55,96,,,,,,,,,,,
03/24/2016,EFFR,0.37,0.35,0.36,0.37,0.56,64,0.25,0.5,,,,,,,,,
03/24/2016,OBFR,0.37,0.24,0.36,0.38,0.55,94,,,,,,,,,,,
03/23/2016,EFFR,0.37,0.32,0.36,0.37,0.55,65,0.25,0.5,,,,,,,,,
03/23/2016,OBFR,0.37,0.25,0.37,0.37,0.43,295,,,,,,,,,,,
03/22/2016,EFFR,0.37,0.33,0.36,0.37,0.55,66,0.25,0.5,,,,,,,,,
03/22/2016,OBFR,0.37,0.25,0.37,0.37,0.43,310,,,,,,,,,,,
03/21/2016,EFFR,0.37,0.35,0.36,0.37,0.56,61,0.25,0.5,,,,,,,,,
03/21/2016,OBFR,0.37,0.15,0.36,0.37,0.43,305,,,,,,,,,,,
03/18/2016,EFFR,0.37,0.32,0.36,0.37,0.55,66,0.25,0.5,,,,,,,,,
03/18/2016,OBFR,0.37,0.15,0.36,0.37,0.43,299,,,,,,,,,,,
03/17/2016,EFFR,0.37,0.36,0.36,0.37,0.5,63,0.25,0.5,,,,,,,,,
03/17/2016,OBFR,0.37,0.15,0.36,0.37,0.42,306,,,,,,,,,,,
03/16/2016,EFFR,0.37,0.35,0.36,0.37,0.5,63,0.25,0.5,,,,,,,,,
03/16/2016,OBFR,0.37,0.28,0.36,0.37,0.42,299,,,,,,,,,,,
03/15/2016,EFFR,0.37,0.35,0.36,0.37,0.5,67,0.25,0.5,,,,,,,,,
03/15/2016,OBFR,0.37,0.29,0.36,0.37,0.42,302,,,,,,,,,,,
03/14/2016,EFFR,0.36,0.35,0.36,0.37,0.5,67,0.25,0.5,,,,,,,,,
03/14/2016,OBFR,0.37,0.25,0.36,0.37,0.43,304,,,,,,,,,,,
03/11/2016,EFFR,0.36,0.35,0.36,0.37,0.5,68,0.25,0.5,,,,,,,,,
03/11/2016,OBFR,0.37,0.25,0.36,0.37,0.43,314,,,,,,,,,,,
03/10/2016,EFFR,0.36,0.35,0.36,0.37,0.75,72,0.25,0.5,,,,,,,,,
03/10/2016,OBFR,0.37,0.25,0.36,0.37,0.43,331,,,,,,,,,,,
03/09/2016,EFFR,0.36,0.34,0.36,0.37,0.52,75,0.25,0.5,,,,,,,,,
03/09/2016,OBFR,0.37,0.25,0.36,0.37,0.43,322,,,,,,,,,,,
03/08/2016,EFFR,0.36,0.32,0.36,0.37,0.5,72,0.25,0.5,,,,,,,,,
03/08/2016,OBFR,0.37,0.25,0.36,0.37,0.42,327,,,,,,,,,,,
03/07/2016,EFFR,0.36,0.34,0.36,0.37,0.5,72,0.25,0.5,,,,,,,,,
03/07/2016,OBFR,0.37,0.15,0.36,0.37,0.43,320,,,,,,,,,,,
03/04/2016,EFFR,0.36,0.34,0.36,0.37,0.52,75,0.25,0.5,,,,,,,,,
03/04/2016,OBFR,0.37,0.25,0.36,0.37,0.43,325,,,,,,,,,,,
03/03/2016,EFFR,0.37,0.34,0.36,0.37,0.5,75,0.25,0.5,,,,,,,,,
03/03/2016,OBFR,0.37,0.15,0.36,0.37,0.42,326,,,,,,,,,,,
03/02/2016,EFFR,0.37,0.33,0.36,0.37,0.45,75,0.25,0.5,,,,,,,,,
03/02/2016,OBFR,0.37,0.29,0.36,0.37,0.42,333,,,,,,,,,,,
03/01/2016,EFFR,0.36,0.34,0.36,0.37,0.5,76,0.25,0.5,,,,,,,,,
03/01/2016,OBFR,0.37,0.29,0.36,0.37,0.42,324,,,,,,,,,,,
,,,,,,,,,,,,,,,,,,
